column_id,text,label
default_col_11,hello world,DEFAULT
default_col_11,foo_bar!,DEFAULT
default_col_11,alpha-beta,DEFAULT
default_col_11,测试数据A,DEFAULT
default_col_11,config value,DEFAULT
default_col_11,meta.info,DEFAULT
default_col_11,random_text?,DEFAULT
default_col_11,none!,DEFAULT
default_col_11,占位符,DEFAULT
default_col_11,debug-mode,DEFAULT
default_col_12,GET /api/test,DEFAULT
default_col_12,POST /login,DEFAULT
default_col_12,状态_OK,DEFAULT
default_col_12,user agent,DEFAULT
default_col_12,trace-id-xyz,DEFAULT
default_col_12,内部标识,DEFAULT
default_col_12,系统_参数,DEFAULT
default_col_12,hello?,DEFAULT
default_col_12,空 白,DEFAULT
default_col_12,flag=true,DEFAULT
default_col_13,参数A1,DEFAULT
default_col_13,参数-B2,DEFAULT
default_col_13,alpha beta,DEFAULT
default_col_13,gamma.delta,DEFAULT
default_col_13,测试_flag,DEFAULT
default_col_13,log-entry,DEFAULT
default_col_13,raw data,DEFAULT
default_col_13,system#1,DEFAULT
default_col_13,占位_data,DEFAULT
default_col_13,misc-item,DEFAULT
default_col_14,module A,DEFAULT
default_col_14,module_B,DEFAULT
default_col_14,内部-引用,DEFAULT
default_col_14,external ref,DEFAULT
default_col_14,build-version,DEFAULT
default_col_14,release candidate,DEFAULT
default_col_14,临时 标记,DEFAULT
default_col_14,test_mode!,DEFAULT
default_col_14,开发环境,DEFAULT
default_col_14,ref.code,DEFAULT
default_col_15,lorem ipsum,DEFAULT
default_col_15,string-value,DEFAULT
default_col_15,样本 数据,DEFAULT
default_col_15,placeholder!,DEFAULT
default_col_15,sample_data?,DEFAULT
default_col_15,meta 信息,DEFAULT
default_col_15,raw-input,DEFAULT
default_col_15,temp flag,DEFAULT
default_col_15,unknown?,DEFAULT
default_col_15,none_value,DEFAULT
default_col_16,key=value,DEFAULT
default_col_16,sys-log,DEFAULT
default_col_16,trace log,DEFAULT
default_col_16,error-log!,DEFAULT
default_col_16,info.log,DEFAULT
default_col_16,warning-log,DEFAULT
default_col_16,测试 文本,DEFAULT
default_col_16,alpha#beta,DEFAULT
default_col_16,misc data,DEFAULT
default_col_16,flag-true,DEFAULT
default_col_17,param 1,DEFAULT
default_col_17,param-2,DEFAULT
default_col_17,input data,DEFAULT
default_col_17,output-data,DEFAULT
default_col_17,response ok,DEFAULT
default_col_17,response-fail,DEFAULT
default_col_17,引用-编号,DEFAULT
default_col_17,temp store,DEFAULT
default_col_17,系统 参数,DEFAULT
default_col_17,占位 字符串,DEFAULT
default_col_18,item-alpha,DEFAULT
default_col_18,item beta,DEFAULT
default_col_18,item.gamma,DEFAULT
default_col_18,object ref,DEFAULT
default_col_18,data-ref,DEFAULT
default_col_18,cache entry,DEFAULT
default_col_18,cache-miss,DEFAULT
default_col_18,控制 标识,DEFAULT
default_col_18,misc-data,DEFAULT
default_col_18,raw payload,DEFAULT
default_col_19,flag enabled,DEFAULT
default_col_19,flag-disabled,DEFAULT
default_col_19,run state,DEFAULT
default_col_19,task-queue,DEFAULT
default_col_19,job worker,DEFAULT
default_col_19,async-mode,DEFAULT
default_col_19,线程 池,DEFAULT
default_col_19,worker-node,DEFAULT
default_col_19,测试 项,DEFAULT
default_col_19,temp-value,DEFAULT
default_col_20,meta config,DEFAULT
default_col_20,service-api,DEFAULT
default_col_20,component id,DEFAULT
default_col_20,node cluster,DEFAULT
default_col_20,cluster-main,DEFAULT
default_col_20,cluster backup,DEFAULT
default_col_20,env stage,DEFAULT
default_col_20,env-dev,DEFAULT
default_col_20,release version,DEFAULT
default_col_20,原始 数据,DEFAULT
default_col_21,null_value,DEFAULT
default_col_21,undefined,DEFAULT
default_col_21,--,DEFAULT
default_col_21,...,DEFAULT
default_col_21,待填写,DEFAULT
default_col_21,暂无,DEFAULT
default_col_21,其他,DEFAULT
default_col_21,见附件,DEFAULT
default_col_21,略,DEFAULT
default_col_22,id_001,DEFAULT
default_col_22,ref-123,DEFAULT
default_col_22,v2.0,DEFAULT
default_col_22,beta_test,DEFAULT
default_col_22,draft_01,DEFAULT
default_col_22,草稿,DEFAULT
default_col_22,版本v1,DEFAULT
default_col_22,备注信息,DEFAULT
default_col_22,说明文字,DEFAULT
default_col_22,自定义字段,DEFAULT
default_col_23,true,DEFAULT
default_col_23,false,DEFAULT
default_col_23,yes,DEFAULT
default_col_23,no,DEFAULT
default_col_23,1,DEFAULT
default_col_23,0,DEFAULT
default_col_23,on,DEFAULT
default_col_23,off,DEFAULT
default_col_23,是,DEFAULT
default_col_23,否,DEFAULT
default_col_24,A,DEFAULT
default_col_24,B,DEFAULT
default_col_24,X,DEFAULT
default_col_24,优,DEFAULT
default_col_24,良,DEFAULT
default_col_24,中,DEFAULT
default_col_24,差,DEFAULT
default_col_24,高,DEFAULT
default_col_24,低,DEFAULT
default_col_24,无,DEFAULT
default_col_25,2024Q1,DEFAULT
default_col_25,H1,DEFAULT
default_col_25,Q3,DEFAULT
default_col_25,批次A,DEFAULT
default_col_25,批次-001,DEFAULT
default_col_25,阶段1,DEFAULT
default_col_25,类型X,DEFAULT
default_col_25,分类-测试,DEFAULT
default_col_25,状态_进行中,DEFAULT
default_col_25,优先级P1,DEFAULT
system_code_col_1,C10001001,DEFAULT
system_code_col_2,C10001002,DEFAULT
system_code_col_3,C10001003,DEFAULT
system_code_col_4,C10001004,DEFAULT
system_code_col_5,C10001005,DEFAULT
system_code_col_6,C10001006,DEFAULT
system_code_col_7,C10001007,DEFAULT
system_code_col_8,C10001008,DEFAULT
system_code_col_9,C10001009,DEFAULT
system_code_col_10,C10001010,DEFAULT
default_col_26,foo_bar,DEFAULT
default_col_26,remark,DEFAULT
default_col_27,temp_001,DEFAULT
default_col_27,random_text,DEFAULT
default_col_28,description,DEFAULT
default_col_28,none,DEFAULT
default_col_30,memo,DEFAULT
default_col_31,sample_value,DEFAULT
default_col_33,batch_no,DEFAULT
default_col_38,row_count,DEFAULT
default_col_39,debug_item_283,DEFAULT
default_col_39,batch_no_284,DEFAULT
default_col_39,remark_285,DEFAULT
default_col_39,temp_data_286,DEFAULT
default_col_39,row_tag_287,DEFAULT
default_col_39,config_key_288,DEFAULT
default_col_39,meta_field_289,DEFAULT
default_col_39,sample_value_290,DEFAULT
default_col_39,debug_item_291,DEFAULT
default_col_39,batch_no_292,DEFAULT
default_col_40,remark_293,DEFAULT
default_col_40,temp_data_294,DEFAULT
default_col_40,row_tag_295,DEFAULT
default_col_40,config_key_296,DEFAULT
default_col_40,meta_field_297,DEFAULT
default_col_40,sample_value_298,DEFAULT
default_col_40,debug_item_299,DEFAULT
default_col_40,batch_no_300,DEFAULT
default_col_40,remark_301,DEFAULT
default_col_40,temp_data_302,DEFAULT
default_col_41,row_tag_303,DEFAULT
default_col_41,config_key_304,DEFAULT
default_col_41,meta_field_305,DEFAULT
default_col_41,sample_value_306,DEFAULT
default_col_41,debug_item_307,DEFAULT
default_col_41,batch_no_308,DEFAULT
default_col_41,remark_309,DEFAULT
default_col_41,temp_data_310,DEFAULT
default_col_41,row_tag_311,DEFAULT
default_col_41,config_key_312,DEFAULT
default_col_42,meta_field_313,DEFAULT
default_col_42,sample_value_314,DEFAULT
default_col_42,debug_item_315,DEFAULT
default_col_42,batch_no_316,DEFAULT
default_col_42,remark_317,DEFAULT
default_col_42,temp_data_318,DEFAULT
default_col_42,row_tag_319,DEFAULT
default_col_42,config_key_320,DEFAULT
default_col_42,meta_field_321,DEFAULT
default_col_42,sample_value_322,DEFAULT
default_col_43,debug_item_323,DEFAULT
default_col_43,batch_no_324,DEFAULT
default_col_43,remark_325,DEFAULT
default_col_43,temp_data_326,DEFAULT
default_col_43,row_tag_327,DEFAULT
default_col_43,config_key_328,DEFAULT
default_col_43,meta_field_329,DEFAULT
default_col_43,sample_value_330,DEFAULT
default_col_43,debug_item_331,DEFAULT
default_col_43,batch_no_332,DEFAULT
default_col_44,remark_333,DEFAULT
default_col_44,temp_data_334,DEFAULT
default_col_44,row_tag_335,DEFAULT
default_col_44,config_key_336,DEFAULT
default_col_44,meta_field_337,DEFAULT
default_col_44,sample_value_338,DEFAULT
default_col_44,debug_item_339,DEFAULT
default_col_44,batch_no_340,DEFAULT
default_col_44,remark_341,DEFAULT
default_col_44,temp_data_342,DEFAULT
default_col_45,row_tag_343,DEFAULT
default_col_45,config_key_344,DEFAULT
default_col_45,meta_field_345,DEFAULT
default_col_45,sample_value_346,DEFAULT
default_col_45,debug_item_347,DEFAULT
default_col_45,batch_no_348,DEFAULT
default_col_45,remark_349,DEFAULT
default_col_45,temp_data_350,DEFAULT
default_col_45,row_tag_351,DEFAULT
default_col_45,config_key_352,DEFAULT
default_col_46,meta_field_353,DEFAULT
default_col_46,sample_value_354,DEFAULT
default_col_46,debug_item_355,DEFAULT
default_col_46,batch_no_356,DEFAULT
default_col_46,remark_357,DEFAULT
default_col_46,temp_data_358,DEFAULT
default_col_46,row_tag_359,DEFAULT
default_col_46,config_key_360,DEFAULT
default_col_46,meta_field_361,DEFAULT
default_col_46,sample_value_362,DEFAULT
default_col_47,debug_item_363,DEFAULT
default_col_47,batch_no_364,DEFAULT
default_col_47,remark_365,DEFAULT
default_col_47,temp_data_366,DEFAULT
default_col_47,row_tag_367,DEFAULT
default_col_47,config_key_368,DEFAULT
default_col_47,meta_field_369,DEFAULT
default_col_47,sample_value_370,DEFAULT
default_col_47,debug_item_371,DEFAULT
default_col_47,batch_no_372,DEFAULT
default_col_48,remark_373,DEFAULT
default_col_48,temp_data_374,DEFAULT
default_col_48,row_tag_375,DEFAULT
default_col_48,config_key_376,DEFAULT
default_col_48,meta_field_377,DEFAULT
default_col_48,sample_value_378,DEFAULT
default_col_48,debug_item_379,DEFAULT
default_col_48,batch_no_380,DEFAULT
default_col_48,remark_381,DEFAULT
default_col_48,temp_data_382,DEFAULT
default_col_49,row_tag_383,DEFAULT
default_col_49,config_key_384,DEFAULT
default_col_49,meta_field_385,DEFAULT
default_col_49,sample_value_386,DEFAULT
default_col_49,debug_item_387,DEFAULT
default_col_49,batch_no_388,DEFAULT
default_col_49,remark_389,DEFAULT
default_col_49,temp_data_390,DEFAULT
default_col_49,row_tag_391,DEFAULT
default_col_49,config_key_392,DEFAULT
default_col_50,meta_field_393,DEFAULT
default_col_50,sample_value_394,DEFAULT
default_col_50,debug_item_395,DEFAULT
default_col_50,batch_no_396,DEFAULT
default_col_50,remark_397,DEFAULT
default_col_50,temp_data_398,DEFAULT
default_col_50,row_tag_399,DEFAULT
default_col_50,config_key_400,DEFAULT
default_col_50,meta_field_401,DEFAULT
default_col_50,sample_value_402,DEFAULT
default_col_51,debug_item_403,DEFAULT
default_col_51,batch_no_404,DEFAULT
default_col_51,remark_405,DEFAULT
default_col_51,temp_data_406,DEFAULT
default_col_51,row_tag_407,DEFAULT
default_col_51,config_key_408,DEFAULT
default_col_51,meta_field_409,DEFAULT
default_col_51,sample_value_410,DEFAULT
default_col_51,debug_item_411,DEFAULT
default_col_51,batch_no_412,DEFAULT
default_col_52,remark_413,DEFAULT
default_col_52,temp_data_414,DEFAULT
default_col_52,row_tag_415,DEFAULT
default_col_52,config_key_416,DEFAULT
default_col_52,meta_field_417,DEFAULT
default_col_52,sample_value_418,DEFAULT
default_col_52,debug_item_419,DEFAULT
default_col_52,batch_no_420,DEFAULT
default_col_52,remark_421,DEFAULT
default_col_52,temp_data_422,DEFAULT
default_col_53,row_tag_423,DEFAULT
default_col_53,config_key_424,DEFAULT
default_col_53,meta_field_425,DEFAULT
default_col_53,sample_value_426,DEFAULT
default_col_53,debug_item_427,DEFAULT
default_col_53,batch_no_428,DEFAULT
default_col_53,remark_429,DEFAULT
default_col_53,temp_data_430,DEFAULT
default_col_53,row_tag_431,DEFAULT
default_col_53,config_key_432,DEFAULT
default_col_54,meta_field_433,DEFAULT
default_col_54,sample_value_434,DEFAULT
default_col_54,debug_item_435,DEFAULT
default_col_54,batch_no_436,DEFAULT
default_col_54,remark_437,DEFAULT
default_col_54,temp_data_438,DEFAULT
default_col_54,row_tag_439,DEFAULT
default_col_54,config_key_440,DEFAULT
default_col_54,meta_field_441,DEFAULT
default_col_54,sample_value_442,DEFAULT
default_col_55,debug_item_443,DEFAULT
default_col_55,batch_no_444,DEFAULT
default_col_55,remark_445,DEFAULT
default_col_55,temp_data_446,DEFAULT
default_col_55,row_tag_447,DEFAULT
default_col_55,config_key_448,DEFAULT
default_col_55,meta_field_449,DEFAULT
default_col_55,sample_value_450,DEFAULT
default_col_55,debug_item_451,DEFAULT
default_col_55,batch_no_452,DEFAULT
default_col_56,remark_453,DEFAULT
default_col_56,temp_data_454,DEFAULT
default_col_56,row_tag_455,DEFAULT
default_col_56,config_key_456,DEFAULT
default_col_56,meta_field_457,DEFAULT
default_col_56,sample_value_458,DEFAULT
default_col_56,debug_item_459,DEFAULT
default_col_56,batch_no_460,DEFAULT
default_col_56,remark_461,DEFAULT
default_col_56,temp_data_462,DEFAULT
default_col_57,row_tag_463,DEFAULT
default_col_57,config_key_464,DEFAULT
default_col_57,meta_field_465,DEFAULT
default_col_57,sample_value_466,DEFAULT
default_col_57,debug_item_467,DEFAULT
default_col_57,batch_no_468,DEFAULT
default_col_57,remark_469,DEFAULT
default_col_57,temp_data_470,DEFAULT
default_col_57,row_tag_471,DEFAULT
default_col_57,config_key_472,DEFAULT
default_col_58,meta_field_473,DEFAULT
default_col_58,sample_value_474,DEFAULT
default_col_58,debug_item_475,DEFAULT
default_col_58,batch_no_476,DEFAULT
default_col_58,remark_477,DEFAULT
default_col_58,temp_data_478,DEFAULT
default_col_58,row_tag_479,DEFAULT
default_col_58,config_key_480,DEFAULT
default_col_58,meta_field_481,DEFAULT
default_col_58,sample_value_482,DEFAULT
default_col_59,debug_item_483,DEFAULT
default_col_59,batch_no_484,DEFAULT
default_col_59,remark_485,DEFAULT
default_col_59,temp_data_486,DEFAULT
default_col_59,row_tag_487,DEFAULT
default_col_59,config_key_488,DEFAULT
default_col_59,meta_field_489,DEFAULT
default_col_59,sample_value_490,DEFAULT
default_col_59,debug_item_491,DEFAULT
default_col_59,batch_no_492,DEFAULT
default_col_60,remark_493,DEFAULT
default_col_60,temp_data_494,DEFAULT
default_col_60,row_tag_495,DEFAULT
default_col_60,config_key_496,DEFAULT
default_col_60,meta_field_497,DEFAULT
default_col_60,sample_value_498,DEFAULT
default_col_60,debug_item_499,DEFAULT
default_col_60,batch_no_500,DEFAULT
default_col_60,remark_501,DEFAULT
default_col_60,temp_data_502,DEFAULT
default_col_61,row_tag_503,DEFAULT
default_col_61,config_key_504,DEFAULT
default_col_61,meta_field_505,DEFAULT
default_col_61,sample_value_506,DEFAULT
default_col_61,debug_item_507,DEFAULT
default_col_61,batch_no_508,DEFAULT
default_col_61,remark_509,DEFAULT
default_col_61,temp_data_510,DEFAULT
default_col_61,row_tag_511,DEFAULT
default_col_61,config_key_512,DEFAULT
default_col_62,meta_field_513,DEFAULT
default_col_62,sample_value_514,DEFAULT
default_col_62,debug_item_515,DEFAULT
default_col_62,batch_no_516,DEFAULT
default_col_62,remark_517,DEFAULT
default_col_62,temp_data_518,DEFAULT
default_col_62,row_tag_519,DEFAULT
default_col_62,config_key_520,DEFAULT
default_col_62,meta_field_521,DEFAULT
default_col_62,sample_value_522,DEFAULT
default_col_63,debug_item_523,DEFAULT
default_col_63,batch_no_524,DEFAULT
default_col_63,remark_525,DEFAULT
default_col_63,temp_data_526,DEFAULT
default_col_63,row_tag_527,DEFAULT
default_col_63,config_key_528,DEFAULT
default_col_63,meta_field_529,DEFAULT
default_col_63,sample_value_530,DEFAULT
default_col_63,debug_item_531,DEFAULT
default_col_63,batch_no_532,DEFAULT
default_col_64,remark_533,DEFAULT
default_col_64,temp_data_534,DEFAULT
default_col_64,row_tag_535,DEFAULT
default_col_64,config_key_536,DEFAULT
default_col_64,meta_field_537,DEFAULT
default_col_64,sample_value_538,DEFAULT
default_col_64,debug_item_539,DEFAULT
default_col_64,batch_no_540,DEFAULT
default_col_64,remark_541,DEFAULT
default_col_64,temp_data_542,DEFAULT
default_col_65,row_tag_543,DEFAULT
default_col_65,config_key_544,DEFAULT
default_col_65,meta_field_545,DEFAULT
default_col_65,sample_value_546,DEFAULT
default_col_65,debug_item_547,DEFAULT
default_col_65,batch_no_548,DEFAULT
default_col_65,remark_549,DEFAULT
default_col_65,temp_data_550,DEFAULT
default_col_65,row_tag_551,DEFAULT
default_col_65,config_key_552,DEFAULT
default_col_66,meta_field_553,DEFAULT
default_col_66,sample_value_554,DEFAULT
default_col_66,debug_item_555,DEFAULT
default_col_66,batch_no_556,DEFAULT
default_col_66,remark_557,DEFAULT
default_col_66,temp_data_558,DEFAULT
default_col_66,row_tag_559,DEFAULT
default_col_66,config_key_560,DEFAULT
default_col_66,meta_field_561,DEFAULT
default_col_66,sample_value_562,DEFAULT
default_col_67,debug_item_563,DEFAULT
default_col_67,batch_no_564,DEFAULT
default_col_67,remark_565,DEFAULT
default_col_67,temp_data_566,DEFAULT
default_col_67,row_tag_567,DEFAULT
default_col_67,config_key_568,DEFAULT
default_col_67,meta_field_569,DEFAULT
default_col_67,sample_value_570,DEFAULT
default_col_67,debug_item_571,DEFAULT
default_col_67,batch_no_572,DEFAULT
default_col_68,remark_573,DEFAULT
default_col_68,temp_data_574,DEFAULT
default_col_68,row_tag_575,DEFAULT
default_col_68,config_key_576,DEFAULT
default_col_68,meta_field_577,DEFAULT
default_col_68,sample_value_578,DEFAULT
default_col_68,debug_item_579,DEFAULT
default_col_68,batch_no_580,DEFAULT
default_col_68,remark_581,DEFAULT
default_col_68,temp_data_582,DEFAULT
default_col_69,row_tag_583,DEFAULT
default_col_69,config_key_584,DEFAULT
default_col_69,meta_field_585,DEFAULT
default_col_69,sample_value_586,DEFAULT
default_col_69,debug_item_587,DEFAULT
default_col_69,batch_no_588,DEFAULT
default_col_69,remark_589,DEFAULT
default_col_69,temp_data_590,DEFAULT
default_col_69,row_tag_591,DEFAULT
default_col_69,config_key_592,DEFAULT
default_col_70,meta_field_593,DEFAULT
default_col_70,sample_value_594,DEFAULT
default_col_70,debug_item_595,DEFAULT
default_col_70,batch_no_596,DEFAULT
default_col_70,remark_597,DEFAULT
default_col_70,temp_data_598,DEFAULT
default_col_70,row_tag_599,DEFAULT
default_col_70,config_key_600,DEFAULT
default_col_70,meta_field_601,DEFAULT
default_col_70,sample_value_602,DEFAULT
default_col_71,debug_item_603,DEFAULT
default_col_71,batch_no_604,DEFAULT
default_col_71,remark_605,DEFAULT
default_col_71,temp_data_606,DEFAULT
default_col_71,row_tag_607,DEFAULT
default_col_71,config_key_608,DEFAULT
default_col_71,meta_field_609,DEFAULT
default_col_71,sample_value_610,DEFAULT
default_col_71,debug_item_611,DEFAULT
default_col_71,batch_no_612,DEFAULT
default_col_72,remark_613,DEFAULT
default_col_72,temp_data_614,DEFAULT
default_col_72,row_tag_615,DEFAULT
default_col_72,config_key_616,DEFAULT
default_col_72,meta_field_617,DEFAULT
default_col_72,sample_value_618,DEFAULT
default_col_72,debug_item_619,DEFAULT
default_col_72,batch_no_620,DEFAULT
default_col_72,remark_621,DEFAULT
default_col_72,temp_data_622,DEFAULT
default_col_73,row_tag_623,DEFAULT
default_col_73,config_key_624,DEFAULT
default_col_73,meta_field_625,DEFAULT
default_col_73,sample_value_626,DEFAULT
default_col_73,debug_item_627,DEFAULT
default_col_73,batch_no_628,DEFAULT
default_col_73,remark_629,DEFAULT
default_col_73,temp_data_630,DEFAULT
default_col_73,row_tag_631,DEFAULT
default_col_73,config_key_632,DEFAULT
default_col_74,meta_field_633,DEFAULT
default_col_74,sample_value_634,DEFAULT
default_col_74,debug_item_635,DEFAULT
default_col_74,batch_no_636,DEFAULT
default_col_74,remark_637,DEFAULT
default_col_74,temp_data_638,DEFAULT
default_col_74,row_tag_639,DEFAULT
default_col_74,config_key_640,DEFAULT
default_col_74,meta_field_641,DEFAULT
default_col_74,sample_value_642,DEFAULT
default_col_75,debug_item_643,DEFAULT
default_col_75,batch_no_644,DEFAULT
default_col_75,remark_645,DEFAULT
default_col_75,temp_data_646,DEFAULT
default_col_75,row_tag_647,DEFAULT
default_col_75,config_key_648,DEFAULT
default_col_75,meta_field_649,DEFAULT
default_col_75,sample_value_650,DEFAULT
default_col_75,debug_item_651,DEFAULT
default_col_75,batch_no_652,DEFAULT
default_col_76,remark_653,DEFAULT
from_ACCOUNT_OPENING__ao_col_1,J12345678901234,DEFAULT
from_ACCOUNT_OPENING__ao_col_1,J98765432109876,DEFAULT
from_ACCOUNT_OPENING__ao_col_1,J44030012345678,DEFAULT
from_ACCOUNT_OPENING__ao_col_1,123456789012345,DEFAULT
from_ACCOUNT_OPENING__ao_col_1,2010-01-01,DEFAULT
from_ACCOUNT_OPENING__ao_col_1,not_account,DEFAULT
from_ACCOUNT_OPENING__ao_col_2,K11010512345678,DEFAULT
from_ACCOUNT_OPENING__ao_col_2,K32031112345678,DEFAULT
from_ACCOUNT_OPENING__ao_col_2,K44010612345678,DEFAULT
from_ACCOUNT_OPENING__ao_col_2,999999999999999,DEFAULT
from_ACCOUNT_OPENING__ao_col_2,粤B12345,DEFAULT
from_ACCOUNT_OPENING__ao_col_2,abcdefg,DEFAULT
from_ACCOUNT_OPENING__ao_col_3,L12345678901234,DEFAULT
from_ACCOUNT_OPENING__ao_col_3,L22345678901234,DEFAULT
from_ACCOUNT_OPENING__ao_col_3,L32345678901234,DEFAULT
from_ACCOUNT_OPENING__ao_col_3,110105199001011234,DEFAULT
from_ACCOUNT_OPENING__ao_col_3,192.168.1.1,DEFAULT
from_ACCOUNT_OPENING__ao_col_3,1234567,DEFAULT
from_ACCOUNT_OPENING__ao_col_4,M44030000000001,DEFAULT
from_ACCOUNT_OPENING__ao_col_4,M44030000000002,DEFAULT
from_ACCOUNT_OPENING__ao_col_4,M44030000000003,DEFAULT
from_ACCOUNT_OPENING__ao_col_4,1234567890,DEFAULT
from_ACCOUNT_OPENING__ao_col_4,http://test.com,DEFAULT
from_ACCOUNT_OPENING__ao_col_4,京A12345,DEFAULT
from_ACCOUNT_OPENING__ao_col_5,N12345000000001,DEFAULT
from_ACCOUNT_OPENING__ao_col_5,N12345000000002,DEFAULT
from_ACCOUNT_OPENING__ao_col_5,N12345000000003,DEFAULT
from_ACCOUNT_OPENING__ao_col_5,AAAAAAAAAAAAAAA,DEFAULT
from_ACCOUNT_OPENING__ao_col_5,000000000000000,DEFAULT
from_ACCOUNT_OPENING__ao_col_5,20230101,DEFAULT
from_ACCOUNT_OPENING__ao_col_6,P98765000000001,DEFAULT
from_ACCOUNT_OPENING__ao_col_6,P98765000000002,DEFAULT
from_ACCOUNT_OPENING__ao_col_6,P98765000000003,DEFAULT
from_ACCOUNT_OPENING__ao_col_6,111111111111111,DEFAULT
from_ACCOUNT_OPENING__ao_col_6,2023-01-01,DEFAULT
from_ACCOUNT_OPENING__ao_col_6,abc123,DEFAULT
from_ACCOUNT_OPENING__ao_col_7,Q44010600000001,DEFAULT
from_ACCOUNT_OPENING__ao_col_7,Q44010600000002,DEFAULT
from_ACCOUNT_OPENING__ao_col_7,Q44010600000003,DEFAULT
from_ACCOUNT_OPENING__ao_col_7,888888888888888,DEFAULT
from_ACCOUNT_OPENING__ao_col_7,沪C88888,DEFAULT
from_ACCOUNT_OPENING__ao_col_7,random,DEFAULT
from_ACCOUNT_OPENING__ao_col_8,R11010500000001,DEFAULT
from_ACCOUNT_OPENING__ao_col_8,R11010500000002,DEFAULT
from_ACCOUNT_OPENING__ao_col_8,R11010500000003,DEFAULT
from_ACCOUNT_OPENING__ao_col_8,600000,DEFAULT
from_ACCOUNT_OPENING__ao_col_8,2023-01-01 12:30:45,DEFAULT
from_ACCOUNT_OPENING__ao_col_8,123,DEFAULT
from_ACCOUNT_OPENING__ao_col_9,S12345012345012,DEFAULT
from_ACCOUNT_OPENING__ao_col_9,S22345012345013,DEFAULT
from_ACCOUNT_OPENING__ao_col_9,S32345012345014,DEFAULT
from_ACCOUNT_OPENING__ao_col_9,12345678901234,DEFAULT
from_ACCOUNT_OPENING__ao_col_9,abcdef123456789,DEFAULT
from_ACCOUNT_OPENING__ao_col_9,11010512345678,DEFAULT
from_ACCOUNT_OPENING__ao_col_10,T44030098765432,DEFAULT
from_ACCOUNT_OPENING__ao_col_10,T44030098765433,DEFAULT
from_ACCOUNT_OPENING__ao_col_10,T44030098765434,DEFAULT
from_ACCOUNT_OPENING__ao_col_10,192168001001001,DEFAULT
from_ACCOUNT_OPENING__ao_col_10,身份证号,DEFAULT
from_ACCOUNT_OPENING__ao_col_10,test@test.com,DEFAULT
from_ACCOUNT_OPENING__ao_col_11,U12345678900001,DEFAULT
from_ACCOUNT_OPENING__ao_col_11,U12345678900002,DEFAULT
from_ACCOUNT_OPENING__ao_col_11,U12345678900003,DEFAULT
from_ACCOUNT_OPENING__ao_col_11,123456789,DEFAULT
from_ACCOUNT_OPENING__ao_col_11,abcdefg12345678,DEFAULT
from_ACCOUNT_OPENING__ao_col_11,20240202,DEFAULT
from_ACCOUNT_OPENING__ao_col_12,V98765432100001,DEFAULT
from_ACCOUNT_OPENING__ao_col_12,V98765432100002,DEFAULT
from_ACCOUNT_OPENING__ao_col_12,V98765432100003,DEFAULT
from_ACCOUNT_OPENING__ao_col_12,00000000000000,DEFAULT
from_ACCOUNT_OPENING__ao_col_12,京A88888,DEFAULT
from_ACCOUNT_OPENING__ao_col_12,1234567890123,DEFAULT
from_ACCOUNT_OPENING__ao_col_13,W44030011111111,DEFAULT
from_ACCOUNT_OPENING__ao_col_13,W44030022222222,DEFAULT
from_ACCOUNT_OPENING__ao_col_13,W44030033333333,DEFAULT
from_ACCOUNT_OPENING__ao_col_13,not_valid,DEFAULT
from_ACCOUNT_OPENING__ao_col_13,2023/01/01,DEFAULT
from_ACCOUNT_OPENING__ao_col_14,X12345678912345,DEFAULT
from_ACCOUNT_OPENING__ao_col_14,X22345678912346,DEFAULT
from_ACCOUNT_OPENING__ao_col_14,X32345678912347,DEFAULT
from_ACCOUNT_OPENING__ao_col_14,abcdef,DEFAULT
from_ACCOUNT_OPENING__ao_col_14,沪A12345,DEFAULT
from_ACCOUNT_OPENING__ao_col_15,Y44010688888888,DEFAULT
from_ACCOUNT_OPENING__ao_col_15,Y44010699999999,DEFAULT
from_ACCOUNT_OPENING__ao_col_15,Y44010677777777,DEFAULT
from_ACCOUNT_OPENING__ao_col_15,123456,DEFAULT
from_ACCOUNT_OPENING__ao_col_15,http://abc.com,DEFAULT
from_ACCOUNT_OPENING__ao_col_16,Z12345098765432,DEFAULT
from_ACCOUNT_OPENING__ao_col_16,Z22345098765433,DEFAULT
from_ACCOUNT_OPENING__ao_col_16,Z32345098765434,DEFAULT
from_ACCOUNT_OPENING__ao_col_16,1234567890abcdef,DEFAULT
from_ACCOUNT_OPENING__ao_col_16,20230101123045,DEFAULT
from_ACCOUNT_OPENING__ao_col_17,A12345678999999,DEFAULT
from_ACCOUNT_OPENING__ao_col_17,A22345678999998,DEFAULT
from_ACCOUNT_OPENING__ao_col_17,A32345678999997,DEFAULT
from_ACCOUNT_OPENING__ao_col_17,1234567890123456,DEFAULT
from_ACCOUNT_OPENING__ao_col_17,粤A12345,DEFAULT
from_ACCOUNT_OPENING__ao_col_18,B44030055555555,DEFAULT
from_ACCOUNT_OPENING__ao_col_18,B44030044444444,DEFAULT
from_ACCOUNT_OPENING__ao_col_18,B44030033333333,DEFAULT
from_ACCOUNT_OPENING__ao_col_18,random_text,DEFAULT
from_ACCOUNT_OPENING__ao_col_18,88888888,DEFAULT
from_ACCOUNT_OPENING__ao_col_19,C11010522222222,DEFAULT
from_ACCOUNT_OPENING__ao_col_19,C11010533333333,DEFAULT
from_ACCOUNT_OPENING__ao_col_19,C11010544444444,DEFAULT
from_ACCOUNT_OPENING__ao_col_19,hello,DEFAULT
from_ACCOUNT_OPENING__ao_col_20,D44010612121212,DEFAULT
from_ACCOUNT_OPENING__ao_col_20,D44010634343434,DEFAULT
from_ACCOUNT_OPENING__ao_col_20,D44010656565656,DEFAULT
from_ACCOUNT_OPENING__ao_col_20,110105123456789,DEFAULT
from_ACCOUNT_OPENING__ao_col_20,2023-12-31 12:00:00,DEFAULT
from_ACCOUNT_OPENING__ao_col_21,J43321819600133,DEFAULT
from_ACCOUNT_OPENING__ao_col_21,J38637940265423,DEFAULT
from_ACCOUNT_OPENING__ao_col_21,K161559407816,DEFAULT
from_ACCOUNT_OPENING__ao_col_21,K31034131647525,DEFAULT
from_ACCOUNT_OPENING__ao_col_21,K19283276483503,DEFAULT
from_ACCOUNT_OPENING__ao_col_21,K4139537672423,DEFAULT
from_ACCOUNT_OPENING__ao_col_21,K96965328710122,DEFAULT
from_ACCOUNT_OPENING__ao_col_21,K16697848018451,DEFAULT
from_ACCOUNT_OPENING__ao_col_22,K28148932528809,DEFAULT
from_ACCOUNT_OPENING__ao_col_22,K039117182278,DEFAULT
from_ACCOUNT_OPENING__ao_col_22,K834657871331,DEFAULT
from_ACCOUNT_OPENING__ao_col_22,J103105183473,DEFAULT
from_ACCOUNT_OPENING__ao_col_22,K763116566701,DEFAULT
from_ACCOUNT_OPENING__ao_col_23,J2473178108013,DEFAULT
from_ACCOUNT_OPENING__ao_col_23,K260647468723,DEFAULT
from_ACCOUNT_OPENING__ao_col_23,J50097882081219,DEFAULT
from_ACCOUNT_OPENING__ao_col_23,J90916998543534,DEFAULT
from_ACCOUNT_OPENING__ao_col_23,K5107991183842,DEFAULT
from_ACCOUNT_OPENING__ao_col_24,J542784980841,DEFAULT
from_ACCOUNT_OPENING__ao_col_24,J1182449353487,DEFAULT
from_ACCOUNT_OPENING__ao_col_24,J524278680112,DEFAULT
from_ACCOUNT_OPENING__ao_col_24,K82620450533158,DEFAULT
from_ACCOUNT_OPENING__ao_col_24,K23226025634216,DEFAULT
from_ACCOUNT_OPENING__ao_col_24,K375433036541,DEFAULT
from_ACCOUNT_OPENING__ao_col_24,K8685014294019,DEFAULT
from_ACCOUNT_OPENING__ao_col_24,K9816934060883,DEFAULT
from_ACCOUNT_OPENING__ao_col_25,J59514846564823,DEFAULT
from_ACCOUNT_OPENING__ao_col_25,K29946804436995,DEFAULT
from_ACCOUNT_OPENING__ao_col_25,K38721489513433,DEFAULT
from_ACCOUNT_OPENING__ao_col_25,J6936763201632,DEFAULT
from_ACCOUNT_OPENING__ao_col_25,K831727889579,DEFAULT
from_ACCOUNT_OPENING__ao_col_25,K72774348734714,DEFAULT
from_ACCOUNT_OPENING__ao_col_26,J6909670546688,DEFAULT
from_ACCOUNT_OPENING__ao_col_26,J3467065627298,DEFAULT
from_ACCOUNT_OPENING__ao_col_26,J627204653755,DEFAULT
from_ACCOUNT_OPENING__ao_col_26,K6417080531003,DEFAULT
from_ACCOUNT_OPENING__ao_col_27,J719374529912,DEFAULT
from_ACCOUNT_OPENING__ao_col_27,J04966319314919,DEFAULT
from_ACCOUNT_OPENING__ao_col_27,K65185067165726,DEFAULT
from_ACCOUNT_OPENING__ao_col_27,K87769453147379,DEFAULT
from_ACCOUNT_OPENING__ao_col_27,K0752735454948,DEFAULT
from_ACCOUNT_OPENING__ao_col_27,J77701436349578,DEFAULT
from_ACCOUNT_OPENING__ao_col_28,K85574443135182,DEFAULT
from_ACCOUNT_OPENING__ao_col_28,K343524082400,DEFAULT
from_ACCOUNT_OPENING__ao_col_28,J71094777520471,DEFAULT
from_ACCOUNT_OPENING__ao_col_28,K1902294131869,DEFAULT
from_ACCOUNT_OPENING__ao_col_28,J67749649909133,DEFAULT
from_ACCOUNT_OPENING__ao_col_28,J679740344713,DEFAULT
from_ACCOUNT_OPENING__ao_col_28,J1832421024994,DEFAULT
from_ACCOUNT_OPENING__ao_col_29,K46488771906594,DEFAULT
from_ACCOUNT_OPENING__ao_col_29,J49027874296717,DEFAULT
from_ACCOUNT_OPENING__ao_col_29,K7468071545168,DEFAULT
from_ACCOUNT_OPENING__ao_col_29,J87603859770348,DEFAULT
from_ACCOUNT_OPENING__ao_col_29,K093248086131,DEFAULT
from_ACCOUNT_OPENING__ao_col_29,J27484677378263,DEFAULT
from_ACCOUNT_OPENING__ao_col_30,J465840449972,DEFAULT
from_ACCOUNT_OPENING__ao_col_30,K5886753396360,DEFAULT
from_ACCOUNT_OPENING__ao_col_30,K2702895171870,DEFAULT
from_ACCOUNT_OPENING__ao_col_30,K21745961586578,DEFAULT
from_ACCOUNT_OPENING__ao_col_30,J16117240050455,DEFAULT
from_ACCOUNT_OPENING__ao_col_30,J69222196937923,DEFAULT
from_ACCOUNT_OPENING__ao_col_30,K4074821759464,DEFAULT
from_ACCOUNT_OPENING__ao_col_31,K671369594406,DEFAULT
from_ACCOUNT_OPENING__ao_col_31,J74395339421047,DEFAULT
from_ACCOUNT_OPENING__ao_col_31,J5623285884247,DEFAULT
from_ACCOUNT_OPENING__ao_col_31,K51712368516048,DEFAULT
from_ACCOUNT_OPENING__ao_col_31,K65137098593174,DEFAULT
from_ACCOUNT_OPENING__ao_col_31,J004711382675,DEFAULT
from_ACCOUNT_OPENING__ao_col_31,K26179640537735,DEFAULT
from_ACCOUNT_OPENING__ao_col_32,K643171390053,DEFAULT
from_ACCOUNT_OPENING__ao_col_32,J839335290422,DEFAULT
from_ACCOUNT_OPENING__ao_col_32,J020539502402,DEFAULT
from_ACCOUNT_OPENING__ao_col_32,J17758917839084,DEFAULT
from_ACCOUNT_OPENING__ao_col_32,J766177115921,DEFAULT
from_ACCOUNT_OPENING__ao_col_32,K9847896118367,DEFAULT
from_ACCOUNT_OPENING__ao_col_32,K7661565452711,DEFAULT
from_ACCOUNT_OPENING__ao_col_32,J1528098851656,DEFAULT
from_ACCOUNT_OPENING__ao_col_33,J9451983273158,DEFAULT
from_ACCOUNT_OPENING__ao_col_33,K36899809402445,DEFAULT
from_ACCOUNT_OPENING__ao_col_33,J961201836675,DEFAULT
from_ACCOUNT_OPENING__ao_col_33,J229014767976,DEFAULT
from_ACCOUNT_OPENING__ao_col_33,K40369003432445,DEFAULT
from_ACCOUNT_OPENING__ao_col_34,J683885160607,DEFAULT
from_ACCOUNT_OPENING__ao_col_34,K69664160529751,DEFAULT
from_ACCOUNT_OPENING__ao_col_34,J696816453521,DEFAULT
from_ACCOUNT_OPENING__ao_col_34,J83552312432921,DEFAULT
from_ACCOUNT_OPENING__ao_col_34,K99552717744905,DEFAULT
from_ACCOUNT_OPENING__ao_col_34,K7005411998679,DEFAULT
from_ACCOUNT_OPENING__ao_col_34,J9359782071518,DEFAULT
from_ACCOUNT_OPENING__ao_col_34,J778892554665,DEFAULT
from_ACCOUNT_OPENING__ao_col_34,J51518644925192,DEFAULT
from_ACCOUNT_OPENING__ao_col_35,K62914865281685,DEFAULT
from_ACCOUNT_OPENING__ao_col_35,J88059296222927,DEFAULT
from_ACCOUNT_OPENING__ao_col_35,J9473834735977,DEFAULT
from_ACCOUNT_OPENING__ao_col_35,K86239240758181,DEFAULT
from_ACCOUNT_OPENING__ao_col_36,K606853615305,DEFAULT
from_ACCOUNT_OPENING__ao_col_36,K204727790104,DEFAULT
from_ACCOUNT_OPENING__ao_col_36,K434103697117,DEFAULT
from_ACCOUNT_OPENING__ao_col_36,J89324609539621,DEFAULT
from_ACCOUNT_OPENING__ao_col_36,K888880670654,DEFAULT
from_ACCOUNT_OPENING__ao_col_37,K531952058527,DEFAULT
from_ACCOUNT_OPENING__ao_col_37,K22170430305486,DEFAULT
from_ACCOUNT_OPENING__ao_col_37,K0345054156676,DEFAULT
from_ACCOUNT_OPENING__ao_col_37,K8416169284511,DEFAULT
from_ACCOUNT_OPENING__ao_col_37,J75705964016582,DEFAULT
from_ACCOUNT_OPENING__ao_col_37,J70213556909275,DEFAULT
from_ACCOUNT_OPENING__ao_col_37,J28565431027868,DEFAULT
from_ACCOUNT_OPENING__ao_col_38,J47312172715518,DEFAULT
from_ACCOUNT_OPENING__ao_col_38,K258313237058,DEFAULT
from_ACCOUNT_OPENING__ao_col_38,K29114678669125,DEFAULT
from_ACCOUNT_OPENING__ao_col_38,K8528922680182,DEFAULT
from_ACCOUNT_OPENING__ao_col_38,J3842498182992,DEFAULT
from_ACCOUNT_OPENING__ao_col_39,K00109439690784,DEFAULT
from_ACCOUNT_OPENING__ao_col_39,K3647102767735,DEFAULT
from_ACCOUNT_OPENING__ao_col_39,K55625881537147,DEFAULT
from_ACCOUNT_OPENING__ao_col_39,K259532787747,DEFAULT
from_ACCOUNT_OPENING__ao_col_39,J950047974801,DEFAULT
from_ACCOUNT_OPENING__ao_col_39,K56506098358416,DEFAULT
from_ACCOUNT_OPENING__ao_col_39,K91216558523986,DEFAULT
from_ACCOUNT_OPENING__ao_col_40,J257872982595,DEFAULT
from_ACCOUNT_OPENING__ao_col_40,K58887947055169,DEFAULT
from_ACCOUNT_OPENING__ao_col_40,J74993097289623,DEFAULT
from_ACCOUNT_OPENING__ao_col_40,K636897028385,DEFAULT
from_ACCOUNT_OPENING__ao_col_40,K65278585497334,DEFAULT
from_ACCOUNT_OPENING__ao_col_40,J4375758441986,DEFAULT
from_ACCOUNT_OPENING__ao_col_41,K2404157473384,DEFAULT
from_ACCOUNT_OPENING__ao_col_41,K199330833016,DEFAULT
from_ACCOUNT_OPENING__ao_col_41,J7734540193802,DEFAULT
from_ACCOUNT_OPENING__ao_col_41,J672400499154,DEFAULT
from_ACCOUNT_OPENING__ao_col_41,K874315274205,DEFAULT
from_ACCOUNT_OPENING__ao_col_41,J966851612275,DEFAULT
from_ACCOUNT_OPENING__ao_col_41,J6374549904530,DEFAULT
from_ACCOUNT_OPENING__ao_col_42,K2684145933272,DEFAULT
from_ACCOUNT_OPENING__ao_col_42,K8783391878519,DEFAULT
from_ACCOUNT_OPENING__ao_col_42,J82258713971870,DEFAULT
from_ACCOUNT_OPENING__ao_col_42,K9087406403910,DEFAULT
from_ACCOUNT_OPENING__ao_col_42,J01704622656766,DEFAULT
from_ACCOUNT_OPENING__ao_col_42,J51286823004786,DEFAULT
from_ACCOUNT_OPENING__ao_col_42,J752431069033,DEFAULT
from_ACCOUNT_OPENING__ao_col_43,J067383028439,DEFAULT
from_ACCOUNT_OPENING__ao_col_43,K428364408926,DEFAULT
from_ACCOUNT_OPENING__ao_col_43,J6856624628733,DEFAULT
from_ACCOUNT_OPENING__ao_col_43,K8826343517518,DEFAULT
from_ACCOUNT_OPENING__ao_col_43,J469901398373,DEFAULT
from_ACCOUNT_OPENING__ao_col_43,K0331739363854,DEFAULT
from_ACCOUNT_OPENING__ao_col_44,K4587717535560,DEFAULT
from_ACCOUNT_OPENING__ao_col_44,J20489964235369,DEFAULT
from_ACCOUNT_OPENING__ao_col_44,K54777252287280,DEFAULT
from_ACCOUNT_OPENING__ao_col_44,J00623120387509,DEFAULT
from_ACCOUNT_OPENING__ao_col_44,K70088600848408,DEFAULT
from_ACCOUNT_OPENING__ao_col_44,K118233984546,DEFAULT
from_ACCOUNT_OPENING__ao_col_44,J34101666870021,DEFAULT
from_ACCOUNT_OPENING__ao_col_44,K59180339740148,DEFAULT
from_ACCOUNT_OPENING__ao_col_44,J503926142939,DEFAULT
from_ACCOUNT_OPENING__ao_col_45,K85621850163159,DEFAULT
from_ACCOUNT_OPENING__ao_col_45,K0477358662961,DEFAULT
from_ACCOUNT_OPENING__ao_col_45,K114262655110,DEFAULT
from_ACCOUNT_OPENING__ao_col_45,K4121267888610,DEFAULT
from_ACCOUNT_OPENING__ao_col_45,K466183982622,DEFAULT
from_ACCOUNT_OPENING__ao_col_45,J646471543799,DEFAULT
from_ACCOUNT_OPENING__ao_col_46,K65756924593752,DEFAULT
from_ACCOUNT_OPENING__ao_col_46,K7935646519398,DEFAULT
from_ACCOUNT_OPENING__ao_col_46,J4167243426617,DEFAULT
from_ACCOUNT_OPENING__ao_col_46,K68868058911352,DEFAULT
from_ACCOUNT_OPENING__ao_col_46,J65610143888993,DEFAULT
from_ACCOUNT_OPENING__ao_col_46,K9825071461125,DEFAULT
from_ACCOUNT_OPENING__ao_col_47,K7177514010512,DEFAULT
from_ACCOUNT_OPENING__ao_col_47,J28258673622660,DEFAULT
from_ACCOUNT_OPENING__ao_col_47,J9660334191825,DEFAULT
from_ACCOUNT_OPENING__ao_col_47,K69691557924991,DEFAULT
from_ACCOUNT_OPENING__ao_col_47,K341252866929,DEFAULT
from_ACCOUNT_OPENING__ao_col_47,J8282742257905,DEFAULT
from_ACCOUNT_OPENING__ao_col_47,K368876767721,DEFAULT
from_ACCOUNT_OPENING__ao_col_47,J0438427978819,DEFAULT
from_ACCOUNT_OPENING__ao_col_48,K07836134074517,DEFAULT
from_ACCOUNT_OPENING__ao_col_48,J395962923309,DEFAULT
from_ACCOUNT_OPENING__ao_col_48,K82544948126042,DEFAULT
from_ACCOUNT_OPENING__ao_col_48,J253672946671,DEFAULT
from_ACCOUNT_OPENING__ao_col_48,J8457759017518,DEFAULT
from_ACCOUNT_OPENING__ao_col_48,K745458929750,DEFAULT
from_ACCOUNT_OPENING__ao_col_48,K127706324241,DEFAULT
from_ACCOUNT_OPENING__ao_col_48,K520643611037,DEFAULT
from_ACCOUNT_OPENING__ao_col_49,J51627136111554,DEFAULT
from_ACCOUNT_OPENING__ao_col_49,J890927532697,DEFAULT
from_ACCOUNT_OPENING__ao_col_49,J219656523413,DEFAULT
from_ACCOUNT_OPENING__ao_col_49,K04389836403761,DEFAULT
from_ACCOUNT_OPENING__ao_col_49,J5269658271091,DEFAULT
from_ACCOUNT_OPENING__ao_col_50,K48666188924141,DEFAULT
from_ACCOUNT_OPENING__ao_col_50,J856914630316,DEFAULT
from_ACCOUNT_OPENING__ao_col_50,K21020275884252,DEFAULT
from_ACCOUNT_OPENING__ao_col_50,K10564814917785,DEFAULT
from_ACCOUNT_OPENING__ao_col_50,J800030756220,DEFAULT
from_ACCOUNT_OPENING__ao_col_51,K536541951802,DEFAULT
from_ACCOUNT_OPENING__ao_col_51,K744518705349,DEFAULT
from_ACCOUNT_OPENING__ao_col_51,J5973832060385,DEFAULT
from_ACCOUNT_OPENING__ao_col_51,J0641383670241,DEFAULT
from_ACCOUNT_OPENING__ao_col_51,K57191826199062,DEFAULT
from_ACCOUNT_OPENING__ao_col_51,K55743132912127,DEFAULT
from_ACCOUNT_OPENING__ao_col_51,K853747411249,DEFAULT
from_ACCOUNT_OPENING__ao_col_52,J44206788317121,DEFAULT
from_ACCOUNT_OPENING__ao_col_52,J94101372151070,DEFAULT
from_ACCOUNT_OPENING__ao_col_52,K0662532447209,DEFAULT
from_ACCOUNT_OPENING__ao_col_52,J47687014626383,DEFAULT
from_ACCOUNT_OPENING__ao_col_53,J5787598564205,DEFAULT
from_ACCOUNT_OPENING__ao_col_53,J0785932133480,DEFAULT
from_ACCOUNT_OPENING__ao_col_53,J65223955905992,DEFAULT
from_ACCOUNT_OPENING__ao_col_53,J8427010393087,DEFAULT
from_ACCOUNT_OPENING__ao_col_53,K029218515691,DEFAULT
from_ACCOUNT_OPENING__ao_col_54,K75289539264422,DEFAULT
from_ACCOUNT_OPENING__ao_col_54,K02959391725135,DEFAULT
from_ACCOUNT_OPENING__ao_col_54,J15704331541006,DEFAULT
from_ACCOUNT_OPENING__ao_col_54,K676586179327,DEFAULT
from_ACCOUNT_OPENING__ao_col_54,J18159970629620,DEFAULT
from_ACCOUNT_OPENING__ao_col_55,K88444310698720,DEFAULT
from_ACCOUNT_OPENING__ao_col_55,K497310324171,DEFAULT
from_ACCOUNT_OPENING__ao_col_55,K862565270477,DEFAULT
from_ACCOUNT_OPENING__ao_col_55,J11586938068687,DEFAULT
from_ACCOUNT_OPENING__ao_col_55,J4160898992172,DEFAULT
from_ACCOUNT_OPENING__ao_col_55,J320616329451,DEFAULT
from_ACCOUNT_OPENING__ao_col_55,K8709986162299,DEFAULT
from_ACCOUNT_OPENING__ao_col_56,J914856467997,DEFAULT
from_ACCOUNT_OPENING__ao_col_56,K653074505444,DEFAULT
from_ACCOUNT_OPENING__ao_col_56,J247546913736,DEFAULT
from_ACCOUNT_OPENING__ao_col_56,K821486289023,DEFAULT
from_ACCOUNT_OPENING__ao_col_56,J307053457861,DEFAULT
from_ACCOUNT_OPENING__ao_col_56,J7972798552414,DEFAULT
from_ACCOUNT_OPENING__ao_col_56,J334680072290,DEFAULT
from_ACCOUNT_OPENING__ao_col_57,K46657437489691,DEFAULT
from_ACCOUNT_OPENING__ao_col_57,K99441715454443,DEFAULT
from_ACCOUNT_OPENING__ao_col_57,K52074466609935,DEFAULT
from_ACCOUNT_OPENING__ao_col_57,J87584282417248,DEFAULT
from_ACCOUNT_OPENING__ao_col_57,J51353465549471,DEFAULT
from_ACCOUNT_OPENING__ao_col_57,J3816846022356,DEFAULT
from_ACCOUNT_OPENING__ao_col_57,K521752500743,DEFAULT
from_ACCOUNT_OPENING__ao_col_58,J27129666676008,DEFAULT
from_ACCOUNT_OPENING__ao_col_58,K30033542168942,DEFAULT
from_ACCOUNT_OPENING__ao_col_58,K2575326033230,DEFAULT
from_ACCOUNT_OPENING__ao_col_58,J506489090100,DEFAULT
from_ACCOUNT_OPENING__ao_col_58,K6184723046184,DEFAULT
from_ACCOUNT_OPENING__ao_col_58,J1891411739348,DEFAULT
from_ACCOUNT_OPENING__ao_col_58,K64208737530011,DEFAULT
from_ACCOUNT_OPENING__ao_col_59,K181143744701,DEFAULT
from_ACCOUNT_OPENING__ao_col_59,J5561100225579,DEFAULT
from_ACCOUNT_OPENING__ao_col_59,K6762120216979,DEFAULT
from_ACCOUNT_OPENING__ao_col_59,J65902771670145,DEFAULT
from_ACCOUNT_OPENING__ao_col_59,J58891637562890,DEFAULT
from_ACCOUNT_OPENING__ao_col_60,K2175354083866,DEFAULT
from_ACCOUNT_OPENING__ao_col_60,J7971775170166,DEFAULT
from_ACCOUNT_OPENING__ao_col_60,K83755037589975,DEFAULT
from_ACCOUNT_OPENING__ao_col_60,J305548851027,DEFAULT
from_ACCOUNT_OPENING__ao_col_60,K493316373516,DEFAULT
from_ACCOUNT_OPENING__ao_col_60,J7982708086978,DEFAULT
from_ACCOUNT_OPENING__ao_col_61,J92216995866934,DEFAULT
from_ACCOUNT_OPENING__ao_col_61,K7226984858333,DEFAULT
from_ACCOUNT_OPENING__ao_col_61,K52288515879968,DEFAULT
from_ACCOUNT_OPENING__ao_col_61,J620034244204,DEFAULT
from_ACCOUNT_OPENING__ao_col_61,J86384066658004,DEFAULT
from_ACCOUNT_OPENING__ao_col_62,K89334721228160,DEFAULT
from_ACCOUNT_OPENING__ao_col_62,K294057202590,DEFAULT
from_ACCOUNT_OPENING__ao_col_62,K9851583281826,DEFAULT
from_ACCOUNT_OPENING__ao_col_62,K533555439878,DEFAULT
from_ACCOUNT_OPENING__ao_col_62,J573993056164,DEFAULT
from_ACCOUNT_OPENING__ao_col_62,K858877043581,DEFAULT
from_ACCOUNT_OPENING__ao_col_62,J80133613861207,DEFAULT
from_ACCOUNT_OPENING__ao_col_62,J102481934667,DEFAULT
from_ACCOUNT_OPENING__ao_col_62,K0618091901581,DEFAULT
from_ACCOUNT_OPENING__ao_col_63,J433218196001,DEFAULT
from_ACCOUNT_OPENING__ao_col_63,J890838637940,DEFAULT
from_ACCOUNT_OPENING__ao_col_63,J65423511615594,DEFAULT
from_ACCOUNT_OPENING__ao_col_63,J78161849593103,DEFAULT
from_ACCOUNT_OPENING__ao_col_63,K316475255341,DEFAULT
from_ACCOUNT_OPENING__ao_col_63,J32764835030564,DEFAULT
from_ACCOUNT_OPENING__ao_col_63,J953767242388,DEFAULT
from_ACCOUNT_OPENING__ao_col_63,K2704828148932,DEFAULT
from_ACCOUNT_OPENING__ao_col_63,K880957015430,DEFAULT
from_ACCOUNT_OPENING__ao_col_63,J11718227824896,DEFAULT
from_ACCOUNT_OPENING__ao_col_64,J34657871331509,DEFAULT
from_ACCOUNT_OPENING__ao_col_64,J30103105183473,DEFAULT
from_ACCOUNT_OPENING__ao_col_64,J99737631165667,DEFAULT
from_ACCOUNT_OPENING__ao_col_64,J10651333872624,DEFAULT
from_ACCOUNT_OPENING__ao_col_64,K178108013267,DEFAULT
from_ACCOUNT_OPENING__ao_col_64,K602606474687,DEFAULT
from_ACCOUNT_OPENING__ao_col_64,J430980500978,DEFAULT
from_ACCOUNT_OPENING__ao_col_64,J812191361939,DEFAULT
from_ACCOUNT_OPENING__ao_col_64,J16998543534624,DEFAULT
from_ACCOUNT_OPENING__ao_col_64,K1079911838425,DEFAULT
from_ACCOUNT_OPENING__ao_col_65,K164005242786,DEFAULT
from_ACCOUNT_OPENING__ao_col_65,J128059826204,DEFAULT
from_ACCOUNT_OPENING__ao_col_65,K533158692322,DEFAULT
from_ACCOUNT_OPENING__ao_col_65,K256342160733,DEFAULT
from_ACCOUNT_OPENING__ao_col_65,K4330365414586,DEFAULT
from_ACCOUNT_OPENING__ao_col_65,K142940196556,DEFAULT
from_ACCOUNT_OPENING__ao_col_65,J9340608835615,DEFAULT
from_ACCOUNT_OPENING__ao_col_65,K14846564823662,DEFAULT
from_ACCOUNT_OPENING__ao_col_65,K8044369957773,DEFAULT
from_ACCOUNT_OPENING__ao_col_65,K21489513433200,DEFAULT
from_ACCOUNT_OPENING__ao_col_66,J9176936763201,DEFAULT
from_ACCOUNT_OPENING__ao_col_66,K287083172788,DEFAULT
from_ACCOUNT_OPENING__ao_col_66,K9868727743487,DEFAULT
from_ACCOUNT_OPENING__ao_col_66,J7143455812236,DEFAULT
from_ACCOUNT_OPENING__ao_col_66,J31665876036690,DEFAULT
from_ACCOUNT_OPENING__ao_col_66,K0546688937346,DEFAULT
from_ACCOUNT_OPENING__ao_col_66,K656272980699,DEFAULT
from_ACCOUNT_OPENING__ao_col_66,J923271937452,DEFAULT
from_ACCOUNT_OPENING__ao_col_66,J419049663193,DEFAULT
from_ACCOUNT_OPENING__ao_col_66,J49190586518506,DEFAULT
from_ACCOUNT_OPENING__ao_col_67,K657262849877,DEFAULT
from_ACCOUNT_OPENING__ao_col_67,K94531473799650,DEFAULT
from_ACCOUNT_OPENING__ao_col_67,K2735454948083,DEFAULT
from_ACCOUNT_OPENING__ao_col_67,J678377701436,DEFAULT
from_ACCOUNT_OPENING__ao_col_67,J9578856855744,DEFAULT
from_ACCOUNT_OPENING__ao_col_67,K135182337498,DEFAULT
from_ACCOUNT_OPENING__ao_col_67,K27109477752047,DEFAULT
from_ACCOUNT_OPENING__ao_col_67,J671902294131,DEFAULT
from_ACCOUNT_OPENING__ao_col_67,K99386774964990,DEFAULT
from_ACCOUNT_OPENING__ao_col_67,J341232812067,DEFAULT
from_ACCOUNT_OPENING__ao_col_68,K0344713493618,DEFAULT
from_ACCOUNT_OPENING__ao_col_68,J24210249947174,DEFAULT
from_ACCOUNT_OPENING__ao_col_68,K8877190659401,DEFAULT
from_ACCOUNT_OPENING__ao_col_68,J99049027874296,DEFAULT
from_ACCOUNT_OPENING__ao_col_68,K756551256746,DEFAULT
from_ACCOUNT_OPENING__ao_col_68,J1545168087603,DEFAULT
from_ACCOUNT_OPENING__ao_col_68,K77034824771093,DEFAULT
from_ACCOUNT_OPENING__ao_col_68,J8086131712748,DEFAULT
from_ACCOUNT_OPENING__ao_col_68,K7737826398214,DEFAULT
from_ACCOUNT_OPENING__ao_col_68,K8404499727875,DEFAULT
from_ACCOUNT_OPENING__ao_col_69,K86753396360576,DEFAULT
from_ACCOUNT_OPENING__ao_col_69,K27028951718702,DEFAULT
from_ACCOUNT_OPENING__ao_col_69,J13431611724005,DEFAULT
from_ACCOUNT_OPENING__ao_col_69,J5562386922219,DEFAULT
from_ACCOUNT_OPENING__ao_col_69,K37923747407482,DEFAULT
from_ACCOUNT_OPENING__ao_col_69,J5946474367136,DEFAULT
from_ACCOUNT_OPENING__ao_col_69,K44064090974395,DEFAULT
from_ACCOUNT_OPENING__ao_col_69,J39421047095214,DEFAULT
from_ACCOUNT_OPENING__ao_col_69,K62328588424745,DEFAULT
from_ACCOUNT_OPENING__ao_col_69,J1236851604817,DEFAULT
from_ACCOUNT_OPENING__ao_col_70,K49651370985931,DEFAULT
from_ACCOUNT_OPENING__ao_col_70,K46120047113826,DEFAULT
from_ACCOUNT_OPENING__ao_col_70,K8692617964053,DEFAULT
from_ACCOUNT_OPENING__ao_col_70,K3515850643171,DEFAULT
from_ACCOUNT_OPENING__ao_col_70,J90053293183933,DEFAULT
from_ACCOUNT_OPENING__ao_col_70,K904228421020,DEFAULT
from_ACCOUNT_OPENING__ao_col_70,K950240268117,DEFAULT
from_ACCOUNT_OPENING__ao_col_70,K8917839084700,DEFAULT
from_ACCOUNT_OPENING__ao_col_70,K6177115921249,DEFAULT
from_ACCOUNT_OPENING__ao_col_70,J5766156545271,DEFAULT
from_ACCOUNT_OPENING__ao_col_71,J161528098851,DEFAULT
from_ACCOUNT_OPENING__ao_col_71,K6049451983273,DEFAULT
from_ACCOUNT_OPENING__ao_col_71,J8514936899809,DEFAULT
from_ACCOUNT_OPENING__ao_col_71,K244550229612,DEFAULT
from_ACCOUNT_OPENING__ao_col_71,J836675254599,DEFAULT
from_ACCOUNT_OPENING__ao_col_71,K815614978403,DEFAULT
from_ACCOUNT_OPENING__ao_col_71,K00343244510762,DEFAULT
from_ACCOUNT_OPENING__ao_col_71,J8388516060715,DEFAULT
from_ACCOUNT_OPENING__ao_col_71,K66416052975161,DEFAULT
from_ACCOUNT_OPENING__ao_col_71,J9681645352181,DEFAULT
from_ACCOUNT_OPENING__ao_col_72,J5231243292127,DEFAULT
from_ACCOUNT_OPENING__ao_col_72,K97995527177449,DEFAULT
from_ACCOUNT_OPENING__ao_col_72,J8147700541199,DEFAULT
from_ACCOUNT_OPENING__ao_col_72,K9807935978207,DEFAULT
from_ACCOUNT_OPENING__ao_col_72,J1820377889255,DEFAULT
from_ACCOUNT_OPENING__ao_col_72,K6590515186449,DEFAULT
from_ACCOUNT_OPENING__ao_col_72,J1925462914865,DEFAULT
from_ACCOUNT_OPENING__ao_col_72,J81685054235733,DEFAULT
from_ACCOUNT_OPENING__ao_col_72,J141888059296,DEFAULT
from_ACCOUNT_OPENING__ao_col_72,J292706537947,DEFAULT
from_ACCOUNT_OPENING__ao_col_73,J34735977468862,DEFAULT
from_ACCOUNT_OPENING__ao_col_73,J24075818141247,DEFAULT
from_ACCOUNT_OPENING__ao_col_73,J1375060685361,DEFAULT
from_ACCOUNT_OPENING__ao_col_73,K051522047277,DEFAULT
from_ACCOUNT_OPENING__ao_col_73,J043289861434,DEFAULT
from_ACCOUNT_OPENING__ao_col_73,J369711798089,DEFAULT
from_ACCOUNT_OPENING__ao_col_73,J24609539621851,DEFAULT
from_ACCOUNT_OPENING__ao_col_73,J7065405153195,DEFAULT
from_ACCOUNT_OPENING__ao_col_73,J585277221704,DEFAULT
from_ACCOUNT_OPENING__ao_col_73,J305486874034,DEFAULT
from_ACCOUNT_OPENING__ao_col_74,K541566765277,DEFAULT
from_ACCOUNT_OPENING__ao_col_74,K41616928451154,DEFAULT
from_ACCOUNT_OPENING__ao_col_74,K9627570596401,DEFAULT
from_ACCOUNT_OPENING__ao_col_74,K8202970213556,DEFAULT
from_ACCOUNT_OPENING__ao_col_74,J27557192856543,DEFAULT
from_ACCOUNT_OPENING__ao_col_74,J278681447394,DEFAULT
from_ACCOUNT_OPENING__ao_col_74,K121727155188,DEFAULT
from_ACCOUNT_OPENING__ao_col_74,K2258313237058,DEFAULT
from_ACCOUNT_OPENING__ao_col_74,K8291146786691,DEFAULT
from_ACCOUNT_OPENING__ao_col_74,J1778528922680,DEFAULT
from_ACCOUNT_OPENING__ao_col_75,J24225358414384,DEFAULT
from_ACCOUNT_OPENING__ao_col_75,J49818299229959,DEFAULT
from_ACCOUNT_OPENING__ao_col_75,J109439690784,DEFAULT
from_ACCOUNT_OPENING__ao_col_75,J5562588153714,DEFAULT
from_ACCOUNT_OPENING__ao_col_75,K210469632595,DEFAULT
from_ACCOUNT_OPENING__ao_col_75,J787747016873,DEFAULT
from_ACCOUNT_OPENING__ao_col_75,J50047974801624,DEFAULT
from_ACCOUNT_OPENING__ao_col_75,K5060983584168,DEFAULT
from_ACCOUNT_OPENING__ao_col_75,K49912165585239,DEFAULT
from_ACCOUNT_OPENING__ao_col_75,K00025787298259,DEFAULT
from_ACCOUNT_OPENING__ao_col_76,K694958887947,DEFAULT
from_ACCOUNT_OPENING__ao_col_76,J5169409749930,DEFAULT
from_ACCOUNT_OPENING__ao_col_76,K896230913075,DEFAULT
from_ACCOUNT_OPENING__ao_col_76,K443757584419,DEFAULT
from_ACCOUNT_OPENING__ao_col_76,K5240415747338,DEFAULT
from_ACCOUNT_OPENING__ao_col_76,K42199330833016,DEFAULT
from_ACCOUNT_OPENING__ao_col_76,K71208267734540,DEFAULT
from_ACCOUNT_OPENING__ao_col_76,J93802620672400,DEFAULT
from_ACCOUNT_OPENING__ao_col_76,K91547887287431,DEFAULT
from_ACCOUNT_OPENING__ao_col_76,K742054932966,DEFAULT
from_ACCOUNT_OPENING__ao_col_77,K612275304637,DEFAULT
from_ACCOUNT_OPENING__ao_col_77,K4990453017426,DEFAULT
from_ACCOUNT_OPENING__ao_col_77,K14593327279568,DEFAULT
from_ACCOUNT_OPENING__ao_col_77,K33918785191088,DEFAULT
from_ACCOUNT_OPENING__ao_col_77,K867908740640,DEFAULT
from_ACCOUNT_OPENING__ao_col_77,J10651801704622,DEFAULT
from_ACCOUNT_OPENING__ao_col_77,K6766182512868,DEFAULT
from_ACCOUNT_OPENING__ao_col_77,J30047868633752,DEFAULT
from_ACCOUNT_OPENING__ao_col_77,K106903311907,DEFAULT
from_ACCOUNT_OPENING__ao_col_77,K95342836440892,DEFAULT
from_ACCOUNT_OPENING__ao_col_78,K70568566246287,DEFAULT
from_ACCOUNT_OPENING__ao_col_78,J427086688263,DEFAULT
from_ACCOUNT_OPENING__ao_col_78,K517518304699,DEFAULT
from_ACCOUNT_OPENING__ao_col_78,J398373540331,DEFAULT
from_ACCOUNT_OPENING__ao_col_78,K936385467854,DEFAULT
from_ACCOUNT_OPENING__ao_col_78,K8771753556093,DEFAULT
from_ACCOUNT_OPENING__ao_col_78,J489964235369,DEFAULT
from_ACCOUNT_OPENING__ao_col_78,J8547772522872,DEFAULT
from_ACCOUNT_OPENING__ao_col_78,J01006231203875,DEFAULT
from_ACCOUNT_OPENING__ao_col_78,J97700886008484,DEFAULT
from_ACCOUNT_OPENING__ao_col_79,J62118233984546,DEFAULT
from_ACCOUNT_OPENING__ao_col_79,J6793341016668,DEFAULT
from_ACCOUNT_OPENING__ao_col_79,K021765918033,DEFAULT
from_ADDRESS__address_col_1,北京市朝阳区建国路88号,DEFAULT
from_ADDRESS__address_col_1,广东省深圳市南山区科技园科苑路15号,DEFAULT
from_ADDRESS__address_col_1,上海市浦东新区世纪大道100号,DEFAULT
from_ADDRESS__address_col_1,杭州市西湖区文三路90号3栋,DEFAULT
from_ADDRESS__address_col_1,成都市高新区天府大道北段28号,DEFAULT
from_ADDRESS__address_col_1,上海市浦东新区陆家嘴100号,DEFAULT
from_ADDRESS__address_col_1,110105199001011234,DEFAULT
from_ADDRESS__address_col_1,粤B12345,DEFAULT
from_ADDRESS__address_col_1,China,DEFAULT
from_ADDRESS__address_col_2,广州市天河区体育西路123号,DEFAULT
from_ADDRESS__address_col_2,重庆市渝北区龙溪街道金山大道8号,DEFAULT
from_ADDRESS__address_col_2,南京市鼓楼区中山北路66号,DEFAULT
from_ADDRESS__address_col_2,天津市和平区南京路189号,DEFAULT
from_ADDRESS__address_col_2,武汉市洪山区珞瑜路726号,DEFAULT
from_ADDRESS__address_col_2,000001,DEFAULT
from_ADDRESS__address_col_2,192.168.1.1,DEFAULT
from_ADDRESS__address_col_2,abcdef123,DEFAULT
from_ADDRESS__address_col_2,20230101,DEFAULT
from_ADDRESS__address_col_2,JP,DEFAULT
from_ADDRESS__address_col_3,深圳市福田区深南大道600号,DEFAULT
from_ADDRESS__address_col_3,西安市雁塔区科技路88号A座,DEFAULT
from_ADDRESS__address_col_3,青岛市市南区香港中路12号,DEFAULT
from_ADDRESS__address_col_3,长沙市岳麓区麓山南路45号,DEFAULT
from_ADDRESS__address_col_3,合肥市包河区徽州大道200号,DEFAULT
from_ADDRESS__address_col_3,110105123456789012,DEFAULT
from_ADDRESS__address_col_3,600000,DEFAULT
from_ADDRESS__address_col_3,2023.05.01,DEFAULT
from_ADDRESS__address_col_3,粤A88888,DEFAULT
from_ADDRESS__address_col_3,USA,DEFAULT
from_ADDRESS__address_col_4,苏州市工业园区星湖街328号,DEFAULT
from_ADDRESS__address_col_4,郑州市金水区农业路99号,DEFAULT
from_ADDRESS__address_col_4,南昌市红谷滩新区丰和中大道,DEFAULT
from_ADDRESS__address_col_4,福州市鼓楼区五四路158号,DEFAULT
from_ADDRESS__address_col_4,贵阳市观山湖区林城西路8号,DEFAULT
from_ADDRESS__address_col_4,abcdef,DEFAULT
from_ADDRESS__address_col_4,20221212,DEFAULT
from_ADDRESS__address_col_4,000002,DEFAULT
from_ADDRESS__address_col_4,110105199508073210,DEFAULT
from_ADDRESS__address_col_4,8.8.8.8,DEFAULT
from_ADDRESS__address_col_5,昆明市盘龙区北京路350号,DEFAULT
from_ADDRESS__address_col_5,石家庄市长安区建设北大街88号,DEFAULT
from_ADDRESS__address_col_5,南宁市青秀区民族大道136号,DEFAULT
from_ADDRESS__address_col_5,哈尔滨市南岗区红旗大街55号,DEFAULT
from_ADDRESS__address_col_5,宁波市海曙区中山西路99号,DEFAULT
from_ADDRESS__address_col_5,2023-12-31,DEFAULT
from_ADDRESS__address_col_5,abcdefg,DEFAULT
from_ADDRESS__address_col_6,兰州市城关区天水南路222号,DEFAULT
from_ADDRESS__address_col_6,太原市小店区长风街90号,DEFAULT
from_ADDRESS__address_col_6,厦门市思明区湖滨南路100号,DEFAULT
from_ADDRESS__address_col_6,济南市历下区经十路9999号,DEFAULT
from_ADDRESS__address_col_6,洛阳市涧西区丽春西路56号,DEFAULT
from_ADDRESS__address_col_6,000003,DEFAULT
from_ADDRESS__address_col_6,20230101123045,DEFAULT
from_ADDRESS__address_col_6,粤C12345,DEFAULT
from_ADDRESS__address_col_7,无锡市滨湖区蠡湖大道168号,DEFAULT
from_ADDRESS__address_col_7,长春市朝阳区解放大路200号,DEFAULT
from_ADDRESS__address_col_7,乌鲁木齐市新市区北京南路66号,DEFAULT
from_ADDRESS__address_col_7,呼和浩特市赛罕区大学西路35号,DEFAULT
from_ADDRESS__address_col_7,银川市金凤区人民广场东路,DEFAULT
from_ADDRESS__address_col_7,600001,DEFAULT
from_ADDRESS__address_col_7,2023/06/01,DEFAULT
from_ADDRESS__address_col_8,佛山市南海区桂城街道海八路12号,DEFAULT
from_ADDRESS__address_col_8,珠海市香洲区吉大景山路9号,DEFAULT
from_ADDRESS__address_col_8,东莞市南城区莞太路78号,DEFAULT
from_ADDRESS__address_col_8,惠州市惠城区江北三新南路,DEFAULT
from_ADDRESS__address_col_8,中山市东区兴中道45号,DEFAULT
from_ADDRESS__address_col_8,2023-08-08,DEFAULT
from_ADDRESS__address_col_9,唐山市路北区新华东道100号,DEFAULT
from_ADDRESS__address_col_9,保定市竞秀区朝阳北大街88号,DEFAULT
from_ADDRESS__address_col_9,邯郸市丛台区中华北大街,DEFAULT
from_ADDRESS__address_col_9,秦皇岛市海港区建设大街200号,DEFAULT
from_ADDRESS__address_col_9,沧州市运河区解放西路99号,DEFAULT
from_ADDRESS__address_col_9,2023-02-02,DEFAULT
from_ADDRESS__address_col_10,厦门市湖里区嘉禾路468号,DEFAULT
from_ADDRESS__address_col_10,大连市中山区人民路15号,DEFAULT
from_ADDRESS__address_col_10,沈阳市和平区南京北街21号,DEFAULT
from_ADDRESS__address_col_10,青岛市李沧区重庆中路88号,DEFAULT
from_ADDRESS__address_col_10,烟台市芝罘区南大街66号,DEFAULT
from_ADDRESS__address_col_10,2023-09-09,DEFAULT
from_ADDRESS__address_col_10,粤B88888,DEFAULT
from_ADDRESS__address_col_11,青岛市朝阳区体育西路161号,DEFAULT
from_ADDRESS__address_col_11,深圳市鼓楼区中山北路817号,DEFAULT
from_ADDRESS__address_col_11,杭州市南山区科技园路694号,DEFAULT
from_ADDRESS__address_col_11,厦门市高新区建国路567号,DEFAULT
from_ADDRESS__address_col_11,深圳市浦东新区建国路6号,DEFAULT
from_ADDRESS__address_col_11,南京市浦东新区科技园路216号,DEFAULT
from_ADDRESS__address_col_11,大连市高新区世纪大道423号,DEFAULT
from_ADDRESS__address_col_11,青岛市南山区世纪大道189号,DEFAULT
from_ADDRESS__address_col_12,北京市渝北区天府大道563号,DEFAULT
from_ADDRESS__address_col_12,成都市高新区世纪大道688号,DEFAULT
from_ADDRESS__address_col_12,上海市西湖区文三路72号,DEFAULT
from_ADDRESS__address_col_12,成都市渝北区体育西路337号,DEFAULT
from_ADDRESS__address_col_13,杭州市南山区文三路581号,DEFAULT
from_ADDRESS__address_col_13,成都市鼓楼区世纪大道5号,DEFAULT
from_ADDRESS__address_col_13,杭州市高新区世纪大道696号,DEFAULT
from_ADDRESS__address_col_13,大连市渝北区体育西路457号,DEFAULT
from_ADDRESS__address_col_13,杭州市渝北区文三路112号,DEFAULT
from_ADDRESS__address_col_13,深圳市天河区科技园路752号,DEFAULT
from_ADDRESS__address_col_14,上海市浦东新区建国路870号,DEFAULT
from_ADDRESS__address_col_14,北京市鼓楼区中山北路605号,DEFAULT
from_ADDRESS__address_col_14,重庆市渝北区天府大道794号,DEFAULT
from_ADDRESS__address_col_14,青岛市西湖区世纪大道476号,DEFAULT
from_ADDRESS__address_col_14,上海市鼓楼区科技园路515号,DEFAULT
from_ADDRESS__address_col_14,厦门市南山区中山北路527号,DEFAULT
from_ADDRESS__address_col_15,深圳市渝北区科技园路42号,DEFAULT
from_ADDRESS__address_col_15,北京市天河区文三路930号,DEFAULT
from_ADDRESS__address_col_15,南京市渝北区体育西路903号,DEFAULT
from_ADDRESS__address_col_15,苏州市西湖区中山北路760号,DEFAULT
from_ADDRESS__address_col_16,南京市鼓楼区科技园路602号,DEFAULT
from_ADDRESS__address_col_16,青岛市浦东新区文三路258号,DEFAULT
from_ADDRESS__address_col_16,大连市天河区文三路416号,DEFAULT
from_ADDRESS__address_col_16,青岛市高新区体育西路812号,DEFAULT
from_ADDRESS__address_col_16,天津市朝阳区文三路904号,DEFAULT
from_ADDRESS__address_col_16,广州市南山区世纪大道162号,DEFAULT
from_ADDRESS__address_col_16,西安市浦东新区天府大道236号,DEFAULT
from_ADDRESS__address_col_17,成都市浦东新区体育西路692号,DEFAULT
from_ADDRESS__address_col_17,广州市南山区天府大道854号,DEFAULT
from_ADDRESS__address_col_17,广州市朝阳区世纪大道588号,DEFAULT
from_ADDRESS__address_col_17,深圳市朝阳区文三路151号,DEFAULT
from_ADDRESS__address_col_17,重庆市鼓楼区文三路993号,DEFAULT
from_ADDRESS__address_col_17,北京市西湖区建国路222号,DEFAULT
from_ADDRESS__address_col_17,武汉市渝北区世纪大道225号,DEFAULT
from_ADDRESS__address_col_17,天津市南山区中山北路597号,DEFAULT
from_ADDRESS__address_col_17,深圳市西湖区世纪大道742号,DEFAULT
from_ADDRESS__address_col_18,大连市渝北区文三路605号,DEFAULT
from_ADDRESS__address_col_18,上海市朝阳区世纪大道536号,DEFAULT
from_ADDRESS__address_col_18,重庆市鼓楼区中山北路154号,DEFAULT
from_ADDRESS__address_col_18,深圳市渝北区文三路615号,DEFAULT
from_ADDRESS__address_col_18,厦门市浦东新区建国路494号,DEFAULT
from_ADDRESS__address_col_18,大连市朝阳区中山北路695号,DEFAULT
from_ADDRESS__address_col_18,重庆市鼓楼区科技园路896号,DEFAULT
from_ADDRESS__address_col_19,厦门市渝北区中山北路788号,DEFAULT
from_ADDRESS__address_col_19,天津市浦东新区体育西路138号,DEFAULT
from_ADDRESS__address_col_19,广州市朝阳区天府大道762号,DEFAULT
from_ADDRESS__address_col_19,天津市浦东新区文三路8号,DEFAULT
from_ADDRESS__address_col_19,广州市高新区体育西路371号,DEFAULT
from_ADDRESS__address_col_19,杭州市西湖区中山北路549号,DEFAULT
from_ADDRESS__address_col_20,成都市西湖区天府大道407号,DEFAULT
from_ADDRESS__address_col_20,南京市渝北区世纪大道380号,DEFAULT
from_ADDRESS__address_col_20,武汉市西湖区科技园路592号,DEFAULT
from_ADDRESS__address_col_20,深圳市浦东新区天府大道236号,DEFAULT
from_ADDRESS__address_col_20,西安市南山区建国路220号,DEFAULT
from_ADDRESS__address_col_20,厦门市高新区中山北路564号,DEFAULT
from_ADDRESS__address_col_20,苏州市朝阳区世纪大道399号,DEFAULT
from_ADDRESS__address_col_20,北京市浦东新区中山北路149号,DEFAULT
from_ADDRESS__address_col_20,天津市鼓楼区建国路66号,DEFAULT
from_ADDRESS__address_col_21,大连市鼓楼区文三路672号,DEFAULT
from_ADDRESS__address_col_21,西安市朝阳区中山北路840号,DEFAULT
from_ADDRESS__address_col_21,广州市西湖区世纪大道35号,DEFAULT
from_ADDRESS__address_col_21,重庆市天河区文三路174号,DEFAULT
from_ADDRESS__address_col_21,成都市天河区天府大道1号,DEFAULT
from_ADDRESS__address_col_21,上海市西湖区中山北路410号,DEFAULT
from_ADDRESS__address_col_21,南京市鼓楼区文三路206号,DEFAULT
from_ADDRESS__address_col_22,西安市浦东新区建国路563号,DEFAULT
from_ADDRESS__address_col_22,天津市高新区科技园路987号,DEFAULT
from_ADDRESS__address_col_22,广州市天河区体育西路953号,DEFAULT
from_ADDRESS__address_col_22,北京市西湖区世纪大道417号,DEFAULT
from_ADDRESS__address_col_22,重庆市浦东新区文三路302号,DEFAULT
from_ADDRESS__address_col_22,杭州市西湖区天府大道454号,DEFAULT
from_ADDRESS__address_col_22,天津市渝北区中山北路250号,DEFAULT
from_ADDRESS__address_col_22,厦门市渝北区天府大道472号,DEFAULT
from_ADDRESS__address_col_23,青岛市朝阳区体育西路120号,DEFAULT
from_ADDRESS__address_col_23,广州市天河区中山北路324号,DEFAULT
from_ADDRESS__address_col_23,成都市朝阳区天府大道853号,DEFAULT
from_ADDRESS__address_col_23,成都市浦东新区文三路954号,DEFAULT
from_ADDRESS__address_col_23,大连市西湖区世纪大道970号,DEFAULT
from_ADDRESS__address_col_23,大连市天河区体育西路755号,DEFAULT
from_ADDRESS__address_col_24,青岛市高新区世纪大道798号,DEFAULT
from_ADDRESS__address_col_24,苏州市渝北区文三路7号,DEFAULT
from_ADDRESS__address_col_24,重庆市朝阳区中山北路494号,DEFAULT
from_ADDRESS__address_col_24,成都市渝北区文三路890号,DEFAULT
from_ADDRESS__address_col_24,大连市西湖区体育西路228号,DEFAULT
from_ADDRESS__address_col_25,深圳市朝阳区文三路819号,DEFAULT
from_ADDRESS__address_col_25,重庆市朝阳区文三路356号,DEFAULT
from_ADDRESS__address_col_25,苏州市南山区体育西路124号,DEFAULT
from_ADDRESS__address_col_25,武汉市高新区天府大道9号,DEFAULT
from_ADDRESS__address_col_25,上海市高新区科技园路628号,DEFAULT
from_ADDRESS__address_col_25,深圳市西湖区世纪大道276号,DEFAULT
from_ADDRESS__address_col_25,天津市高新区科技园路189号,DEFAULT
from_ADDRESS__address_col_25,广州市鼓楼区天府大道771号,DEFAULT
from_ADDRESS__address_col_25,青岛市鼓楼区科技园路462号,DEFAULT
from_ADDRESS__address_col_26,苏州市天河区中山北路103号,DEFAULT
from_ADDRESS__address_col_26,厦门市天河区文三路443号,DEFAULT
from_ADDRESS__address_col_26,广州市南山区中山北路983号,DEFAULT
from_ADDRESS__address_col_26,武汉市朝阳区世纪大道432号,DEFAULT
from_ADDRESS__address_col_26,大连市高新区中山北路499号,DEFAULT
from_ADDRESS__address_col_26,北京市鼓楼区建国路708号,DEFAULT
from_ADDRESS__address_col_26,武汉市浦东新区体育西路763号,DEFAULT
from_ADDRESS__address_col_27,重庆市西湖区科技园路21号,DEFAULT
from_ADDRESS__address_col_27,成都市天河区文三路590号,DEFAULT
from_ADDRESS__address_col_27,重庆市南山区中山北路292号,DEFAULT
from_ADDRESS__address_col_27,苏州市渝北区中山北路755号,DEFAULT
from_ADDRESS__address_col_27,上海市鼓楼区文三路294号,DEFAULT
from_ADDRESS__address_col_27,深圳市南山区天府大道828号,DEFAULT
from_ADDRESS__address_col_27,南京市鼓楼区中山北路929号,DEFAULT
from_ADDRESS__address_col_28,天津市鼓楼区科技园路909号,DEFAULT
from_ADDRESS__address_col_28,青岛市高新区天府大道602号,DEFAULT
from_ADDRESS__address_col_28,武汉市鼓楼区世纪大道189号,DEFAULT
from_ADDRESS__address_col_28,深圳市天河区天府大道258号,DEFAULT
from_ADDRESS__address_col_28,西安市浦东新区世纪大道171号,DEFAULT
from_ADDRESS__address_col_28,上海市浦东新区体育西路562号,DEFAULT
from_ADDRESS__address_col_28,厦门市浦东新区建国路269号,DEFAULT
from_ADDRESS__address_col_28,上海市鼓楼区科技园路235号,DEFAULT
from_ADDRESS__address_col_29,深圳市南山区文三路859号,DEFAULT
from_ADDRESS__address_col_29,青岛市高新区中山北路488号,DEFAULT
from_ADDRESS__address_col_29,青岛市西湖区文三路456号,DEFAULT
from_ADDRESS__address_col_29,天津市渝北区天府大道767号,DEFAULT
from_ADDRESS__address_col_29,天津市鼓楼区文三路656号,DEFAULT
from_ADDRESS__address_col_29,杭州市高新区体育西路553号,DEFAULT
from_ADDRESS__address_col_30,成都市鼓楼区科技园路160号,DEFAULT
from_ADDRESS__address_col_30,厦门市南山区科技园路294号,DEFAULT
from_ADDRESS__address_col_30,北京市渝北区中山北路489号,DEFAULT
from_ADDRESS__address_col_30,杭州市天河区中山北路8号,DEFAULT
from_ADDRESS__address_col_30,广州市鼓楼区文三路448号,DEFAULT
from_ADDRESS__address_col_30,深圳市鼓楼区中山北路388号,DEFAULT
from_ADDRESS__address_col_30,广州市西湖区科技园路665号,DEFAULT
from_ADDRESS__address_col_31,厦门市西湖区体育西路193号,DEFAULT
from_ADDRESS__address_col_31,深圳市南山区科技园路114号,DEFAULT
from_ADDRESS__address_col_31,天津市渝北区科技园路718号,DEFAULT
from_ADDRESS__address_col_31,广州市高新区建国路156号,DEFAULT
from_ADDRESS__address_col_31,西安市朝阳区世纪大道93号,DEFAULT
from_ADDRESS__address_col_32,成都市渝北区天府大道811号,DEFAULT
from_ADDRESS__address_col_32,深圳市朝阳区科技园路795号,DEFAULT
from_ADDRESS__address_col_32,重庆市渝北区世纪大道197号,DEFAULT
from_ADDRESS__address_col_32,杭州市鼓楼区中山北路13号,DEFAULT
from_ADDRESS__address_col_32,南京市渝北区世纪大道756号,DEFAULT
from_ADDRESS__address_col_32,广州市渝北区天府大道790号,DEFAULT
from_ADDRESS__address_col_33,武汉市鼓楼区天府大道985号,DEFAULT
from_ADDRESS__address_col_33,杭州市渝北区天府大道306号,DEFAULT
from_ADDRESS__address_col_33,广州市浦东新区世纪大道649号,DEFAULT
from_ADDRESS__address_col_33,北京市南山区中山北路283号,DEFAULT
from_ADDRESS__address_col_33,南京市天河区建国路993号,DEFAULT
from_ADDRESS__address_col_34,西安市南山区科技园路790号,DEFAULT
from_ADDRESS__address_col_34,苏州市高新区中山北路641号,DEFAULT
from_ADDRESS__address_col_34,西安市浦东新区世纪大道500号,DEFAULT
from_ADDRESS__address_col_34,厦门市高新区中山北路914号,DEFAULT
from_ADDRESS__address_col_34,广州市朝阳区天府大道387号,DEFAULT
from_ADDRESS__address_col_34,深圳市西湖区建国路497号,DEFAULT
from_ADDRESS__address_col_34,重庆市西湖区文三路714号,DEFAULT
from_ADDRESS__address_col_35,天津市南山区文三路357号,DEFAULT
from_ADDRESS__address_col_35,青岛市南山区建国路544号,DEFAULT
from_ADDRESS__address_col_35,重庆市高新区体育西路1号,DEFAULT
from_ADDRESS__address_col_35,重庆市鼓楼区天府大道190号,DEFAULT
from_ADDRESS__address_col_35,天津市高新区中山北路636号,DEFAULT
from_ADDRESS__address_col_36,广州市渝北区中山北路565号,DEFAULT
from_ADDRESS__address_col_36,上海市朝阳区中山北路961号,DEFAULT
from_ADDRESS__address_col_36,青岛市鼓楼区天府大道502号,DEFAULT
from_ADDRESS__address_col_36,西安市西湖区建国路376号,DEFAULT
from_ADDRESS__address_col_37,大连市浦东新区体育西路821号,DEFAULT
from_ADDRESS__address_col_37,成都市鼓楼区中山北路378号,DEFAULT
from_ADDRESS__address_col_37,北京市西湖区文三路42号,DEFAULT
from_ADDRESS__address_col_37,青岛市西湖区建国路968号,DEFAULT
from_ADDRESS__address_col_38,天津市南山区文三路768号,DEFAULT
from_ADDRESS__address_col_38,西安市浦东新区中山北路654号,DEFAULT
from_ADDRESS__address_col_38,苏州市渝北区天府大道682号,DEFAULT
from_ADDRESS__address_col_38,上海市南山区中山北路185号,DEFAULT
from_ADDRESS__address_col_38,重庆市高新区天府大道162号,DEFAULT
from_ADDRESS__address_col_38,天津市渝北区科技园路925号,DEFAULT
from_ADDRESS__address_col_38,南京市鼓楼区中山北路744号,DEFAULT
from_ADDRESS__address_col_38,广州市鼓楼区中山北路564号,DEFAULT
from_ADDRESS__address_col_39,杭州市高新区体育西路459号,DEFAULT
from_ADDRESS__address_col_39,北京市朝阳区科技园路611号,DEFAULT
from_ADDRESS__address_col_39,杭州市朝阳区科技园路228号,DEFAULT
from_ADDRESS__address_col_39,青岛市西湖区文三路524号,DEFAULT
from_ADDRESS__address_col_39,大连市南山区建国路39号,DEFAULT
from_ADDRESS__address_col_39,深圳市南山区科技园路376号,DEFAULT
from_ADDRESS__address_col_39,广州市天河区科技园路831号,DEFAULT
from_ADDRESS__address_col_40,大连市天河区天府大道80号,DEFAULT
from_ADDRESS__address_col_40,厦门市渝北区世纪大道500号,DEFAULT
from_ADDRESS__address_col_40,西安市浦东新区文三路658号,DEFAULT
from_ADDRESS__address_col_40,南京市浦东新区中山北路58号,DEFAULT
from_ADDRESS__address_col_40,成都市高新区中山北路445号,DEFAULT
from_ADDRESS__address_col_40,青岛市浦东新区中山北路789号,DEFAULT
from_ADDRESS__address_col_40,大连市朝阳区天府大道797号,DEFAULT
from_ADDRESS__address_col_41,北京市西湖区文三路43号,DEFAULT
from_ADDRESS__address_col_41,深圳市朝阳区天府大道750号,DEFAULT
from_ADDRESS__address_col_41,武汉市浦东新区世纪大道443号,DEFAULT
from_ADDRESS__address_col_41,重庆市鼓楼区科技园路88号,DEFAULT
from_ADDRESS__address_col_41,南京市南山区中山北路139号,DEFAULT
from_ADDRESS__address_col_42,广州市渝北区体育西路668号,DEFAULT
from_ADDRESS__address_col_42,重庆市天河区世纪大道74号,DEFAULT
from_ADDRESS__address_col_42,成都市高新区世纪大道329号,DEFAULT
from_ADDRESS__address_col_42,厦门市渝北区文三路150号,DEFAULT
from_ADDRESS__address_col_43,大连市天河区世纪大道702号,DEFAULT
from_ADDRESS__address_col_43,厦门市浦东新区建国路758号,DEFAULT
from_ADDRESS__address_col_43,青岛市西湖区建国路352号,DEFAULT
from_ADDRESS__address_col_43,上海市西湖区体育西路483号,DEFAULT
from_ADDRESS__address_col_43,广州市天河区文三路536号,DEFAULT
from_ADDRESS__address_col_43,重庆市渝北区文三路748号,DEFAULT
from_ADDRESS__address_col_43,西安市朝阳区体育西路597号,DEFAULT
from_ADDRESS__address_col_43,重庆市朝阳区科技园路175号,DEFAULT
from_ADDRESS__address_col_44,天津市西湖区建国路477号,DEFAULT
from_ADDRESS__address_col_44,北京市浦东新区体育西路677号,DEFAULT
from_ADDRESS__address_col_44,上海市朝阳区科技园路889号,DEFAULT
from_ADDRESS__address_col_44,南京市天河区体育西路521号,DEFAULT
from_ADDRESS__address_col_44,上海市高新区体育西路888号,DEFAULT
from_ADDRESS__address_col_44,上海市南山区世纪大道513号,DEFAULT
from_ADDRESS__address_col_44,重庆市朝阳区建国路254号,DEFAULT
from_ADDRESS__address_col_44,杭州市高新区体育西路403号,DEFAULT
from_ADDRESS__address_col_45,北京市高新区天府大道361号,DEFAULT
from_ADDRESS__address_col_45,杭州市天河区文三路283号,DEFAULT
from_ADDRESS__address_col_45,苏州市西湖区体育西路912号,DEFAULT
from_ADDRESS__address_col_45,北京市西湖区世纪大道156号,DEFAULT
from_ADDRESS__address_col_45,上海市鼓楼区文三路984号,DEFAULT
from_ADDRESS__address_col_45,青岛市天河区体育西路247号,DEFAULT
from_ADDRESS__address_col_45,南京市西湖区文三路338号,DEFAULT
from_ADDRESS__address_col_45,深圳市天河区天府大道142号,DEFAULT
from_ADDRESS__address_col_45,苏州市天河区中山北路142号,DEFAULT
from_ADDRESS__address_col_46,大连市南山区体育西路931号,DEFAULT
from_ADDRESS__address_col_46,深圳市南山区科技园路70号,DEFAULT
from_ADDRESS__address_col_46,西安市浦东新区世纪大道326号,DEFAULT
from_ADDRESS__address_col_46,深圳市朝阳区中山北路327号,DEFAULT
from_ADDRESS__address_col_46,南京市鼓楼区科技园路454号,DEFAULT
from_ADDRESS__address_col_46,青岛市西湖区世纪大道798号,DEFAULT
from_ADDRESS__address_col_46,天津市西湖区文三路581号,DEFAULT
from_ADDRESS__address_col_47,天津市天河区世纪大道704号,DEFAULT
from_ADDRESS__address_col_47,武汉市南山区文三路867号,DEFAULT
from_ADDRESS__address_col_47,西安市高新区世纪大道873号,DEFAULT
from_ADDRESS__address_col_47,武汉市南山区世纪大道198号,DEFAULT
from_ADDRESS__address_col_47,北京市西湖区体育西路228号,DEFAULT
from_ADDRESS__address_col_47,广州市天河区建国路182号,DEFAULT
from_ADDRESS__address_col_47,武汉市渝北区天府大道333号,DEFAULT
from_ADDRESS__address_col_47,大连市天河区体育西路415号,DEFAULT
from_ADDRESS__address_col_48,天津市鼓楼区天府大道321号,DEFAULT
from_ADDRESS__address_col_48,西安市朝阳区文三路112号,DEFAULT
from_ADDRESS__address_col_48,青岛市朝阳区世纪大道532号,DEFAULT
from_ADDRESS__address_col_48,西安市朝阳区文三路397号,DEFAULT
from_ADDRESS__address_col_48,苏州市朝阳区世纪大道299号,DEFAULT
from_ADDRESS__address_col_48,大连市西湖区中山北路848号,DEFAULT
from_ADDRESS__address_col_48,天津市朝阳区天府大道530号,DEFAULT
from_ADDRESS__address_col_48,武汉市渝北区建国路740号,DEFAULT
from_ADDRESS__address_col_48,深圳市南山区体育西路424号,DEFAULT
from_ADDRESS__address_col_49,大连市天河区体育西路93号,DEFAULT
from_ADDRESS__address_col_49,西安市南山区天府大道751号,DEFAULT
from_ADDRESS__address_col_49,苏州市高新区建国路537号,DEFAULT
from_ADDRESS__address_col_49,西安市南山区体育西路564号,DEFAULT
from_ADDRESS__address_col_49,厦门市南山区科技园路580号,DEFAULT
from_ADDRESS__address_col_49,青岛市南山区世纪大道890号,DEFAULT
from_ADDRESS__address_col_50,南京市西湖区科技园路748号,DEFAULT
from_ADDRESS__address_col_50,武汉市西湖区天府大道186号,DEFAULT
from_ADDRESS__address_col_50,北京市西湖区建国路470号,DEFAULT
from_ADDRESS__address_col_50,武汉市朝阳区文三路904号,DEFAULT
from_ADDRESS__address_col_50,广州市渝北区体育西路420号,DEFAULT
from_ADDRESS__address_col_50,天津市朝阳区世纪大道904号,DEFAULT
from_ADDRESS__address_col_50,天津市天河区建国路190号,DEFAULT
from_ADDRESS__address_col_51,苏州市西湖区科技园路943号,DEFAULT
from_ADDRESS__address_col_51,深圳市南山区天府大道292号,DEFAULT
from_ADDRESS__address_col_51,西安市南山区体育西路768号,DEFAULT
from_ADDRESS__address_col_51,大连市朝阳区建国路787号,DEFAULT
from_ADDRESS__address_col_51,青岛市浦东新区中山北路438号,DEFAULT
from_ADDRESS__address_col_51,上海市西湖区体育西路138号,DEFAULT
from_ADDRESS__address_col_52,西安市天河区文三路60号,DEFAULT
from_ADDRESS__address_col_52,重庆市浦东新区体育西路742号,DEFAULT
from_ADDRESS__address_col_52,大连市西湖区体育西路624号,DEFAULT
from_ADDRESS__address_col_52,杭州市高新区世纪大道630号,DEFAULT
from_ADDRESS__address_col_52,重庆市渝北区体育西路828号,DEFAULT
from_ADDRESS__address_col_52,北京市浦东新区建国路477号,DEFAULT
from_ADDRESS__address_col_53,上海市天河区中山北路631号,DEFAULT
from_ADDRESS__address_col_53,南京市朝阳区科技园路359号,DEFAULT
from_ADDRESS__address_col_53,苏州市天河区建国路656号,DEFAULT
from_ADDRESS__address_col_53,厦门市朝阳区建国路703号,DEFAULT
from_ADDRESS__address_col_53,天津市朝阳区中山北路180号,DEFAULT
from_ADDRESS__address_col_54,武汉市朝阳区天府大道140号,DEFAULT
from_ADDRESS__address_col_54,苏州市渝北区中山北路550号,DEFAULT
from_ADDRESS__address_col_54,武汉市鼓楼区天府大道58号,DEFAULT
from_ADDRESS__address_col_54,杭州市高新区文三路549号,DEFAULT
from_ADDRESS__address_col_54,厦门市高新区建国路993号,DEFAULT
from_ADDRESS__address_col_54,青岛市南山区文三路621号,DEFAULT
from_ADDRESS__address_col_55,长沙市西湖区建国路1号,DEFAULT
from_ADDRESS__address_col_55,深圳市西湖区解放路2号,DEFAULT
from_ADDRESS__address_col_55,上海市南山区天府大道3号,DEFAULT
from_ADDRESS__address_col_55,北京市天河区科技园路4号,DEFAULT
from_ADDRESS__address_col_55,厦门市浦东新区文三路5号,DEFAULT
from_ADDRESS__address_col_55,成都市武侯区体育西路6号,DEFAULT
from_ADDRESS__address_col_55,厦门市福田区天府大道7号,DEFAULT
from_ADDRESS__address_col_55,厦门市南山区世纪大道8号,DEFAULT
from_ADDRESS__address_col_55,西安市朝阳区世纪大道9号,DEFAULT
from_ADDRESS__address_col_55,青岛市天河区世纪大道10号,DEFAULT
from_ADDRESS__address_col_56,苏州市武侯区中山北路11号,DEFAULT
from_ADDRESS__address_col_56,苏州市朝阳区文三路12号,DEFAULT
from_ADDRESS__address_col_56,大连市渝北区体育西路13号,DEFAULT
from_ADDRESS__address_col_56,西安市福田区中山北路14号,DEFAULT
from_ADDRESS__address_col_56,青岛市南山区中山北路15号,DEFAULT
from_ADDRESS__address_col_56,深圳市武侯区文三路16号,DEFAULT
from_ADDRESS__address_col_56,武汉市浦东新区世纪大道17号,DEFAULT
from_ADDRESS__address_col_56,重庆市南山区中山北路18号,DEFAULT
from_ADDRESS__address_col_56,杭州市鼓楼区天府大道19号,DEFAULT
from_ADDRESS__address_col_56,西安市浦东新区世纪大道20号,DEFAULT
from_ADDRESS__address_col_57,北京市西湖区人民路21号,DEFAULT
from_ADDRESS__address_col_57,西安市西湖区世纪大道22号,DEFAULT
from_ADDRESS__address_col_57,杭州市浦东新区科技园路23号,DEFAULT
from_ADDRESS__address_col_57,青岛市渝北区解放路24号,DEFAULT
from_ADDRESS__address_col_57,青岛市浦东新区建国路25号,DEFAULT
from_ADDRESS__address_col_57,深圳市高新区解放路26号,DEFAULT
from_ADDRESS__address_col_57,深圳市武侯区天府大道27号,DEFAULT
from_ADDRESS__address_col_57,厦门市朝阳区文三路28号,DEFAULT
from_ADDRESS__address_col_57,青岛市鼓楼区世纪大道29号,DEFAULT
from_ADDRESS__address_col_57,武汉市武侯区解放路30号,DEFAULT
from_ADDRESS__address_col_58,成都市鼓楼区科技园路31号,DEFAULT
from_ADDRESS__address_col_58,杭州市西湖区文三路32号,DEFAULT
from_ADDRESS__address_col_58,重庆市渝北区科技园路33号,DEFAULT
from_ADDRESS__address_col_58,深圳市南山区中山北路34号,DEFAULT
from_ADDRESS__address_col_58,重庆市鼓楼区文三路35号,DEFAULT
from_ADDRESS__address_col_58,长沙市浦东新区天府大道36号,DEFAULT
from_ADDRESS__address_col_58,重庆市天河区人民路37号,DEFAULT
from_ADDRESS__address_col_58,南京市渝北区世纪大道38号,DEFAULT
from_ADDRESS__address_col_58,杭州市西湖区建国路39号,DEFAULT
from_ADDRESS__address_col_58,厦门市高新区中山北路40号,DEFAULT
from_ADDRESS__address_col_59,苏州市渝北区天府大道41号,DEFAULT
from_ADDRESS__address_col_59,青岛市武侯区科技园路42号,DEFAULT
from_ADDRESS__address_col_59,天津市高新区体育西路43号,DEFAULT
from_ADDRESS__address_col_59,长沙市高新区科技园路44号,DEFAULT
from_ADDRESS__address_col_59,厦门市高新区文三路45号,DEFAULT
from_ADDRESS__address_col_59,长沙市武侯区体育西路46号,DEFAULT
from_ADDRESS__address_col_59,苏州市鼓楼区文三路47号,DEFAULT
from_ADDRESS__address_col_59,厦门市高新区世纪大道48号,DEFAULT
from_ADDRESS__address_col_59,南京市武侯区解放路49号,DEFAULT
from_ADDRESS__address_col_59,成都市福田区建国路50号,DEFAULT
from_ADDRESS__address_col_60,大连市天河区人民路51号,DEFAULT
from_ADDRESS__address_col_60,天津市浦东新区中山北路52号,DEFAULT
from_ADDRESS__address_col_60,长沙市南山区文三路53号,DEFAULT
from_ADDRESS__address_col_60,武汉市西湖区科技园路54号,DEFAULT
from_ADDRESS__address_col_60,青岛市鼓楼区世纪大道55号,DEFAULT
from_ADDRESS__address_col_60,大连市武侯区人民路56号,DEFAULT
from_ADDRESS__address_col_60,厦门市福田区解放路57号,DEFAULT
from_ADDRESS__address_col_60,青岛市福田区建国路58号,DEFAULT
from_ADDRESS__address_col_60,西安市福田区世纪大道59号,DEFAULT
from_ADDRESS__address_col_60,广州市天河区天府大道60号,DEFAULT
from_ADDRESS__address_col_61,成都市武侯区建国路61号,DEFAULT
from_ADDRESS__address_col_61,厦门市高新区中山北路62号,DEFAULT
from_ADDRESS__address_col_61,广州市朝阳区世纪大道63号,DEFAULT
from_ADDRESS__address_col_61,重庆市天河区解放路64号,DEFAULT
from_ADDRESS__address_col_61,武汉市渝北区天府大道65号,DEFAULT
from_ADDRESS__address_col_61,厦门市渝北区解放路66号,DEFAULT
from_ADDRESS__address_col_61,杭州市高新区建国路67号,DEFAULT
from_ADDRESS__address_col_61,长沙市浦东新区文三路68号,DEFAULT
from_ADDRESS__address_col_61,青岛市浦东新区世纪大道69号,DEFAULT
from_ADDRESS__address_col_61,杭州市高新区文三路70号,DEFAULT
from_ADDRESS__address_col_62,苏州市渝北区体育西路71号,DEFAULT
from_ADDRESS__address_col_62,长沙市高新区人民路72号,DEFAULT
from_ADDRESS__address_col_62,广州市渝北区人民路73号,DEFAULT
from_ADDRESS__address_col_62,苏州市浦东新区文三路74号,DEFAULT
from_ADDRESS__address_col_62,上海市浦东新区建国路75号,DEFAULT
from_ADDRESS__address_col_62,苏州市浦东新区科技园路76号,DEFAULT
from_ADDRESS__address_col_62,武汉市福田区科技园路77号,DEFAULT
from_ADDRESS__address_col_62,成都市高新区解放路78号,DEFAULT
from_ADDRESS__address_col_62,青岛市渝北区体育西路79号,DEFAULT
from_ADDRESS__address_col_62,厦门市南山区科技园路80号,DEFAULT
from_ADDRESS__address_col_63,青岛市鼓楼区建国路81号,DEFAULT
from_ADDRESS__address_col_63,南京市渝北区中山北路82号,DEFAULT
from_ADDRESS__address_col_63,厦门市朝阳区体育西路83号,DEFAULT
from_ADDRESS__address_col_63,南京市西湖区世纪大道84号,DEFAULT
from_ADDRESS__address_col_63,广州市福田区科技园路85号,DEFAULT
from_ADDRESS__address_col_63,西安市高新区体育西路86号,DEFAULT
from_ADDRESS__address_col_63,大连市浦东新区文三路87号,DEFAULT
from_ADDRESS__address_col_63,长沙市福田区天府大道88号,DEFAULT
from_ADDRESS__address_col_63,厦门市武侯区中山北路89号,DEFAULT
from_ADDRESS__address_col_63,广州市高新区天府大道90号,DEFAULT
from_ADDRESS__address_col_64,大连市武侯区科技园路91号,DEFAULT
from_ADDRESS__address_col_64,天津市武侯区世纪大道92号,DEFAULT
from_ADDRESS__address_col_64,杭州市高新区世纪大道93号,DEFAULT
from_ADDRESS__address_col_64,武汉市西湖区世纪大道94号,DEFAULT
from_ADDRESS__address_col_64,成都市高新区科技园路95号,DEFAULT
from_ADDRESS__address_col_64,厦门市鼓楼区科技园路96号,DEFAULT
from_ADDRESS__address_col_64,厦门市鼓楼区科技园路97号,DEFAULT
from_ADDRESS__address_col_64,长沙市福田区科技园路98号,DEFAULT
from_ADDRESS__address_col_64,成都市渝北区文三路99号,DEFAULT
from_ADDRESS__address_col_64,杭州市南山区天府大道100号,DEFAULT
from_ADDRESS__address_col_65,大连市武侯区建国路101号,DEFAULT
from_ADDRESS__address_col_65,西安市朝阳区人民路102号,DEFAULT
from_ADDRESS__address_col_65,杭州市天河区中山北路103号,DEFAULT
from_ADDRESS__address_col_65,长沙市鼓楼区人民路104号,DEFAULT
from_ADDRESS__address_col_65,青岛市渝北区人民路105号,DEFAULT
from_ADDRESS__address_col_65,成都市浦东新区建国路106号,DEFAULT
from_ADDRESS__address_col_65,武汉市西湖区建国路107号,DEFAULT
from_ADDRESS__address_col_65,重庆市天河区解放路108号,DEFAULT
from_ADDRESS__address_col_65,天津市南山区人民路109号,DEFAULT
from_ADDRESS__address_col_65,长沙市福田区解放路110号,DEFAULT
from_ADDRESS__address_col_66,广州市武侯区世纪大道111号,DEFAULT
from_ADDRESS__address_col_66,重庆市福田区天府大道112号,DEFAULT
from_ADDRESS__address_col_66,上海市渝北区解放路113号,DEFAULT
from_ADDRESS__address_col_66,南京市鼓楼区世纪大道114号,DEFAULT
from_ADDRESS__address_col_66,武汉市西湖区建国路115号,DEFAULT
from_ADDRESS__address_col_66,大连市西湖区天府大道116号,DEFAULT
from_ADDRESS__address_col_66,深圳市渝北区世纪大道117号,DEFAULT
from_ADDRESS__address_col_66,武汉市天河区天府大道118号,DEFAULT
from_ADDRESS__address_col_66,青岛市南山区科技园路119号,DEFAULT
from_ADDRESS__address_col_66,南京市天河区建国路120号,DEFAULT
from_ADDRESS__address_col_67,西安市福田区文三路121号,DEFAULT
from_ADDRESS__address_col_67,成都市高新区文三路122号,DEFAULT
from_ADDRESS__address_col_67,天津市武侯区文三路123号,DEFAULT
from_ADDRESS__address_col_67,广州市南山区中山北路124号,DEFAULT
from_ADDRESS__address_col_67,上海市西湖区科技园路125号,DEFAULT
from_ADDRESS__address_col_67,杭州市天河区科技园路126号,DEFAULT
from_ADDRESS__address_col_67,苏州市天河区中山北路127号,DEFAULT
from_ADDRESS__address_col_67,长沙市南山区文三路128号,DEFAULT
from_ADDRESS__address_col_67,青岛市鼓楼区人民路129号,DEFAULT
from_ADDRESS__address_col_67,深圳市浦东新区中山北路130号,DEFAULT
from_ADDRESS__address_col_68,重庆市高新区人民路131号,DEFAULT
from_ADDRESS__address_col_68,长沙市高新区建国路132号,DEFAULT
from_ADDRESS__address_col_68,深圳市渝北区天府大道133号,DEFAULT
from_ADDRESS__address_col_68,深圳市福田区中山北路134号,DEFAULT
from_ADDRESS__address_col_68,南京市鼓楼区体育西路135号,DEFAULT
from_ADDRESS__address_col_68,长沙市西湖区天府大道136号,DEFAULT
from_ADDRESS__address_col_68,天津市高新区解放路137号,DEFAULT
from_ADDRESS__address_col_68,杭州市武侯区人民路138号,DEFAULT
from_ADDRESS__address_col_68,苏州市朝阳区建国路139号,DEFAULT
from_ADDRESS__address_col_68,广州市渝北区建国路140号,DEFAULT
from_ADDRESS__address_col_69,广州市南山区人民路141号,DEFAULT
from_ADDRESS__address_col_69,大连市朝阳区中山北路142号,DEFAULT
from_ADDRESS__address_col_69,南京市南山区文三路143号,DEFAULT
from_ADDRESS__address_col_69,成都市西湖区世纪大道144号,DEFAULT
from_ADDRESS__address_col_69,西安市西湖区世纪大道145号,DEFAULT
from_ADDRESS__address_col_69,西安市南山区建国路146号,DEFAULT
from_ADDRESS__address_col_69,厦门市西湖区体育西路147号,DEFAULT
from_ADDRESS__address_col_69,青岛市浦东新区世纪大道148号,DEFAULT
from_ADDRESS__address_col_69,北京市天河区人民路149号,DEFAULT
from_ADDRESS__address_col_69,深圳市南山区体育西路150号,DEFAULT
from_ADDRESS__address_col_70,大连市朝阳区建国路151号,DEFAULT
from_ADDRESS__address_col_70,苏州市浦东新区中山北路152号,DEFAULT
from_ADDRESS__address_col_70,杭州市渝北区世纪大道153号,DEFAULT
from_ADDRESS__address_col_70,武汉市鼓楼区世纪大道154号,DEFAULT
from_ADDRESS__address_col_70,广州市浦东新区天府大道155号,DEFAULT
from_ADDRESS__address_col_70,西安市西湖区科技园路156号,DEFAULT
from_ADDRESS__address_col_70,厦门市南山区科技园路157号,DEFAULT
from_ADDRESS__address_col_70,深圳市福田区建国路158号,DEFAULT
from_ADDRESS__address_col_70,成都市渝北区天府大道159号,DEFAULT
from_ADDRESS__address_col_70,南京市南山区中山北路160号,DEFAULT
from_ADDRESS__address_col_71,大连市天河区世纪大道161号,DEFAULT
from_ADDRESS__address_col_71,厦门市高新区中山北路163号,DEFAULT
from_ADDRESS__address_col_71,苏州市南山区体育西路164号,DEFAULT
from_ADDRESS__address_col_71,重庆市浦东新区体育西路165号,DEFAULT
from_ADDRESS__address_col_71,天津市朝阳区文三路166号,DEFAULT
from_ADDRESS__address_col_71,南京市福田区解放路167号,DEFAULT
from_ADDRESS__address_col_71,南京市鼓楼区文三路168号,DEFAULT
from_ADDRESS__address_col_71,上海市天河区人民路169号,DEFAULT
from_ADDRESS__address_col_71,厦门市浦东新区体育西路170号,DEFAULT
from_ADDRESS__address_col_71,长沙市武侯区世纪大道171号,DEFAULT
from_ADDRESS__address_col_72,北京市高新区天府大道172号,DEFAULT
from_ADDRESS__address_col_72,杭州市鼓楼区中山北路173号,DEFAULT
from_BANK_CARD__bank_col_1,6222020000000007,DEFAULT
from_BANK_CARD__bank_col_1,6222020000123452,DEFAULT
from_BANK_CARD__bank_col_1,6222020000246907,DEFAULT
from_BANK_CARD__bank_col_1,6222020000370350,DEFAULT
from_BANK_CARD__bank_col_1,6222020000493806,DEFAULT
from_BANK_CARD__bank_col_1,6222020000617255,DEFAULT
from_BANK_CARD__bank_col_1,6222020000740701,DEFAULT
from_BANK_CARD__bank_col_1,6222020000864154,DEFAULT
from_BANK_CARD__bank_col_1,6222020000987609,DEFAULT
from_BANK_CARD__bank_col_1,6222020001111050,DEFAULT
from_BANK_CARD__bank_col_2,6228480100000006,DEFAULT
from_BANK_CARD__bank_col_2,6228480100123451,DEFAULT
from_BANK_CARD__bank_col_2,6228480100246906,DEFAULT
from_BANK_CARD__bank_col_2,6228480100370359,DEFAULT
from_BANK_CARD__bank_col_2,6228480100493805,DEFAULT
from_BANK_CARD__bank_col_2,6228480100617254,DEFAULT
from_BANK_CARD__bank_col_2,6228480100740700,DEFAULT
from_BANK_CARD__bank_col_2,6228480100864153,DEFAULT
from_BANK_CARD__bank_col_2,6228480100987608,DEFAULT
from_BANK_CARD__bank_col_2,6228480101111059,DEFAULT
from_BANK_CARD__bank_col_3,6217000200000004,DEFAULT
from_BANK_CARD__bank_col_3,6217000200123459,DEFAULT
from_BANK_CARD__bank_col_3,6217000200246904,DEFAULT
from_BANK_CARD__bank_col_3,6217000200370357,DEFAULT
from_BANK_CARD__bank_col_3,6217000200493803,DEFAULT
from_BANK_CARD__bank_col_3,6217000200617252,DEFAULT
from_BANK_CARD__bank_col_3,6217000200740708,DEFAULT
from_BANK_CARD__bank_col_3,6217000200864151,DEFAULT
from_BANK_CARD__bank_col_3,6217000200987606,DEFAULT
from_BANK_CARD__bank_col_3,6217000201111057,DEFAULT
from_BANK_CARD__bank_col_4,6214830300000006,DEFAULT
from_BANK_CARD__bank_col_4,6214830300123451,DEFAULT
from_BANK_CARD__bank_col_4,6214830300246906,DEFAULT
from_BANK_CARD__bank_col_4,6214830300370359,DEFAULT
from_BANK_CARD__bank_col_4,6214830300493805,DEFAULT
from_BANK_CARD__bank_col_4,6214830300617254,DEFAULT
from_BANK_CARD__bank_col_4,6214830300740700,DEFAULT
from_BANK_CARD__bank_col_4,6214830300864153,DEFAULT
from_BANK_CARD__bank_col_4,6214830300987608,DEFAULT
from_BANK_CARD__bank_col_4,6214830301111059,DEFAULT
from_BANK_CARD__bank_col_5,6227000400000000,DEFAULT
from_BANK_CARD__bank_col_5,6227000400123455,DEFAULT
from_BANK_CARD__bank_col_5,6227000400246900,DEFAULT
from_BANK_CARD__bank_col_5,6227000400370353,DEFAULT
from_BANK_CARD__bank_col_5,6227000400493809,DEFAULT
from_BANK_CARD__bank_col_5,6227000400617258,DEFAULT
from_BANK_CARD__bank_col_5,6227000400740704,DEFAULT
from_BANK_CARD__bank_col_5,6227000400864157,DEFAULT
from_BANK_CARD__bank_col_5,6227000400987602,DEFAULT
from_BANK_CARD__bank_col_5,6227000401111053,DEFAULT
from_BANK_CARD__bank_col_6,6222600500000001,DEFAULT
from_BANK_CARD__bank_col_6,6222600500123456,DEFAULT
from_BANK_CARD__bank_col_6,6222600500246901,DEFAULT
from_BANK_CARD__bank_col_6,6222600500370354,DEFAULT
from_BANK_CARD__bank_col_6,6222600500493800,DEFAULT
from_BANK_CARD__bank_col_6,6222600500617259,DEFAULT
from_BANK_CARD__bank_col_6,6222600500740705,DEFAULT
from_BANK_CARD__bank_col_6,6222600500864158,DEFAULT
from_BANK_CARD__bank_col_6,6222600500987603,DEFAULT
from_BANK_CARD__bank_col_6,6222600501111054,DEFAULT
from_BANK_CARD__bank_col_7,6225880600000005,DEFAULT
from_BANK_CARD__bank_col_7,6225880600123450,DEFAULT
from_BANK_CARD__bank_col_7,6225880600246905,DEFAULT
from_BANK_CARD__bank_col_7,6225880600370358,DEFAULT
from_BANK_CARD__bank_col_7,6225880600493804,DEFAULT
from_BANK_CARD__bank_col_7,6225880600617253,DEFAULT
from_BANK_CARD__bank_col_7,6225880600740709,DEFAULT
from_BANK_CARD__bank_col_7,6225880600864152,DEFAULT
from_BANK_CARD__bank_col_7,6225880600987607,DEFAULT
from_BANK_CARD__bank_col_7,6225880601111058,DEFAULT
from_BANK_CARD__bank_col_8,6226090700000009,DEFAULT
from_BANK_CARD__bank_col_8,6226090700123454,DEFAULT
from_BANK_CARD__bank_col_8,6226090700246909,DEFAULT
from_BANK_CARD__bank_col_8,6226090700370352,DEFAULT
from_BANK_CARD__bank_col_8,6226090700493808,DEFAULT
from_BANK_CARD__bank_col_8,6226090700617257,DEFAULT
from_BANK_CARD__bank_col_8,6226090700740703,DEFAULT
from_BANK_CARD__bank_col_8,6226090700864156,DEFAULT
from_BANK_CARD__bank_col_8,6226090700987601,DEFAULT
from_BANK_CARD__bank_col_8,6226090701111052,DEFAULT
from_BANK_CARD__bank_col_9,6229080800000006,DEFAULT
from_BANK_CARD__bank_col_9,6229080800123451,DEFAULT
from_BANK_CARD__bank_col_9,6229080800246906,DEFAULT
from_BANK_CARD__bank_col_9,6229080800370359,DEFAULT
from_BANK_CARD__bank_col_9,6229080800493805,DEFAULT
from_BANK_CARD__bank_col_9,6229080800617254,DEFAULT
from_BANK_CARD__bank_col_9,6229080800740700,DEFAULT
from_BANK_CARD__bank_col_9,6229080800864153,DEFAULT
from_BANK_CARD__bank_col_9,6229080800987608,DEFAULT
from_BANK_CARD__bank_col_9,6229080801111059,DEFAULT
from_BANK_CARD__bank_col_10,6230520900000007,DEFAULT
from_BANK_CARD__bank_col_10,6230520900123452,DEFAULT
from_BANK_CARD__bank_col_10,6230520900246907,DEFAULT
from_BANK_CARD__bank_col_10,6230520900370350,DEFAULT
from_BANK_CARD__bank_col_10,6230520900493806,DEFAULT
from_BANK_CARD__bank_col_10,6230520900617255,DEFAULT
from_BANK_CARD__bank_col_10,6230520900740701,DEFAULT
from_BANK_CARD__bank_col_10,6230520900864154,DEFAULT
from_BANK_CARD__bank_col_10,6230520900987609,DEFAULT
from_BANK_CARD__bank_col_10,6230520901111050,DEFAULT
from_BANK_CARD__bank_col_11,6225881450461735,DEFAULT
from_BANK_CARD__bank_col_11,6217003842150317,DEFAULT
from_BANK_CARD__bank_col_11,6212268235784521,DEFAULT
from_BANK_CARD__bank_col_11,6225882307681040,DEFAULT
from_BANK_CARD__bank_col_11,6225881570184094,DEFAULT
from_BANK_CARD__bank_col_11,6228485334485714,DEFAULT
from_BANK_CARD__bank_col_11,6222023858542493,DEFAULT
from_BANK_CARD__bank_col_12,6217008702070160,DEFAULT
from_BANK_CARD__bank_col_12,6212269545381792,DEFAULT
from_BANK_CARD__bank_col_12,6212264773329456,DEFAULT
from_BANK_CARD__bank_col_12,6222021715772459,DEFAULT
from_BANK_CARD__bank_col_12,6225881615814876,DEFAULT
from_BANK_CARD__bank_col_13,6228489382761539,DEFAULT
from_BANK_CARD__bank_col_13,6212269583219719,DEFAULT
from_BANK_CARD__bank_col_13,6217008172461919,DEFAULT
from_BANK_CARD__bank_col_13,6212265701329022,DEFAULT
from_BANK_CARD__bank_col_13,6217006997335494,DEFAULT
from_BANK_CARD__bank_col_13,6212265190986240,DEFAULT
from_BANK_CARD__bank_col_13,6225880085140369,DEFAULT
from_BANK_CARD__bank_col_13,6217006666832723,DEFAULT
from_BANK_CARD__bank_col_13,6217006242201027,DEFAULT
from_BANK_CARD__bank_col_13,6228481267969278,DEFAULT
from_BANK_CARD__bank_col_14,6212266532690973,DEFAULT
from_BANK_CARD__bank_col_14,6217006895009751,DEFAULT
from_BANK_CARD__bank_col_14,6222022847818913,DEFAULT
from_BANK_CARD__bank_col_14,6222028949058077,DEFAULT
from_BANK_CARD__bank_col_14,6212269565442094,DEFAULT
from_BANK_CARD__bank_col_14,6225884079290490,DEFAULT
from_BANK_CARD__bank_col_14,6217004294440192,DEFAULT
from_BANK_CARD__bank_col_14,6228487524372805,DEFAULT
from_BANK_CARD__bank_col_15,6228489276637239,DEFAULT
from_BANK_CARD__bank_col_15,6217000410276747,DEFAULT
from_BANK_CARD__bank_col_15,6225883667428604,DEFAULT
from_BANK_CARD__bank_col_15,6212266580185694,DEFAULT
from_BANK_CARD__bank_col_15,6217009673938525,DEFAULT
from_BANK_CARD__bank_col_15,6222021061817534,DEFAULT
from_BANK_CARD__bank_col_16,6228489111926921,DEFAULT
from_BANK_CARD__bank_col_16,6217004717465421,DEFAULT
from_BANK_CARD__bank_col_16,6217000442717396,DEFAULT
from_BANK_CARD__bank_col_16,6228489174101194,DEFAULT
from_BANK_CARD__bank_col_16,6222027200642569,DEFAULT
from_BANK_CARD__bank_col_16,6212267661830671,DEFAULT
from_BANK_CARD__bank_col_17,6217005460158517,DEFAULT
from_BANK_CARD__bank_col_17,6217003280634615,DEFAULT
from_BANK_CARD__bank_col_17,6212263203093761,DEFAULT
from_BANK_CARD__bank_col_17,6217007870050506,DEFAULT
from_BANK_CARD__bank_col_17,6212268293102707,DEFAULT
from_BANK_CARD__bank_col_17,6225880320204179,DEFAULT
from_BANK_CARD__bank_col_18,6228481365651982,DEFAULT
from_BANK_CARD__bank_col_18,6225882511426258,DEFAULT
from_BANK_CARD__bank_col_18,6222022196207100,DEFAULT
from_BANK_CARD__bank_col_18,6225884672324876,DEFAULT
from_BANK_CARD__bank_col_18,6222029279145608,DEFAULT
from_BANK_CARD__bank_col_19,6222029588373403,DEFAULT
from_BANK_CARD__bank_col_19,6212267220054364,DEFAULT
from_BANK_CARD__bank_col_19,6222020822078113,DEFAULT
from_BANK_CARD__bank_col_19,6225889563531531,DEFAULT
from_BANK_CARD__bank_col_19,6212263179706239,DEFAULT
from_BANK_CARD__bank_col_19,6212265273543520,DEFAULT
from_BANK_CARD__bank_col_19,6222024217762534,DEFAULT
from_BANK_CARD__bank_col_20,6225882983168739,DEFAULT
from_BANK_CARD__bank_col_20,6212264063356939,DEFAULT
from_BANK_CARD__bank_col_20,6225880600780686,DEFAULT
from_BANK_CARD__bank_col_20,6222027731806325,DEFAULT
from_BANK_CARD__bank_col_20,6222027427990772,DEFAULT
from_BANK_CARD__bank_col_20,6212262570165804,DEFAULT
from_BANK_CARD__bank_col_20,6217009893195085,DEFAULT
from_BANK_CARD__bank_col_20,6222026579055281,DEFAULT
from_BANK_CARD__bank_col_20,6228482538179335,DEFAULT
from_BANK_CARD__bank_col_21,6217008640155778,DEFAULT
from_BANK_CARD__bank_col_21,6222027884795137,DEFAULT
from_BANK_CARD__bank_col_21,6217001124127238,DEFAULT
from_BANK_CARD__bank_col_21,6222024682756704,DEFAULT
from_BANK_CARD__bank_col_21,6228488569557988,DEFAULT
from_BANK_CARD__bank_col_21,6217009242437540,DEFAULT
from_BANK_CARD__bank_col_21,6228489284222231,DEFAULT
from_BANK_CARD__bank_col_22,6212264523805525,DEFAULT
from_BANK_CARD__bank_col_22,6228488410672752,DEFAULT
from_BANK_CARD__bank_col_22,6225885474929751,DEFAULT
from_BANK_CARD__bank_col_22,6222022814069375,DEFAULT
from_BANK_CARD__bank_col_22,6228489834301871,DEFAULT
from_BANK_CARD__bank_col_22,6212263759980562,DEFAULT
from_BANK_CARD__bank_col_22,6212265650455478,DEFAULT
from_BANK_CARD__bank_col_23,6212267426629912,DEFAULT
from_BANK_CARD__bank_col_23,6225885196106462,DEFAULT
from_BANK_CARD__bank_col_23,6225882326487049,DEFAULT
from_BANK_CARD__bank_col_23,6228480024471462,DEFAULT
from_BANK_CARD__bank_col_23,6228480147195979,DEFAULT
from_BANK_CARD__bank_col_23,6217007158904290,DEFAULT
from_BANK_CARD__bank_col_24,6228485204565044,DEFAULT
from_BANK_CARD__bank_col_24,6222028321928554,DEFAULT
from_BANK_CARD__bank_col_24,6222028952028457,DEFAULT
from_BANK_CARD__bank_col_24,6228481328338988,DEFAULT
from_BANK_CARD__bank_col_24,6222026711207545,DEFAULT
from_BANK_CARD__bank_col_24,6225888524013223,DEFAULT
from_BANK_CARD__bank_col_25,6222021076031089,DEFAULT
from_BANK_CARD__bank_col_25,6222021401193932,DEFAULT
from_BANK_CARD__bank_col_25,6222021249552893,DEFAULT
from_BANK_CARD__bank_col_25,6222021908334280,DEFAULT
from_BANK_CARD__bank_col_25,6222023875927125,DEFAULT
from_BANK_CARD__bank_col_25,6212263836151718,DEFAULT
from_BANK_CARD__bank_col_25,6217008015716479,DEFAULT
from_BANK_CARD__bank_col_25,6212263864631752,DEFAULT
from_BANK_CARD__bank_col_26,6222026781126691,DEFAULT
from_BANK_CARD__bank_col_26,6228481535396136,DEFAULT
from_BANK_CARD__bank_col_26,6217009946579678,DEFAULT
from_BANK_CARD__bank_col_26,6222024773201017,DEFAULT
from_BANK_CARD__bank_col_26,6228486952499118,DEFAULT
from_BANK_CARD__bank_col_26,6212263477848588,DEFAULT
from_BANK_CARD__bank_col_27,6222026756770028,DEFAULT
from_BANK_CARD__bank_col_27,6217002762467197,DEFAULT
from_BANK_CARD__bank_col_27,6225889778280647,DEFAULT
from_BANK_CARD__bank_col_27,6212269545009025,DEFAULT
from_BANK_CARD__bank_col_27,6217006165565033,DEFAULT
from_BANK_CARD__bank_col_27,6222024152085076,DEFAULT
from_BANK_CARD__bank_col_27,6212264079056965,DEFAULT
from_BANK_CARD__bank_col_27,6212261357852945,DEFAULT
from_BANK_CARD__bank_col_28,6228487183440496,DEFAULT
from_BANK_CARD__bank_col_28,6225881919541987,DEFAULT
from_BANK_CARD__bank_col_28,6217001484685366,DEFAULT
from_BANK_CARD__bank_col_28,6225882082973748,DEFAULT
from_BANK_CARD__bank_col_28,6212269083572324,DEFAULT
from_BANK_CARD__bank_col_28,6212265136442493,DEFAULT
from_BANK_CARD__bank_col_28,6222022303477866,DEFAULT
from_BANK_CARD__bank_col_28,6222023242044820,DEFAULT
from_BANK_CARD__bank_col_28,6212260015941651,DEFAULT
from_BANK_CARD__bank_col_29,6228483198189847,DEFAULT
from_BANK_CARD__bank_col_29,6228489155963632,DEFAULT
from_BANK_CARD__bank_col_29,6212266490785158,DEFAULT
from_BANK_CARD__bank_col_29,6228484257540900,DEFAULT
from_BANK_CARD__bank_col_29,6228484864518376,DEFAULT
from_BANK_CARD__bank_col_29,6217004134327560,DEFAULT
from_BANK_CARD__bank_col_29,6212267656124815,DEFAULT
from_BANK_CARD__bank_col_30,6225885700272063,DEFAULT
from_BANK_CARD__bank_col_30,6217009112382965,DEFAULT
from_BANK_CARD__bank_col_30,6228484295431652,DEFAULT
from_BANK_CARD__bank_col_30,6212269300893173,DEFAULT
from_BANK_CARD__bank_col_30,6217002152910867,DEFAULT
from_BANK_CARD__bank_col_30,6212261333447626,DEFAULT
from_BANK_CARD__bank_col_30,6225883436262044,DEFAULT
from_BANK_CARD__bank_col_31,6217009710725636,DEFAULT
from_BANK_CARD__bank_col_31,6225884118005375,DEFAULT
from_BANK_CARD__bank_col_31,6225880048964652,DEFAULT
from_BANK_CARD__bank_col_31,6225880924287572,DEFAULT
from_BANK_CARD__bank_col_31,6228484150274564,DEFAULT
from_BANK_CARD__bank_col_31,6217009485625728,DEFAULT
from_BANK_CARD__bank_col_31,6212260320320742,DEFAULT
from_BANK_CARD__bank_col_31,6212261707587771,DEFAULT
from_BANK_CARD__bank_col_31,6228481513422849,DEFAULT
from_BANK_CARD__bank_col_32,6225883908926137,DEFAULT
from_BANK_CARD__bank_col_32,6217000416591520,DEFAULT
from_BANK_CARD__bank_col_32,6212264905097592,DEFAULT
from_BANK_CARD__bank_col_32,6217005018961642,DEFAULT
from_BANK_CARD__bank_col_32,6222020326642147,DEFAULT
from_BANK_CARD__bank_col_32,6217009251583776,DEFAULT
from_BANK_CARD__bank_col_32,6225889616592661,DEFAULT
from_BANK_CARD__bank_col_33,6228482788147617,DEFAULT
from_BANK_CARD__bank_col_33,6217003864908108,DEFAULT
from_BANK_CARD__bank_col_33,6212269454918017,DEFAULT
from_BANK_CARD__bank_col_33,6222021645977945,DEFAULT
from_BANK_CARD__bank_col_33,6228483219416800,DEFAULT
from_BANK_CARD__bank_col_33,6222022776974995,DEFAULT
from_BANK_CARD__bank_col_34,6212264122031030,DEFAULT
from_BANK_CARD__bank_col_34,6225883147276012,DEFAULT
from_BANK_CARD__bank_col_34,6212267707933496,DEFAULT
from_BANK_CARD__bank_col_34,6212267998407678,DEFAULT
from_BANK_CARD__bank_col_34,6225887308069581,DEFAULT
from_BANK_CARD__bank_col_35,6212261795760243,DEFAULT
from_BANK_CARD__bank_col_35,6212263839597246,DEFAULT
from_BANK_CARD__bank_col_35,6217007293417223,DEFAULT
from_BANK_CARD__bank_col_35,6212264338005452,DEFAULT
from_BANK_CARD__bank_col_35,6222028374550842,DEFAULT
from_BANK_CARD__bank_col_36,6225889107711991,DEFAULT
from_BANK_CARD__bank_col_36,6222028121352478,DEFAULT
from_BANK_CARD__bank_col_36,6222022552137603,DEFAULT
from_BANK_CARD__bank_col_36,6212265482145653,DEFAULT
from_BANK_CARD__bank_col_36,6228482666785072,DEFAULT
from_BANK_CARD__bank_col_36,6225881155626060,DEFAULT
from_BANK_CARD__bank_col_36,6228489084668455,DEFAULT
from_BANK_CARD__bank_col_36,6225882673899756,DEFAULT
from_BANK_CARD__bank_col_37,6217001085628843,DEFAULT
from_BANK_CARD__bank_col_37,6228480089434681,DEFAULT
from_BANK_CARD__bank_col_37,6217004851017490,DEFAULT
from_BANK_CARD__bank_col_37,6228489989354492,DEFAULT
from_BANK_CARD__bank_col_37,6225883158935712,DEFAULT
from_BANK_CARD__bank_col_37,6212261106273715,DEFAULT
from_BANK_CARD__bank_col_37,6212269886497677,DEFAULT
from_BANK_CARD__bank_col_37,6212262282772881,DEFAULT
from_BANK_CARD__bank_col_38,6212267028519611,DEFAULT
from_BANK_CARD__bank_col_38,6217000821545447,DEFAULT
from_BANK_CARD__bank_col_38,6217004327018510,DEFAULT
from_BANK_CARD__bank_col_38,6225884975679228,DEFAULT
from_BANK_CARD__bank_col_38,6212267251996636,DEFAULT
from_BANK_CARD__bank_col_38,6212264120948181,DEFAULT
from_BANK_CARD__bank_col_39,6222029837801820,DEFAULT
from_BANK_CARD__bank_col_39,6225887189569070,DEFAULT
from_BANK_CARD__bank_col_39,6225885641118242,DEFAULT
from_BANK_CARD__bank_col_39,6228480952004615,DEFAULT
from_BANK_CARD__bank_col_40,6225883788614057,DEFAULT
from_BANK_CARD__bank_col_40,6222027063048913,DEFAULT
from_BANK_CARD__bank_col_40,6228484967183258,DEFAULT
from_BANK_CARD__bank_col_40,6228488687007942,DEFAULT
from_BANK_CARD__bank_col_40,6212265398402891,DEFAULT
from_BANK_CARD__bank_col_41,6228488463985547,DEFAULT
from_BANK_CARD__bank_col_41,6217003795020970,DEFAULT
from_BANK_CARD__bank_col_41,6228486876811807,DEFAULT
from_BANK_CARD__bank_col_41,6217006956201753,DEFAULT
from_BANK_CARD__bank_col_41,6228480453194337,DEFAULT
from_BANK_CARD__bank_col_41,6222024793036149,DEFAULT
from_BANK_CARD__bank_col_41,6228488399921921,DEFAULT
from_BANK_CARD__bank_col_41,6225884308948706,DEFAULT
from_BANK_CARD__bank_col_42,6222025664187758,DEFAULT
from_BANK_CARD__bank_col_42,6228480468750635,DEFAULT
from_BANK_CARD__bank_col_42,6228486133254110,DEFAULT
from_BANK_CARD__bank_col_42,6222029543173505,DEFAULT
from_BANK_CARD__bank_col_42,6228481997179110,DEFAULT
from_BANK_CARD__bank_col_42,6212265120704961,DEFAULT
from_BANK_CARD__bank_col_42,6217006619639907,DEFAULT
from_BANK_CARD__bank_col_42,6212269915078593,DEFAULT
from_BANK_CARD__bank_col_43,6222029392845679,DEFAULT
from_BANK_CARD__bank_col_43,6228482002496854,DEFAULT
from_BANK_CARD__bank_col_43,6225882274954508,DEFAULT
from_BANK_CARD__bank_col_43,6228480388065333,DEFAULT
from_BANK_CARD__bank_col_43,6217003779599594,DEFAULT
from_BANK_CARD__bank_col_43,6228481707303379,DEFAULT
from_BANK_CARD__bank_col_43,6217006362050150,DEFAULT
from_BANK_CARD__bank_col_43,6228484739500334,DEFAULT
from_BANK_CARD__bank_col_44,6217008323024102,DEFAULT
from_BANK_CARD__bank_col_44,6222025347355289,DEFAULT
from_BANK_CARD__bank_col_44,6222021223386559,DEFAULT
from_BANK_CARD__bank_col_44,6228480993842530,DEFAULT
from_BANK_CARD__bank_col_44,6217002897317912,DEFAULT
from_BANK_CARD__bank_col_44,6225885787255877,DEFAULT
from_BANK_CARD__bank_col_44,6225886903337363,DEFAULT
from_BANK_CARD__bank_col_44,6217004812147853,DEFAULT
from_BANK_CARD__bank_col_45,6212268956776657,DEFAULT
from_BANK_CARD__bank_col_45,6222024311150835,DEFAULT
from_BANK_CARD__bank_col_45,6217003928404456,DEFAULT
from_BANK_CARD__bank_col_46,6225880782633373,DEFAULT
from_BANK_CARD__bank_col_46,6225887751536637,DEFAULT
from_BANK_CARD__bank_col_46,6225880529240755,DEFAULT
from_BANK_CARD__bank_col_46,6212268459090225,DEFAULT
from_BANK_CARD__bank_col_46,6225889966361863,DEFAULT
from_BANK_CARD__bank_col_46,6217009741218209,DEFAULT
from_BANK_CARD__bank_col_46,6228483164334817,DEFAULT
from_BANK_CARD__bank_col_47,6212266212867163,DEFAULT
from_BANK_CARD__bank_col_47,6228489949387430,DEFAULT
from_BANK_CARD__bank_col_47,6212261693859777,DEFAULT
from_BANK_CARD__bank_col_47,6222024754692632,DEFAULT
from_BANK_CARD__bank_col_47,6212267629160324,DEFAULT
from_BANK_CARD__bank_col_47,6225884137681511,DEFAULT
from_BANK_CARD__bank_col_47,6217006724380701,DEFAULT
from_BANK_CARD__bank_col_47,6212266563600412,DEFAULT
from_BANK_CARD__bank_col_48,6212261183727422,DEFAULT
from_BANK_CARD__bank_col_48,6225881241862104,DEFAULT
from_BANK_CARD__bank_col_48,6212260816470900,DEFAULT
from_BANK_CARD__bank_col_48,6228483533106005,DEFAULT
from_BANK_CARD__bank_col_48,6222023122068155,DEFAULT
from_BANK_CARD__bank_col_48,6228489386613315,DEFAULT
from_BANK_CARD__bank_col_49,6217000637314950,DEFAULT
from_BANK_CARD__bank_col_49,6225887189241956,DEFAULT
from_BANK_CARD__bank_col_49,6228485257150997,DEFAULT
from_BANK_CARD__bank_col_49,6228488903091436,DEFAULT
from_BANK_CARD__bank_col_49,6225881025743263,DEFAULT
from_BANK_CARD__bank_col_49,6228489752450864,DEFAULT
from_BANK_CARD__bank_col_49,6228485533803396,DEFAULT
from_BANK_CARD__bank_col_49,6228487017130232,DEFAULT
from_BANK_CARD__bank_col_50,6228483816742336,DEFAULT
from_BANK_CARD__bank_col_50,6228484715662776,DEFAULT
from_BANK_CARD__bank_col_50,6212262706614982,DEFAULT
from_BANK_CARD__bank_col_50,6228484674746897,DEFAULT
from_BANK_CARD__bank_col_50,6228482300857666,DEFAULT
from_BANK_CARD__bank_col_50,6217006749160169,DEFAULT
from_BANK_CARD__bank_col_51,6217005875066337,DEFAULT
from_BANK_CARD__bank_col_51,6222022497243992,DEFAULT
from_BANK_CARD__bank_col_51,6212269183626448,DEFAULT
from_BANK_CARD__bank_col_51,6212269461195243,DEFAULT
from_BANK_CARD__bank_col_51,6212264027011686,DEFAULT
from_BANK_CARD__bank_col_51,6212262252237281,DEFAULT
from_BANK_CARD__bank_col_52,6228482302346791,DEFAULT
from_BANK_CARD__bank_col_52,6228481416141509,DEFAULT
from_BANK_CARD__bank_col_52,6222020040901380,DEFAULT
from_BANK_CARD__bank_col_52,6225884775965555,DEFAULT
from_BANK_CARD__bank_col_52,6217006690551076,DEFAULT
from_BANK_CARD__bank_col_52,6228480918435797,DEFAULT
from_BANK_CARD__bank_col_52,6228480505057397,DEFAULT
from_BANK_CARD__bank_col_52,6225881567164932,DEFAULT
from_BANK_CARD__bank_col_52,6225888027148727,DEFAULT
from_BANK_CARD__bank_col_53,6212268333211602,DEFAULT
from_BANK_CARD__bank_col_53,6217006434712871,DEFAULT
from_BANK_CARD__bank_col_53,6217003991566863,DEFAULT
from_BANK_CARD__bank_col_53,6228481952569040,DEFAULT
from_BANK_CARD__bank_col_53,6228486655289931,DEFAULT
from_BANK_CARD__bank_col_53,6225887524377294,DEFAULT
from_BANK_CARD__bank_col_54,6222029548149737,DEFAULT
from_BANK_CARD__bank_col_54,6228480276420865,DEFAULT
from_BANK_CARD__bank_col_54,6212265661844386,DEFAULT
from_BANK_CARD__bank_col_54,6225880472927742,DEFAULT
from_BANK_CARD__bank_col_55,6217008271091043,DEFAULT
from_BANK_CARD__bank_col_55,6222020684866618,DEFAULT
from_BANK_CARD__bank_col_55,6225889241418328,DEFAULT
from_BANK_CARD__bank_col_55,6217006914630316,DEFAULT
from_BANK_CARD__bank_col_55,6222027990421020,DEFAULT
from_BANK_CARD__bank_col_55,6228487588425241,DEFAULT
from_BANK_CARD__bank_col_55,6222025648149177,DEFAULT
from_BANK_CARD__bank_col_55,6225885079252419,DEFAULT
from_BANK_CARD__bank_col_55,6214831380003075,DEFAULT
from_BANK_CARD__bank_col_55,6212262208635365,DEFAULT
from_BANK_CARD__bank_col_56,6217001951802380,DEFAULT
from_BANK_CARD__bank_col_56,6212261744518705,DEFAULT
from_BANK_CARD__bank_col_56,6228484949375973,DEFAULT
from_BANK_CARD__bank_col_56,6214838320603850,DEFAULT
from_BANK_CARD__bank_col_56,6217000641383670,DEFAULT
from_BANK_CARD__bank_col_56,6228484103865719,DEFAULT
from_BANK_CARD__bank_col_56,6222028261990623,DEFAULT
from_BANK_CARD__bank_col_56,6217004565574313,DEFAULT
from_BANK_CARD__bank_col_56,6228489121277561,DEFAULT
from_BANK_CARD__bank_col_56,6225885374741124,DEFAULT
from_BANK_CARD__bank_col_57,6214839035213568,DEFAULT
from_BANK_CARD__bank_col_57,6222024420678831,DEFAULT
from_BANK_CARD__bank_col_57,6212261210032365,DEFAULT
from_BANK_CARD__bank_col_57,6214831994101372,DEFAULT
from_BANK_CARD__bank_col_57,6222025107029667,DEFAULT
from_BANK_CARD__bank_col_57,6222026625324472,DEFAULT
from_BANK_CARD__bank_col_57,6222029993476870,DEFAULT
from_BANK_CARD__bank_col_57,6222024626383806,DEFAULT
from_BANK_CARD__bank_col_57,6214835787598564,DEFAULT
from_BANK_CARD__bank_col_57,6228480593040785,DEFAULT
from_BANK_CARD__bank_col_58,6225883213348039,DEFAULT
from_BANK_CARD__bank_col_58,6212265223955905,DEFAULT
from_BANK_CARD__bank_col_58,6225889293784270,DEFAULT
from_BANK_CARD__bank_col_58,6222020393087059,DEFAULT
from_BANK_CARD__bank_col_58,6228482525002921,DEFAULT
from_BANK_CARD__bank_col_58,6225885156915452,DEFAULT
from_BANK_CARD__bank_col_58,6228486752895392,DEFAULT
from_BANK_CARD__bank_col_58,6212264422096902,DEFAULT
from_BANK_CARD__bank_col_58,6225885939172513,DEFAULT
from_BANK_CARD__bank_col_58,6217005215704331,DEFAULT
from_BANK_CARD__bank_col_59,6217004100676267,DEFAULT
from_BANK_CARD__bank_col_59,6212265861793271,DEFAULT
from_BANK_CARD__bank_col_59,6222024054115262,DEFAULT
from_BANK_CARD__bank_col_59,6214831815997062,DEFAULT
from_BANK_CARD__bank_col_59,6225886201533688,DEFAULT
from_BANK_CARD__bank_col_59,6217004431069872,DEFAULT
from_BANK_CARD__bank_col_59,6222025061497310,DEFAULT
from_BANK_CARD__bank_col_59,6228482417146774,DEFAULT
from_BANK_CARD__bank_col_59,6222028625652704,DEFAULT
from_BANK_CARD__bank_col_59,6212267434902115,DEFAULT
from_BANK_CARD__bank_col_60,6225886938068687,DEFAULT
from_BANK_CARD__bank_col_60,6225883741608989,DEFAULT
from_BANK_CARD__bank_col_60,6214839217223320,DEFAULT
from_BANK_CARD__bank_col_60,6212261632945116,DEFAULT
from_BANK_CARD__bank_col_60,6225886854870998,DEFAULT
from_BANK_CARD__bank_col_60,6212261622999119,DEFAULT
from_BANK_CARD__bank_col_60,6222024856467997,DEFAULT
from_BANK_CARD__bank_col_60,6222022462996065,DEFAULT
from_BANK_CARD__bank_col_60,6214833074505444,DEFAULT
from_BANK_CARD__bank_col_60,6212261324754691,DEFAULT
from_BANK_CARD__bank_col_61,6228487367850821,DEFAULT
from_BANK_CARD__bank_col_61,6217008628902330,DEFAULT
from_BANK_CARD__bank_col_61,6228480705345786,DEFAULT
from_BANK_CARD__bank_col_61,6214831035797279,DEFAULT
from_BANK_CARD__bank_col_61,6225885524140602,DEFAULT
from_BANK_CARD__bank_col_61,6225883333468007,DEFAULT
from_BANK_CARD__bank_col_61,6228482903494466,DEFAULT
from_BANK_CARD__bank_col_61,6217007437489691,DEFAULT
from_BANK_CARD__bank_col_61,6222028589944171,DEFAULT
from_BANK_CARD__bank_col_61,6217004544432830,DEFAULT
from_BANK_CARD__bank_col_62,6225886520744666,DEFAULT
from_BANK_CARD__bank_col_62,6214830993538758,DEFAULT
from_BANK_CARD__bank_col_62,6217002824172482,DEFAULT
from_BANK_CARD__bank_col_62,6214835135346554,DEFAULT
from_BANK_CARD__bank_col_62,6225884717099917,DEFAULT
from_BANK_CARD__bank_col_62,6228488168460223,DEFAULT
from_BANK_CARD__bank_col_62,6217006972521752,DEFAULT
from_BANK_CARD__bank_col_62,6217000074329271,DEFAULT
from_BANK_CARD__bank_col_62,6228489666676008,DEFAULT
from_BANK_CARD__bank_col_62,6228485058300335,DEFAULT
from_BANK_CARD__bank_col_63,6217002168942104,DEFAULT
from_BANK_CARD__bank_col_63,6217007898562575,DEFAULT
from_BANK_CARD__bank_col_63,6228482603323098,DEFAULT
from_BANK_CARD__bank_col_63,6228481506489090,DEFAULT
from_BANK_CARD__bank_col_63,6214831001676184,DEFAULT
from_BANK_CARD__bank_col_63,6212262304618499,DEFAULT
from_BANK_CARD__bank_col_63,6214832618914117,DEFAULT
from_BANK_CARD__bank_col_63,6228489348356420,DEFAULT
from_BANK_CARD__bank_col_63,6225887375300119,DEFAULT
from_BANK_CARD__bank_col_63,6214837218114374,DEFAULT
from_BANK_CARD__bank_col_64,6217007012045561,DEFAULT
from_BANK_CARD__bank_col_64,6222020022557941,DEFAULT
from_BANK_CARD__bank_col_64,6217005216674676,DEFAULT
from_BANK_CARD__bank_col_64,6214832120216979,DEFAULT
from_BANK_CARD__bank_col_64,6214837296590277,DEFAULT
from_BANK_CARD__bank_col_64,6222026701450899,DEFAULT
from_BANK_CARD__bank_col_64,6228485889163756,DEFAULT
from_BANK_CARD__bank_col_64,6228488900287721,DEFAULT
from_BANK_CARD__bank_col_64,6212265354083866,DEFAULT
from_BANK_CARD__bank_col_64,6228481779717751,DEFAULT
from_BANK_CARD__bank_col_65,6212260166088019,DEFAULT
from_BANK_CARD__bank_col_65,6225884883755037,DEFAULT
from_BANK_CARD__bank_col_65,6217008997571130,DEFAULT
from_BANK_CARD__bank_col_65,6217005488510272,DEFAULT
from_BANK_CARD__bank_col_65,6214836149331637,DEFAULT
from_BANK_CARD__bank_col_65,6228485160917798,DEFAULT
from_BANK_CARD__bank_col_65,6228487080869782,DEFAULT
from_BANK_CARD__bank_col_65,6214839221699586,DEFAULT
from_BANK_CARD__bank_col_65,6212269346547226,DEFAULT
from_BANK_CARD__bank_col_65,6225888485833394,DEFAULT
from_BANK_CARD__bank_col_66,6214835228851587,DEFAULT
from_BANK_CARD__bank_col_66,6225889684608106,DEFAULT
from_BANK_CARD__bank_col_66,6228480034244204,DEFAULT
from_BANK_CARD__bank_col_66,6228488057198386,DEFAULT
from_BANK_CARD__bank_col_66,6228488406665800,DEFAULT
from_BANK_CARD__bank_col_66,6214834397359893,DEFAULT
from_BANK_CARD__bank_col_66,6214833472122816,DEFAULT
from_BANK_CARD__bank_col_66,6222026484229405,DEFAULT
from_BANK_CARD__bank_col_66,6212262025909479,DEFAULT
from_BANK_CARD__bank_col_66,6225885158328182,DEFAULT
from_BANK_CARD__bank_col_67,6212268861533555,DEFAULT
from_BANK_CARD__bank_col_67,6217003987801573,DEFAULT
from_BANK_CARD__bank_col_67,6214839930561648,DEFAULT
from_BANK_CARD__bank_col_67,6214834085887704,DEFAULT
from_BANK_CARD__bank_col_67,6214833581128801,DEFAULT
from_BANK_CARD__bank_col_67,6228483613861207,DEFAULT
from_BANK_CARD__bank_col_67,6214835011024819,DEFAULT
from_BANK_CARD__bank_col_67,6228484667665061,DEFAULT
from_BANK_CARD__bank_col_67,6225880919015814,DEFAULT
from_BANK_CARD__bank_col_67,6214834914766072,DEFAULT
from_BANK_CARD__bank_col_68,6225883268424508,DEFAULT
from_BANK_CARD__bank_col_68,6225882100996881,DEFAULT
from_BANK_CARD__bank_col_68,6217003536822239,DEFAULT
from_BANK_CARD__bank_col_68,6217003129087814,DEFAULT
from_BANK_CARD__bank_col_68,6214831413975523,DEFAULT
from_BANK_CARD__bank_col_68,6222024913577594,DEFAULT
from_BANK_CARD__bank_col_68,6214839299556205,DEFAULT
from_BANK_CARD__bank_col_68,6228483645257775,DEFAULT
from_BANK_CARD__bank_col_68,6217007812914283,DEFAULT
from_BANK_CARD__bank_col_68,6217001108099693,DEFAULT
from_BANK_CARD__bank_col_69,6222028488725639,DEFAULT
from_BANK_CARD__bank_col_69,6214834278816580,DEFAULT
from_CAR_VIN__vin_col_1,1HGCM82633A004352,DEFAULT
from_CAR_VIN__vin_col_1,JH4KA9650MC000000,DEFAULT
from_CAR_VIN__vin_col_1,1FAFP404X1F123456,DEFAULT
from_CAR_VIN__vin_col_1,2HGFG11869H123456,DEFAULT
from_CAR_VIN__vin_col_1,3VWFE21C04M000001,DEFAULT
from_CAR_VIN__vin_col_2,KMHCG45C12U123456,DEFAULT
from_CAR_VIN__vin_col_2,WDBJF65JYXA123456,DEFAULT
from_CAR_VIN__vin_col_2,WAUZZZ8P7AA000001,DEFAULT
from_CAR_VIN__vin_col_2,5NPEU46F26H123456,DEFAULT
from_CAR_VIN__vin_col_2,1N4AL11D75C109151,DEFAULT
from_CAR_VIN__vin_col_3,1FTFW1EF1EKE12345,DEFAULT
from_CAR_VIN__vin_col_3,4T1BF1FK5GU123456,DEFAULT
from_CAR_VIN__vin_col_3,1GNEK13ZX3R298984,DEFAULT
from_CAR_VIN__vin_col_3,1C4RJFBG7FC123456,DEFAULT
from_CAR_VIN__vin_col_3,2T1BURHE6JC123456,DEFAULT
from_CAR_VIN__vin_col_4,5YJSA1E26HF000001,DEFAULT
from_CAR_VIN__vin_col_4,1HGCR2F3XFA123456,DEFAULT
from_CAR_VIN__vin_col_4,3N1AB7AP4HY123456,DEFAULT
from_CAR_VIN__vin_col_4,2HKRM4H55EH123456,DEFAULT
from_CAR_VIN__vin_col_4,1ZVBP8AM4E5123456,DEFAULT
from_CAR_VIN__vin_col_5,1M8GDM9AXKP042788,DEFAULT
from_CAR_VIN__vin_col_5,1HGEM21901L000000,DEFAULT
from_CAR_VIN__vin_col_5,4S4BSENC6J3212345,DEFAULT
from_CAR_VIN__vin_col_5,2C3KA53G76H123456,DEFAULT
from_CAR_VIN__vin_col_5,1GCHK29U53E123456,DEFAULT
from_CAR_VIN__vin_col_6,JTDKB20U093123456,DEFAULT
from_CAR_VIN__vin_col_6,JN8AZ2KR4DT123456,DEFAULT
from_CAR_VIN__vin_col_6,WA1LFAFP4EA123456,DEFAULT
from_CAR_VIN__vin_col_6,1C6RR7GT5FS123456,DEFAULT
from_CAR_VIN__vin_col_6,3CZRM3H59EG123456,DEFAULT
from_CAR_VIN__vin_col_7,1FTRW08L21K123456,DEFAULT
from_CAR_VIN__vin_col_7,5FNYF4H98GB123456,DEFAULT
from_CAR_VIN__vin_col_7,1G1JC5244R1234567,DEFAULT
from_CAR_VIN__vin_col_7,2GNALBEK0C1234567,DEFAULT
from_CAR_VIN__vin_col_7,1N6AA0EC2FN123456,DEFAULT
from_CAR_VIN__vin_col_8,1FTSW21P64E123456,DEFAULT
from_CAR_VIN__vin_col_8,3FAHP0HA6AR123456,DEFAULT
from_CAR_VIN__vin_col_8,1C3CDZAB1EN123456,DEFAULT
from_CAR_VIN__vin_col_8,KM8J33A46JU123456,DEFAULT
from_CAR_VIN__vin_col_8,2HGFC2F59KH123456,DEFAULT
from_CAR_VIN__vin_col_9,1GYS4CEF6BR123456,DEFAULT
from_CAR_VIN__vin_col_9,4JGDA5HB6FA123456,DEFAULT
from_CAR_VIN__vin_col_9,5TDKK3DC7ES123456,DEFAULT
from_CAR_VIN__vin_col_9,1FADP3F21DL123456,DEFAULT
from_CAR_VIN__vin_col_9,2T3ZFREV5FW123456,DEFAULT
from_CAR_VIN__vin_col_10,3VW2K7AJ5DM123456,DEFAULT
from_CAR_VIN__vin_col_10,JN1CV6EK9CM123456,DEFAULT
from_CAR_VIN__vin_col_10,WAUZZZ4F87N123456,DEFAULT
from_CAR_VIN__vin_col_10,1HGFA16526L123456,DEFAULT
from_CAR_VIN__vin_col_10,5N1AN0NW7CN123456,DEFAULT
from_CAR_VIN__car_vin_col_1,1HGCM82633A004351,DEFAULT
from_CAR_VIN__car_vin_col_1,2FTRX18W1XCA12345,DEFAULT
from_CAR_VIN__car_vin_col_1,JHMFA16586S012347,DEFAULT
from_CAR_VIN__car_vin_col_1,3VWFE21C04M000789,DEFAULT
from_CAR_VIN__car_vin_col_1,1NXBR32E54Z256781,DEFAULT
from_CAR_VIN__car_vin_col_1,5YJSA1CN5CFP01657,DEFAULT
from_CAR_VIN__car_vin_col_1,WAUZZZ8P29A123456,DEFAULT
from_CAR_VIN__car_vin_col_1,KMHCG45C23U789123,DEFAULT
from_CAR_VIN__car_vin_col_1,JN8AZ2KR9BT345678,DEFAULT
from_CAR_VIN__car_vin_col_1,4T1BE46KX7U123890,DEFAULT
from_CAR_VIN__car_vin_col_2,1HGCM82633A104352,DEFAULT
from_CAR_VIN__car_vin_col_2,2FTRX18W1XCA22346,DEFAULT
from_CAR_VIN__car_vin_col_2,JHMFA16586S112348,DEFAULT
from_CAR_VIN__car_vin_col_2,3VWFE21C04M100790,DEFAULT
from_CAR_VIN__car_vin_col_2,1NXBR32E54Z356782,DEFAULT
from_CAR_VIN__car_vin_col_2,5YJSA1CN5CFP11658,DEFAULT
from_CAR_VIN__car_vin_col_2,WAUZZZ8P29A223457,DEFAULT
from_CAR_VIN__car_vin_col_2,KMHCG45C23U889124,DEFAULT
from_CAR_VIN__car_vin_col_2,JN8AZ2KR9BT445679,DEFAULT
from_CAR_VIN__car_vin_col_2,4T1BE46KX7U223891,DEFAULT
from_CAR_VIN__car_vin_col_3,1HGCM82633A204353,DEFAULT
from_CAR_VIN__car_vin_col_3,2FTRX18W1XCA32347,DEFAULT
from_CAR_VIN__car_vin_col_3,JHMFA16586S212349,DEFAULT
from_CAR_VIN__car_vin_col_3,3VWFE21C04M200791,DEFAULT
from_CAR_VIN__car_vin_col_3,1NXBR32E54Z456783,DEFAULT
from_CAR_VIN__car_vin_col_3,5YJSA1CN5CFP21659,DEFAULT
from_CAR_VIN__car_vin_col_3,WAUZZZ8P29A323458,DEFAULT
from_CAR_VIN__car_vin_col_3,KMHCG45C23U989125,DEFAULT
from_CAR_VIN__car_vin_col_3,JN8AZ2KR9BT545680,DEFAULT
from_CAR_VIN__car_vin_col_3,4T1BE46KX7U323892,DEFAULT
from_CAR_VIN__car_vin_col_4,1HGCM82633A304354,DEFAULT
from_CAR_VIN__car_vin_col_4,2FTRX18W1XCA42348,DEFAULT
from_CAR_VIN__car_vin_col_4,JHMFA16586S312350,DEFAULT
from_CAR_VIN__car_vin_col_4,3VWFE21C04M300792,DEFAULT
from_CAR_VIN__car_vin_col_4,1NXBR32E54Z556784,DEFAULT
from_CAR_VIN__car_vin_col_4,5YJSA1CN5CFP31660,DEFAULT
from_CAR_VIN__car_vin_col_4,WAUZZZ8P29A423459,DEFAULT
from_CAR_VIN__car_vin_col_4,KMHCG45C23U089126,DEFAULT
from_CAR_VIN__car_vin_col_4,JN8AZ2KR9BT645681,DEFAULT
from_CAR_VIN__car_vin_col_4,4T1BE46KX7U423893,DEFAULT
from_CAR_VIN__car_vin_col_5,1HGCM82633A404355,DEFAULT
from_CAR_VIN__car_vin_col_5,2FTRX18W1XCA52349,DEFAULT
from_CAR_VIN__car_vin_col_5,JHMFA16586S412351,DEFAULT
from_CAR_VIN__car_vin_col_5,3VWFE21C04M400793,DEFAULT
from_CAR_VIN__car_vin_col_5,1NXBR32E54Z656785,DEFAULT
from_CAR_VIN__car_vin_col_5,5YJSA1CN5CFP41661,DEFAULT
from_CAR_VIN__car_vin_col_5,WAUZZZ8P29A523460,DEFAULT
from_CAR_VIN__car_vin_col_5,KMHCG45C23U189127,DEFAULT
from_CAR_VIN__car_vin_col_5,JN8AZ2KR9BT745682,DEFAULT
from_CAR_VIN__car_vin_col_5,4T1BE46KX7U523894,DEFAULT
from_CAR_VIN__car_vin_col_6,1HGCM82633A504356,DEFAULT
from_CAR_VIN__car_vin_col_6,2FTRX18W1XCA62350,DEFAULT
from_CAR_VIN__car_vin_col_6,JHMFA16586S512352,DEFAULT
from_CAR_VIN__car_vin_col_6,3VWFE21C04M500794,DEFAULT
from_CAR_VIN__car_vin_col_6,1NXBR32E54Z756786,DEFAULT
from_CAR_VIN__car_vin_col_6,5YJSA1CN5CFP51662,DEFAULT
from_CAR_VIN__car_vin_col_6,WAUZZZ8P29A623461,DEFAULT
from_CAR_VIN__car_vin_col_6,KMHCG45C23U289128,DEFAULT
from_CAR_VIN__car_vin_col_6,JN8AZ2KR9BT845683,DEFAULT
from_CAR_VIN__car_vin_col_6,4T1BE46KX7U623895,DEFAULT
from_CAR_VIN__car_vin_col_7,1HGCM82633A604357,DEFAULT
from_CAR_VIN__car_vin_col_7,2FTRX18W1XCA72351,DEFAULT
from_CAR_VIN__car_vin_col_7,JHMFA16586S612353,DEFAULT
from_CAR_VIN__car_vin_col_7,3VWFE21C04M600795,DEFAULT
from_CAR_VIN__car_vin_col_7,1NXBR32E54Z856787,DEFAULT
from_CAR_VIN__car_vin_col_7,5YJSA1CN5CFP61663,DEFAULT
from_CAR_VIN__car_vin_col_7,WAUZZZ8P29A723462,DEFAULT
from_CAR_VIN__car_vin_col_7,KMHCG45C23U389129,DEFAULT
from_CAR_VIN__car_vin_col_7,JN8AZ2KR9BT945684,DEFAULT
from_CAR_VIN__car_vin_col_7,4T1BE46KX7U723896,DEFAULT
from_CAR_VIN__car_vin_col_8,1HGCM82633A704358,DEFAULT
from_CAR_VIN__car_vin_col_8,2FTRX18W1XCA82352,DEFAULT
from_CAR_VIN__car_vin_col_8,JHMFA16586S712354,DEFAULT
from_CAR_VIN__car_vin_col_8,3VWFE21C04M700796,DEFAULT
from_CAR_VIN__car_vin_col_8,1NXBR32E54Z956788,DEFAULT
from_CAR_VIN__car_vin_col_8,5YJSA1CN5CFP71664,DEFAULT
from_CAR_VIN__car_vin_col_8,WAUZZZ8P29A823463,DEFAULT
from_CAR_VIN__car_vin_col_8,KMHCG45C23U489130,DEFAULT
from_CAR_VIN__car_vin_col_8,JN8AZ2KR9BT045685,DEFAULT
from_CAR_VIN__car_vin_col_8,4T1BE46KX7U823897,DEFAULT
from_CAR_VIN__car_vin_col_9,1HGCM82633A804359,DEFAULT
from_CAR_VIN__car_vin_col_9,2FTRX18W1XCA92353,DEFAULT
from_CAR_VIN__car_vin_col_9,JHMFA16586S812355,DEFAULT
from_CAR_VIN__car_vin_col_9,3VWFE21C04M800797,DEFAULT
from_CAR_VIN__car_vin_col_9,1NXBR32E54Z056789,DEFAULT
from_CAR_VIN__car_vin_col_9,5YJSA1CN5CFP81665,DEFAULT
from_CAR_VIN__car_vin_col_9,WAUZZZ8P29A923464,DEFAULT
from_CAR_VIN__car_vin_col_9,KMHCG45C23U589131,DEFAULT
from_CAR_VIN__car_vin_col_9,JN8AZ2KR9BT145686,DEFAULT
from_CAR_VIN__car_vin_col_9,4T1BE46KX7U923898,DEFAULT
from_CAR_VIN__car_vin_col_10,1HGCM82633A904360,DEFAULT
from_CAR_VIN__car_vin_col_10,2FTRX18W1XCA02354,DEFAULT
from_CAR_VIN__car_vin_col_10,JHMFA16586S912356,DEFAULT
from_CAR_VIN__car_vin_col_10,3VWFE21C04M900798,DEFAULT
from_CAR_VIN__car_vin_col_10,1NXBR32E54Z156790,DEFAULT
from_CAR_VIN__car_vin_col_10,5YJSA1CN5CFP91666,DEFAULT
from_CAR_VIN__car_vin_col_10,WAUZZZ8P29A023465,DEFAULT
from_CAR_VIN__car_vin_col_10,KMHCG45C23U689132,DEFAULT
from_CAR_VIN__car_vin_col_10,JN8AZ2KR9BT245687,DEFAULT
from_CAR_VIN__car_vin_col_10,4T1BE46KX7U023899,DEFAULT
from_CAR_VIN__vin_col_11,GK14LDGZ7MDH9Y4K2,DEFAULT
from_CAR_VIN__vin_col_11,1F61U50AHHFH89RB7,DEFAULT
from_CAR_VIN__vin_col_11,M174WJGXEM2B28EHP,DEFAULT
from_CAR_VIN__vin_col_11,HMMA5XHCJPLFTCFH9,DEFAULT
from_CAR_VIN__vin_col_12,V5J8XZ9PGCSCNKWPJ,DEFAULT
from_CAR_VIN__vin_col_12,PZUJ4ETT1L26FT4KP,DEFAULT
from_CAR_VIN__vin_col_12,N09L3KX41BSEUHH3E,DEFAULT
from_CAR_VIN__vin_col_12,YUKRUAG1R1GHMW8GZ,DEFAULT
from_CAR_VIN__vin_col_12,VUGDLX1MZ27JTA9KJ,DEFAULT
from_CAR_VIN__vin_col_13,D0S36M5Z69VU4RWFW,DEFAULT
from_CAR_VIN__vin_col_13,XFFESFLDFV8A49J78,DEFAULT
from_CAR_VIN__vin_col_13,H2ANA4ZSC5LRME0J9,DEFAULT
from_CAR_VIN__vin_col_13,D481L0HYSHVW7VTPA,DEFAULT
from_CAR_VIN__vin_col_13,2PW9C68DZA6YWZGAZ,DEFAULT
from_CAR_VIN__vin_col_13,M2ZAG48NF9K3H8AKT,DEFAULT
from_CAR_VIN__vin_col_13,04MUG55LJZ4AZNHNV,DEFAULT
from_CAR_VIN__vin_col_13,YCLN7UH388JX291JH,DEFAULT
from_CAR_VIN__vin_col_14,BJKZ9ASDY4A47VV8F,DEFAULT
from_CAR_VIN__vin_col_14,SK9MSUHTS4N7G9MNK,DEFAULT
from_CAR_VIN__vin_col_14,UNK4BNFD13WRRY47D,DEFAULT
from_CAR_VIN__vin_col_14,DWHU0UZ3SXDMCADXP,DEFAULT
from_CAR_VIN__vin_col_14,G4MT80YWHGAJY000S,DEFAULT
from_CAR_VIN__vin_col_14,P1FGJHCNN5GEYW7NK,DEFAULT
from_CAR_VIN__vin_col_14,TZ05H4E739BLUJVCD,DEFAULT
from_CAR_VIN__vin_col_15,N289EL59112UPMALP,DEFAULT
from_CAR_VIN__vin_col_15,A969TWRVUHLRCSVCK,DEFAULT
from_CAR_VIN__vin_col_15,UJUDSPHAZ0XFTJ3VX,DEFAULT
from_CAR_VIN__vin_col_15,AZRUMTBG1TP5RXUP2,DEFAULT
from_CAR_VIN__vin_col_15,40K7F8M6MMN8MVBWL,DEFAULT
from_CAR_VIN__vin_col_15,2NEKE4S62GJAG11BH,DEFAULT
from_CAR_VIN__vin_col_15,CJSFUKAAGYFNJ75LW,DEFAULT
from_CAR_VIN__vin_col_16,HBCGVG93KARBR41KZ,DEFAULT
from_CAR_VIN__vin_col_16,R1H8LHRGVZEYH0FCK,DEFAULT
from_CAR_VIN__vin_col_16,KWVZGU80TEAKKXK15,DEFAULT
from_CAR_VIN__vin_col_16,7EH4UKFXJM1ZX8473,DEFAULT
from_CAR_VIN__vin_col_16,YJS1388R1F3RFS0AP,DEFAULT
from_CAR_VIN__vin_col_16,B07JHDZ0JV6K3SPRD,DEFAULT
from_CAR_VIN__vin_col_16,HK1B40DGE7LBK0KFS,DEFAULT
from_CAR_VIN__vin_col_17,3KM7JW73Y5AVHKDCM,DEFAULT
from_CAR_VIN__vin_col_17,A246T9WR4LUF1JP2D,DEFAULT
from_CAR_VIN__vin_col_17,E67X21LD04NUGGE0Y,DEFAULT
from_CAR_VIN__vin_col_17,WNNCSUFC7CDXFWAZV,DEFAULT
from_CAR_VIN__vin_col_17,9NX2ZJGY39G9KB17C,DEFAULT
from_CAR_VIN__vin_col_18,FFRPKL9Y5JYV04C1S,DEFAULT
from_CAR_VIN__vin_col_18,8GAKWF8G6XLVLEU0Z,DEFAULT
from_CAR_VIN__vin_col_18,6T7T5JH8C0V23J509,DEFAULT
from_CAR_VIN__vin_col_18,X0F395TCDSAKGV1L2,DEFAULT
from_CAR_VIN__vin_col_18,R16FZ666GFMG24N2Y,DEFAULT
from_CAR_VIN__vin_col_18,8P7HU6CK7KPXC1D04,DEFAULT
from_CAR_VIN__vin_col_18,PDPB4UTMFKEU2FW53,DEFAULT
from_CAR_VIN__vin_col_19,TMDF4YWLNZ377L4Z1,DEFAULT
from_CAR_VIN__vin_col_19,NEKXXAK6K8XH3TA5J,DEFAULT
from_CAR_VIN__vin_col_19,GCPN3L1PZPNA00BWW,DEFAULT
from_CAR_VIN__vin_col_19,H8633ZZ4YHM640ML4,DEFAULT
from_CAR_VIN__vin_col_19,4VGFGFB3G8G59CV3P,DEFAULT
from_CAR_VIN__vin_col_19,HN7HZ632A0R9VUTW3,DEFAULT
from_CAR_VIN__vin_col_19,A3CABK0XYL4S2N2D4,DEFAULT
from_CAR_VIN__vin_col_19,M2XL4RGJ9H2TLXPFF,DEFAULT
from_CAR_VIN__vin_col_20,KBF1BJ6ZMSRWNS1TD,DEFAULT
from_CAR_VIN__vin_col_20,GH6HGKVTMFE80P2G8,DEFAULT
from_CAR_VIN__vin_col_20,3E8EP31X5LMWAMCHY,DEFAULT
from_CAR_VIN__vin_col_20,7ALTHNBB9KP0HPBXJ,DEFAULT
from_CAR_VIN__vin_col_21,68492NTMNU2GWLP84,DEFAULT
from_CAR_VIN__vin_col_21,4UXG14NZ0E5LC9T3V,DEFAULT
from_CAR_VIN__vin_col_21,Z2BHMX4MZSEP00KXH,DEFAULT
from_CAR_VIN__vin_col_21,P6XRE1VPPGUE34XXN,DEFAULT
from_CAR_VIN__vin_col_21,U3HH5LX1SBVBA6VJ2,DEFAULT
from_CAR_VIN__vin_col_21,CYBE7G3WUXZ2FX8D2,DEFAULT
from_CAR_VIN__vin_col_22,H0GBRDAJGX4RLFN0A,DEFAULT
from_CAR_VIN__vin_col_22,DTCHDWETY1ULJ6HJX,DEFAULT
from_CAR_VIN__vin_col_22,35HS78UX7RFTVFZSP,DEFAULT
from_CAR_VIN__vin_col_22,E8DPAP61N8GYP9XW6,DEFAULT
from_CAR_VIN__vin_col_22,9GJR0159N2NEU4LWG,DEFAULT
from_CAR_VIN__vin_col_22,SB6MUB75ZTHFZ4PK2,DEFAULT
from_CAR_VIN__vin_col_22,9YD5U0GD14NVN2MU8,DEFAULT
from_CAR_VIN__vin_col_22,GDSHRHDCUSEGUR222,DEFAULT
from_CAR_VIN__vin_col_23,LPZVVAGM97WSLXELM,DEFAULT
from_CAR_VIN__vin_col_23,4YBMTELAZ7A8S7HCB,DEFAULT
from_CAR_VIN__vin_col_23,VR9LKGGWY58ZT8T06,DEFAULT
from_CAR_VIN__vin_col_23,7HUBK3RKZ8BS40PFN,DEFAULT
from_CAR_VIN__vin_col_23,1GU5MTZY23UWNCYH4,DEFAULT
from_CAR_VIN__vin_col_23,ZVHA8K6KVLW8VEVA6,DEFAULT
from_CAR_VIN__vin_col_24,HD8WA4ZADTJZV9KFU,DEFAULT
from_CAR_VIN__vin_col_24,FVRC7ZS142GTWWM4X,DEFAULT
from_CAR_VIN__vin_col_24,JNTJ3NWWFW6M14GJ5,DEFAULT
from_CAR_VIN__vin_col_24,9Z6Z46336BB3FJWS9,DEFAULT
from_CAR_VIN__vin_col_24,VD2J2A66DFDUGYGV7,DEFAULT
from_CAR_VIN__vin_col_24,DH9DPK8JRKWWA8NHE,DEFAULT
from_CAR_VIN__vin_col_24,SPG7B952DHW27MST5,DEFAULT
from_CAR_VIN__vin_col_25,H4KBMKSL9N77VVG80,DEFAULT
from_CAR_VIN__vin_col_25,21G634KBV6H1AWC5C,DEFAULT
from_CAR_VIN__vin_col_25,ZJ66UALZ99PZ19EMK,DEFAULT
from_CAR_VIN__vin_col_25,Y6JUW2E717M9TJXZ2,DEFAULT
from_CAR_VIN__vin_col_25,LRGG87XRSGM13EDTH,DEFAULT
from_CAR_VIN__vin_col_25,0BMXG51JNNT85VRNL,DEFAULT
from_CAR_VIN__vin_col_25,NFBGPCJA03EYM8NP7,DEFAULT
from_CAR_VIN__vin_col_25,ZJE541EFJWGH8RDYB,DEFAULT
from_CAR_VIN__vin_col_26,T1ZELVES9W2DH7TBC,DEFAULT
from_CAR_VIN__vin_col_26,YDS8ECZE3F7JUCGC8,DEFAULT
from_CAR_VIN__vin_col_26,Z47WRBDBN1B7D11J4,DEFAULT
from_CAR_VIN__vin_col_26,JH5H0ZNY4DSRFAR3C,DEFAULT
from_CAR_VIN__vin_col_26,ASDEDJ5MVCXZSVJ27,DEFAULT
from_CAR_VIN__vin_col_26,EETP8ZR5W0VSUX9GD,DEFAULT
from_CAR_VIN__vin_col_27,8UFPJRWPH0KCS56HB,DEFAULT
from_CAR_VIN__vin_col_27,CUU1WFDU18B115CRP,DEFAULT
from_CAR_VIN__vin_col_27,4DWCZBYTPBY44DG1V,DEFAULT
from_CAR_VIN__vin_col_27,64TL16SJAUUFSVY2C,DEFAULT
from_CAR_VIN__vin_col_27,0UTAHWXTM56B5A6CZ,DEFAULT
from_CAR_VIN__vin_col_27,P3DFUXE5MTUT8JRMK,DEFAULT
from_CAR_VIN__vin_col_27,DRHCM95XCRDTTBZCS,DEFAULT
from_CAR_VIN__vin_col_27,H9ESPX03E4VKBX0Y3,DEFAULT
from_CAR_VIN__vin_col_28,07VBL0CVKBGPX99ZP,DEFAULT
from_CAR_VIN__vin_col_28,CK1FER93HD75XUNVS,DEFAULT
from_CAR_VIN__vin_col_28,HS530FZ9E07R53RJS,DEFAULT
from_CAR_VIN__vin_col_28,3JTVYXHF339K8NM6A,DEFAULT
from_CAR_VIN__vin_col_28,7GJC4BLEJ914ZJ2SV,DEFAULT
from_CAR_VIN__vin_col_29,GCEZ5354V7JM9FKA0,DEFAULT
from_CAR_VIN__vin_col_29,61X5M9UGRW8YD94VX,DEFAULT
from_CAR_VIN__vin_col_29,MKCP4UXGZVLHVU85R,DEFAULT
from_CAR_VIN__vin_col_29,VTGRUKGP9LBCNA8B0,DEFAULT
from_CAR_VIN__vin_col_29,5J6VHH548TFJUHZFR,DEFAULT
from_CAR_VIN__vin_col_29,XL9YU69EXC4GXNCAS,DEFAULT
from_CAR_VIN__vin_col_29,RNT7K8M8VJNFPA4E8,DEFAULT
from_CAR_VIN__vin_col_29,PMC3T1SZ7MWRV882Z,DEFAULT
from_CAR_VIN__vin_col_30,VGRHV35XS4HM6XHZ2,DEFAULT
from_CAR_VIN__vin_col_30,783SBVU9P3DXTX325,DEFAULT
from_CAR_VIN__vin_col_30,TDU8RYCW53RLPHYJB,DEFAULT
from_CAR_VIN__vin_col_30,B1FYZEDP0NL2RVL0Y,DEFAULT
from_CAR_VIN__vin_col_30,SACBG928CLVWBRSCU,DEFAULT
from_CAR_VIN__vin_col_30,12JUFEE93BAKG2NWX,DEFAULT
from_CAR_VIN__vin_col_30,BWU6NGT71V4FR3U7V,DEFAULT
from_CAR_VIN__vin_col_30,9S1B820G5RB2R507G,DEFAULT
from_CAR_VIN__vin_col_30,YKFGLP8SFK27RD8T3,DEFAULT
from_CAR_VIN__vin_col_31,CX3AUP88XSX679FG4,DEFAULT
from_CAR_VIN__vin_col_31,1JALHLN5HC48L8J32,DEFAULT
from_CAR_VIN__vin_col_31,VUX0LKVP0T76PYJL7,DEFAULT
from_CAR_VIN__vin_col_31,YGD6LEZRZANUV4W02,DEFAULT
from_CAR_VIN__vin_col_32,NEKGPUMTGJ1YU7PLA,DEFAULT
from_CAR_VIN__vin_col_32,PFKKL7AXEDJ9547XW,DEFAULT
from_CAR_VIN__vin_col_32,HS2117ZWXFPLUK458,DEFAULT
from_CAR_VIN__vin_col_32,TH4ZMB06Z4PN10MAN,DEFAULT
from_CAR_VIN__vin_col_32,NAWYG0T9AUCU72CTU,DEFAULT
from_CAR_VIN__vin_col_32,B768M7GC0BKMJF3HD,DEFAULT
from_CAR_VIN__vin_col_32,DXGUNBYXL0A23DEN9,DEFAULT
from_CAR_VIN__vin_col_33,3MAWUZHY6F6FHFMFM,DEFAULT
from_CAR_VIN__vin_col_33,AP06FSWNJWD1VMUJX,DEFAULT
from_CAR_VIN__vin_col_33,NUNMVT5TF8Z0Z5LC1,DEFAULT
from_CAR_VIN__vin_col_33,UF9PTP6TCHM7J6X01,DEFAULT
from_CAR_VIN__vin_col_33,CXGZAL37YYGMZWL6M,DEFAULT
from_CAR_VIN__vin_col_34,56427ST0Y72WCR9G3,DEFAULT
from_CAR_VIN__vin_col_34,U2BL9LWNJJYDFWKZ6,DEFAULT
from_CAR_VIN__vin_col_34,6AKNMWWFMSP4FSK0A,DEFAULT
from_CAR_VIN__vin_col_34,ZG72P716SG1JXJ2XV,DEFAULT
from_CAR_VIN__vin_col_34,42EZ8BRMS00Y9A2ER,DEFAULT
from_CAR_VIN__vin_col_34,Y1M4KVW17CT3ML2G6,DEFAULT
from_CAR_VIN__vin_col_34,ZG2ALXJ916A824DW4,DEFAULT
from_CAR_VIN__vin_col_35,5907Y0HM41FKAYTN9,DEFAULT
from_CAR_VIN__vin_col_35,64D6VCH860D0T4YVB,DEFAULT
from_CAR_VIN__vin_col_35,MVZ3B5XWCHZC2SMFG,DEFAULT
from_CAR_VIN__vin_col_35,4UZ6S6CEX0CKG19FY,DEFAULT
from_CAR_VIN__vin_col_35,W42BMTF4HNTW9SD07,DEFAULT
from_CAR_VIN__vin_col_35,MVUA3PB3JUU6XGRRB,DEFAULT
from_CAR_VIN__vin_col_36,REV63Y17AYYXZ5K68,DEFAULT
from_CAR_VIN__vin_col_36,T2CF8ZFP0WVX56BKL,DEFAULT
from_CAR_VIN__vin_col_36,43BV8S1J1HG2PPHVM,DEFAULT
from_CAR_VIN__vin_col_36,23ZP3UX0GX92R286V,DEFAULT
from_CAR_VIN__vin_col_36,5LM2VAY6MG1333NBR,DEFAULT
from_CAR_VIN__vin_col_36,3BXSL7F0B19NL60SM,DEFAULT
from_CAR_VIN__vin_col_36,NXJVEBP66S5SM69HY,DEFAULT
from_CAR_VIN__vin_col_36,LS6EAC371E3THB57D,DEFAULT
from_CAR_VIN__vin_col_37,C02954HGKTHL03YKS,DEFAULT
from_CAR_VIN__vin_col_37,PTGYE68STYV5Y5TUC,DEFAULT
from_CAR_VIN__vin_col_37,KVBR00VWLW75VKJKV,DEFAULT
from_CAR_VIN__vin_col_37,TRBPWKAT0927LZK9X,DEFAULT
from_CAR_VIN__vin_col_37,18L7M71AEYRWPRKUH,DEFAULT
from_CAR_VIN__vin_col_37,Z86ARN0C2GY9EUFD5,DEFAULT
from_CAR_VIN__vin_col_37,SSTMSR6MCUUFNEJWD,DEFAULT
from_CAR_VIN__vin_col_37,76GDXEN7H5F7NGP8W,DEFAULT
from_CAR_VIN__vin_col_38,4H5N6AT3U8MY979VW,DEFAULT
from_CAR_VIN__vin_col_38,9W5HM8AX978LME4WG,DEFAULT
from_CAR_VIN__vin_col_38,5YMNGRPW9WX7GWPKX,DEFAULT
from_CAR_VIN__vin_col_38,LLX73URT7W0KWYZX5,DEFAULT
from_CAR_VIN__vin_col_38,3A2D3ZJ6UBNPTV0BX,DEFAULT
from_CAR_VIN__vin_col_38,1XNP95UGESLX77C18,DEFAULT
from_CAR_VIN__vin_col_39,U05VH7JEX3KKWNF5S,DEFAULT
from_CAR_VIN__vin_col_39,TVBJEX05PMX6R60YN,DEFAULT
from_CAR_VIN__vin_col_39,TTBJH3428DD90B4C9,DEFAULT
from_CAR_VIN__vin_col_39,X8VYEEFHL9F6NE4U6,DEFAULT
from_CAR_VIN__vin_col_39,KYEMY64B2VA1BARX4,DEFAULT
from_CAR_VIN__vin_col_39,X6NZKNKPWMGBCJZEX,DEFAULT
from_CAR_VIN__vin_col_40,RPNWL4URPZBJ5H1B5,DEFAULT
from_CAR_VIN__vin_col_40,P1D552NP1HFM9HLPH,DEFAULT
from_CAR_VIN__vin_col_40,ZX3NPF907T9H6BA13,DEFAULT
from_CAR_VIN__vin_col_40,GZ0WE4WRF17BUXCKS,DEFAULT
from_CAR_VIN__vin_col_40,DPV03L3MMKM0HLB8P,DEFAULT
from_CAR_VIN__vin_col_40,TXBBYB7CK3C1LLGAZ,DEFAULT
from_CAR_VIN__vin_col_41,F3EH7635JAW77TJX0,DEFAULT
from_CAR_VIN__vin_col_41,G78NJR9JKRFG2VGSR,DEFAULT
from_CAR_VIN__vin_col_41,UJX40KC1DNMAKCSL2,DEFAULT
from_CAR_VIN__vin_col_41,ZN25P6T5HU9YYMTY8,DEFAULT
from_CAR_VIN__vin_col_41,6GYTE04BJGR6HHVJZ,DEFAULT
from_CAR_VIN__vin_col_41,F9M29NKRBNZKD0RL0,DEFAULT
from_CAR_VIN__vin_col_42,RK4NUD2V1376XJWAE,DEFAULT
from_CAR_VIN__vin_col_42,PED3JK7LS2L32NSZE,DEFAULT
from_CAR_VIN__vin_col_42,KP5KUXAHWG7R5WH6K,DEFAULT
from_CAR_VIN__vin_col_42,C1TH64L8VRGF0S843,DEFAULT
from_CAR_VIN__vin_col_43,UUT9Y3TZFAG8S8R4U,DEFAULT
from_CAR_VIN__vin_col_43,11CGGGHS032CZ56C2,DEFAULT
from_CAR_VIN__vin_col_43,4BPMBYGV3B6TZZZSU,DEFAULT
from_CAR_VIN__vin_col_43,DX6TLPX2ZM8FYZRXW,DEFAULT
from_CAR_VIN__vin_col_43,X8M1NT8ZY50LLXBHN,DEFAULT
from_CAR_VIN__vin_col_43,9VM2ENFF2TKYZ2J1G,DEFAULT
from_CAR_VIN__vin_col_43,VFXR5CSKUB8RRSR5P,DEFAULT
from_CAR_VIN__vin_col_44,753N3M21T0T400SXZ,DEFAULT
from_CAR_VIN__vin_col_44,JG97XGRZR6UD6584E,DEFAULT
from_CAR_VIN__vin_col_44,LB5DZ7KEZEUTB84J2,DEFAULT
from_CAR_VIN__vin_col_45,93KXADZHEE3LNSMMB,DEFAULT
from_CAR_VIN__vin_col_45,8HYFG21317JYMGWZM,DEFAULT
from_CAR_VIN__vin_col_45,T8FMT2NRZFY5GTBDD,DEFAULT
from_CAR_VIN__vin_col_45,GLAAAX1WB0EMN8MPZ,DEFAULT
from_CAR_VIN__vin_col_45,M5M9K5BCHWVGZMLG8,DEFAULT
from_CAR_VIN__vin_col_45,Y615HEYS0KS8N2CZD,DEFAULT
from_CAR_VIN__vin_col_45,7GFX2NVXJ5NV4241F,DEFAULT
from_CAR_VIN__vin_col_45,8GX71W8VDCNFWMXDB,DEFAULT
from_CAR_VIN__vin_col_46,ZD49M90CPG6MRXEP8,DEFAULT
from_CAR_VIN__vin_col_46,ASYM1R02CKKST4WPU,DEFAULT
from_CAR_VIN__vin_col_46,A331UN8TA2C5JREHH,DEFAULT
from_CAR_VIN__vin_col_47,2VVVTGH2NF8NJC77G,DEFAULT
from_CAR_VIN__vin_col_47,MFES405K5C9NPXCAK,DEFAULT
from_CAR_VIN__vin_col_47,Z6ND21KV9ERMNY5B5,DEFAULT
from_CAR_VIN__vin_col_47,VLKXDHE3BLX0CKGRA,DEFAULT
from_CAR_VIN__vin_col_47,D1HRCEB71V15S8TZ6,DEFAULT
from_CAR_VIN__vin_col_47,K60RKVM1TL0B4WKC6,DEFAULT
from_CAR_VIN__vin_col_47,R2JZP233655160YX2,DEFAULT
from_CAR_VIN__vin_col_48,N0630WP2K7G5W3DNP,DEFAULT
from_CAR_VIN__vin_col_48,4M5BP1MUK2NK3X6SJ,DEFAULT
from_CAR_VIN__vin_col_48,8XCGEFBADYFXZNKPW,DEFAULT
from_CAR_VIN__vin_col_48,0X57YMVWGLKL3H3L7,DEFAULT
from_CAR_VIN__vin_col_48,USHK5GCJ1717LB05M,DEFAULT
from_CAR_VIN__vin_col_48,B8ZYF0EMJW2KHNXVF,DEFAULT
from_CAR_VIN__vin_col_48,8B3L0TN9UB8XLDSWT,DEFAULT
from_CAR_VIN__vin_col_49,4YCU6FYCJABW1N711,DEFAULT
from_CAR_VIN__vin_col_49,Y0943YJZTN8VUF5FX,DEFAULT
from_CAR_VIN__vin_col_49,HBJGSEM0EKSFEAAYE,DEFAULT
from_CAR_VIN__vin_col_49,YGHDJNFMFFA4RPDF1,DEFAULT
from_CAR_VIN__vin_col_49,8M7VD5M9AFMNTKNHE,DEFAULT
from_CAR_VIN__vin_col_50,SL9J5LMK7ZCR8RET0,DEFAULT
from_CAR_VIN__vin_col_50,RCP0176CCXGUTM110,DEFAULT
from_CAR_VIN__vin_col_50,ET1R2ZZ87A9J5LRE9,DEFAULT
from_CAR_VIN__vin_col_50,UPKML0HR3YH777PL3,DEFAULT
from_CAR_VIN__vin_col_50,BSCJLJ9CKDLTM2BVF,DEFAULT
from_CAR_VIN__vin_col_50,P577LR3KM9TLY6ER1,DEFAULT
from_CAR_VIN__vin_col_50,1JGBN93KGM7C9HF7J,DEFAULT
from_CAR_VIN__vin_col_50,A430C4R71ZG4JT7RF,DEFAULT
from_CAR_VIN__vin_col_50,V3TNAAHA1PX30GK4T,DEFAULT
from_CAR_VIN__vin_col_50,T40U2P37M07TWZ2JH,DEFAULT
from_CAR_VIN__vin_col_51,R5LGP92YDL1AFK74F,DEFAULT
from_CAR_VIN__vin_col_51,ETR0FC12VDM85ANVN,DEFAULT
from_CAR_VIN__vin_col_51,C9RLC0SALFU2Z22NA,DEFAULT
from_CAR_VIN__vin_col_51,EFVZZURN62ATM39GE,DEFAULT
from_CAR_VIN__vin_col_51,9VYH9TT517SY66B7H,DEFAULT
from_CAR_VIN__vin_col_51,TE1RRX3ZATSVF2YEM,DEFAULT
from_CAR_VIN__vin_col_51,7XZPUMN8NSSTPRNSZ,DEFAULT
from_CAR_VIN__vin_col_51,KGHF8AC70X8U8M9U2,DEFAULT
from_CAR_VIN__vin_col_51,RJD47C9Z2M6H6XAAP,DEFAULT
from_CAR_VIN__vin_col_51,1GX0TMTSU7Y0M84P3,DEFAULT
from_CAR_VIN__vin_col_52,002U5MJRGUS41NKK7,DEFAULT
from_CAR_VIN__vin_col_52,AM38JX8WTD2GLDPT7,DEFAULT
from_CAR_VIN__vin_col_52,G5YT00TZB3HZNMVZX,DEFAULT
from_CAR_VIN__vin_col_52,985F1V6KLY32EFLYR,DEFAULT
from_CAR_VIN__vin_col_52,XXVU2U5053LMBJSTF,DEFAULT
from_CAR_VIN__vin_col_52,PL2GGE7DB2FGTKF1W,DEFAULT
from_CAR_VIN__vin_col_52,RSV5JJLBCZX76U5JM,DEFAULT
from_CAR_VIN__vin_col_52,64WZ7RF5W03TKWAAJ,DEFAULT
from_CAR_VIN__vin_col_52,ZV7A87WA4VRA0N342,DEFAULT
from_CAR_VIN__vin_col_52,SL11RTF4SUVU3NEMJ,DEFAULT
from_CAR_VIN__vin_col_53,VH65U8NXBKDBMGVUJ,DEFAULT
from_CAR_VIN__vin_col_53,5ARFKA8PY3W806CYF,DEFAULT
from_CAR_VIN__vin_col_53,KDU2E7MNT1AHS15SC,DEFAULT
from_CAR_VIN__vin_col_53,N6GP71WXLCHT7WN0D,DEFAULT
from_CAR_VIN__vin_col_53,PHS4XALUH2SAC7K0F,DEFAULT
from_CAR_VIN__vin_col_53,SL8FYDDZKGJ8RXZ5N,DEFAULT
from_CAR_VIN__vin_col_53,B1ZJTC85V8NMZX6UL,DEFAULT
from_CAR_VIN__vin_col_53,EK5VT06A91MB0SXE1,DEFAULT
from_CAR_VIN__vin_col_53,N8KVX3XHGECJMCNG8,DEFAULT
from_CAR_VIN__vin_col_53,NGC18TD0REAP8F6D0,DEFAULT
from_CAR_VIN__vin_col_54,30DUCEWEPGGR1NNSM,DEFAULT
from_CAR_VIN__vin_col_54,3GZ64GLM29YL5ZXX0,DEFAULT
from_CAR_VIN__vin_col_54,34XSP1T0552ACVBJW,DEFAULT
from_CAR_VIN__vin_col_54,AWRPXBU9KGC6ZKJT0,DEFAULT
from_CAR_VIN__vin_col_54,SRTWF2PEX7M8GWC1F,DEFAULT
from_CAR_VIN__vin_col_54,DYZ43HRA1DWCXKX9R,DEFAULT
from_CAR_VIN__vin_col_54,KD259FR4V2KJYF7D2,DEFAULT
from_CAR_VIN__vin_col_54,TF294JJ7N82NSSEU4,DEFAULT
from_CAR_VIN__vin_col_54,XFH340ZNXZBWLZ5K5,DEFAULT
from_CAR_VIN__vin_col_54,CRN0KFHDSKVAYHW57,DEFAULT
from_CAR_VIN__vin_col_55,BYPPPT7KB1CTLDVNU,DEFAULT
from_CAR_VIN__vin_col_55,D6AE1U0GBV1R19GX8,DEFAULT
from_CAR_VIN__vin_col_55,FMN96BCSWY82LBZZZ,DEFAULT
from_CAR_VIN__vin_col_55,WS9UDT1BURKY2JF1R,DEFAULT
from_CAR_VIN__vin_col_55,3SK4WY5JPJNJWJ4KL,DEFAULT
from_CAR_VIN__vin_col_55,XEHMXKBX33W5UKNGJ,DEFAULT
from_CAR_VIN__vin_col_55,MBURRRBZF7J970M18,DEFAULT
from_CAR_VIN__vin_col_55,7JLNRC3AU3RNPEM58,DEFAULT
from_CAR_VIN__vin_col_55,X6S42C1X2CG56CS2C,DEFAULT
from_CAR_VIN__vin_col_55,1DNV52WV6L4VDK65F,DEFAULT
from_CAR_VIN__vin_col_56,9HMJ23X5BM6N6FTXL,DEFAULT
from_CAR_VIN__vin_col_56,HFH50F19L11CLYKLK,DEFAULT
from_CAR_VIN__vin_col_56,MD3WW5VMHJNATA688,DEFAULT
from_CAR_VIN__vin_col_56,A8SP7635FASUPDMKD,DEFAULT
from_CAR_VIN__vin_col_56,ZCKCWYFDG3MLVM60C,DEFAULT
from_CAR_VIN__vin_col_56,FWX01E4EV7JHUY3PP,DEFAULT
from_CAR_VIN__vin_col_56,DGF7V4XTZJ888MRVN,DEFAULT
from_CAR_VIN__vin_col_56,AHB6HP33CYZPANVTE,DEFAULT
from_CAR_VIN__vin_col_56,WW9XAHYY2BMNYY77C,DEFAULT
from_CAR_VIN__vin_col_56,J7K6Y63DWXBPYZEKU,DEFAULT
from_CAR_VIN__vin_col_57,BY1L1MHWXCU3F8S05,DEFAULT
from_CAR_VIN__vin_col_57,WPWMH0CNF59B79KNY,DEFAULT
from_CAR_VIN__vin_col_57,7WXKGJPC61HAWCFY6,DEFAULT
from_CAR_VIN__vin_col_57,CGWBWPXNNVUX5HUKL,DEFAULT
from_CAR_VIN__vin_col_57,UHA9GPZXUKVSLEWY5,DEFAULT
from_CAR_VIN__vin_col_57,DJB7DG1DF42M5ZWYN,DEFAULT
from_CAR_VIN__vin_col_57,F6JF6G6W67RRKT02M,DEFAULT
from_CAR_VIN__vin_col_57,YX68BE7HZ76LVZJ9G,DEFAULT
from_CAR_VIN__vin_col_57,2GXEW623SSL71EYP4,DEFAULT
from_CAR_VIN__vin_col_57,4YSME8H6XG5MW2EG1,DEFAULT
from_CAR_VIN__vin_col_58,X8DFPJAKK5V15NPXW,DEFAULT
from_CAR_VIN__vin_col_58,W4ZFA92JVD0DAZHVB,DEFAULT
from_CAR_VIN__vin_col_58,S42X1214PM7JN103K,DEFAULT
from_CAR_VIN__vin_col_58,VJJAEBK84JFJ364M6,DEFAULT
from_CAR_VIN__vin_col_58,9451ZRM4A8S9U30CC,DEFAULT
from_CAR_VIN__vin_col_58,70H7FKU6FFS7EWDYA,DEFAULT
from_CAR_VIN__vin_col_58,7697Y3ZVVLCWTD7LD,DEFAULT
from_CAR_VIN__vin_col_58,VBV8FJ9EUTJUUTAHM,DEFAULT
from_CAR_VIN__vin_col_58,K50MTS8MCYFKK831S,DEFAULT
from_CAR_VIN__vin_col_58,5LPZDTHDL627W7R11,DEFAULT
from_CAR_VIN__vin_col_59,7TK4AV51XCGZ4UYUU,DEFAULT
from_CAR_VIN__vin_col_59,GT26SNYMXAAEA3GG5,DEFAULT
from_CAR_VIN__vin_col_59,ZRVTNCBFDPHHFJ1MH,DEFAULT
from_CAR_VIN__vin_col_59,MTV6E6U4XTLEUD11Y,DEFAULT
from_CAR_VIN__vin_col_59,DTTM5E8N2M8GK4PG5,DEFAULT
from_CAR_VIN__vin_col_59,TGCEET5B8KAC1UKY2,DEFAULT
from_CAR_VIN__vin_col_59,A98742ERA17HZYW2D,DEFAULT
from_CAR_VIN__vin_col_59,F0YF6VNMC1NW1GZ8F,DEFAULT
from_CAR_VIN__vin_col_59,5NJCNBS81EW85BCYD,DEFAULT
from_CAR_VIN__vin_col_59,YC2HP6KRECK8B7CSJ,DEFAULT
from_CAR_VIN__vin_col_60,AMDWG6LEGH8REN4Y2,DEFAULT
from_CAR_VIN__vin_col_60,XHJXPCMYEHUK3L0L5,DEFAULT
from_CAR_VIN__vin_col_60,SCJG1LB8FAAMFV37J,DEFAULT
from_CAR_VIN__vin_col_60,PKU53SMCM8FWZ3ASN,DEFAULT
from_CAR_VIN__vin_col_60,HG09R6PUDNHK78MLC,DEFAULT
from_CAR_VIN__vin_col_60,D0VP4TY6CGDMLB89H,DEFAULT
from_CAR_VIN__vin_col_60,ES5X3NXRHXRGS3N1R,DEFAULT
from_CAR_VIN__vin_col_60,E78D4KP6M10J6NZUN,DEFAULT
from_CAR_VIN__vin_col_60,YJCDUJH663LYRVLLR,DEFAULT
from_CAR_VIN__vin_col_60,F38P76UA4SSX4RKA3,DEFAULT
from_CAR_VIN__vin_col_61,CC79C427G58SFA3PJ,DEFAULT
from_CAR_VIN__vin_col_61,ZVSFB7WL6B66J2M06,DEFAULT
from_CAR_VIN__vin_col_61,AE1YCV4UPFYD90DH1,DEFAULT
from_CAR_VIN__vin_col_61,06C00MEPJYSH7PRXZ,DEFAULT
from_CAR_VIN__vin_col_61,U94UDE0Z589H7V50E,DEFAULT
from_CAR_VIN__vin_col_61,N6FF2MVEGLUHK8KPB,DEFAULT
from_CAR_VIN__vin_col_61,V3J7Z35BVNEBRY3YX,DEFAULT
from_CAR_VIN__vin_col_61,856WJWLTR70VDKZV6,DEFAULT
from_CAR_VIN__vin_col_61,LLVMMKLSHCXJ5T0MP,DEFAULT
from_CAR_VIN__vin_col_61,CXZK05LWHB28K6XKA,DEFAULT
from_CAR_VIN__vin_col_62,9YV7VK5YH7CJHWB2R,DEFAULT
from_CAR_VIN__vin_col_62,5ZFXDNRUNBF5F92N8,DEFAULT
from_CAR_VIN__vin_col_62,X9D02K4010AVZZW5F,DEFAULT
from_CAR_VIN__vin_col_62,P535VL43JFKPW7YE1,DEFAULT
from_CAR_VIN__vin_col_62,FA3U3M6JNM1V8CWW8,DEFAULT
from_CAR_VIN__vin_col_62,6RBAKTW7HV3M8SBHU,DEFAULT
from_CAR_VIN__vin_col_62,8E074T7H09BTLDKX6,DEFAULT
from_CAR_VIN__vin_col_62,JZLDU03ZDVVE9NMGL,DEFAULT
from_CAR_VIN__vin_col_62,XXWU0GZKAJV083YLG,DEFAULT
from_CAR_VIN__vin_col_62,PK9RNH36EHJB7ZW0J,DEFAULT
from_CAR_VIN__vin_col_63,5YMWBHRJKRWJPJF4H,DEFAULT
from_CAR_VIN__vin_col_63,EB74CNGC9D7HTCEWA,DEFAULT
from_CAR_VIN__vin_col_63,GHPNMZBFKUZZL9S9E,DEFAULT
from_CAR_VIN__vin_col_63,GAPNVLAGP970M5GMZ,DEFAULT
from_CAR_VIN__vin_col_63,14P9R3HXH6HJ80VCF,DEFAULT
from_CAR_VIN__vin_col_63,X8H1V6W5R3V4NE70M,DEFAULT
from_CAR_VIN__vin_col_63,A8G25FHK22GLE0NYN,DEFAULT
from_CAR_VIN__vin_col_63,2HR48UU2Z7289UK6G,DEFAULT
from_CAR_VIN__vin_col_63,HT88RJBGDE8BM1XKW,DEFAULT
from_CAR_VIN__vin_col_63,GE86NV889TYBC4H15,DEFAULT
from_CAR_VIN__vin_col_64,X156CCMWL84JW18H8,DEFAULT
from_CAR_VIN__vin_col_64,77L9D2T81ZVXDBCJ0,DEFAULT
from_CAR_VIN__vin_col_64,ZBY1G4ZZ3ZDSSSWFE,DEFAULT
from_CAR_VIN__vin_col_64,WHYLBXC6493UB7BX1,DEFAULT
from_CHARACTER_CODE__char_col_1,ABC1234567890123,DEFAULT
from_CHARACTER_CODE__char_col_1,A1B0001234567890,DEFAULT
from_CHARACTER_CODE__char_col_1,X9Z2024000000001,DEFAULT
from_CHARACTER_CODE__char_col_1,KD82023000000012,DEFAULT
from_CHARACTER_CODE__char_col_1,RT50001234567890,DEFAULT
from_CHARACTER_CODE__char_col_1,9QX0000000001234,DEFAULT
from_CHARACTER_CODE__char_col_1,MN72024012345678,DEFAULT
from_CHARACTER_CODE__char_col_1,HELLO123,DEFAULT
from_CHARACTER_CODE__char_col_1,A12345678901234,DEFAULT
from_CHARACTER_CODE__char_col_1,CHN123456789012,DEFAULT
from_CHARACTER_CODE__char_col_2,BCA1234567890456,DEFAULT
from_CHARACTER_CODE__char_col_2,2ZX0001234567891,DEFAULT
from_CHARACTER_CODE__char_col_2,LMN2024000000002,DEFAULT
from_CHARACTER_CODE__char_col_2,TR90001234567891,DEFAULT
from_CHARACTER_CODE__char_col_2,QWE0000000001235,DEFAULT
from_CHARACTER_CODE__char_col_2,GH12024012345679,DEFAULT
from_CHARACTER_CODE__char_col_2,JKL0001234567800,DEFAULT
from_CHARACTER_CODE__char_col_2,AB6005191234567,DEFAULT
from_CHARACTER_CODE__char_col_2,ABC123456789045,DEFAULT
from_CHARACTER_CODE__char_col_2,TST123456789012,DEFAULT
from_CHARACTER_CODE__char_col_3,CDE1234567890789,DEFAULT
from_CHARACTER_CODE__char_col_3,3YX0001234567892,DEFAULT
from_CHARACTER_CODE__char_col_3,PQR2024000000003,DEFAULT
from_CHARACTER_CODE__char_col_3,UV10001234567892,DEFAULT
from_CHARACTER_CODE__char_col_3,ASD0000000001236,DEFAULT
from_CHARACTER_CODE__char_col_3,BN32024012345680,DEFAULT
from_CHARACTER_CODE__char_col_3,FHJ0001234567801,DEFAULT
from_CHARACTER_CODE__char_col_3,888123456789012,DEFAULT
from_CHARACTER_CODE__char_col_3,202123456789012,DEFAULT
from_CHARACTER_CODE__char_col_3,LIM123456789012,DEFAULT
from_CHARACTER_CODE__char_col_4,DEF1234567890999,DEFAULT
from_CHARACTER_CODE__char_col_4,4WV0001234567893,DEFAULT
from_CHARACTER_CODE__char_col_4,XYZ2024000000004,DEFAULT
from_CHARACTER_CODE__char_col_4,IO20001234567893,DEFAULT
from_CHARACTER_CODE__char_col_4,ZXC0000000001237,DEFAULT
from_CHARACTER_CODE__char_col_4,PL42024012345681,DEFAULT
from_CHARACTER_CODE__char_col_4,QAZ0001234567802,DEFAULT
from_CHARACTER_CODE__char_col_4,110123456789012,DEFAULT
from_CHARACTER_CODE__char_col_4,ALP123456789012,DEFAULT
from_CHARACTER_CODE__char_col_4,990123456789012,DEFAULT
from_CHARACTER_CODE__char_col_5,EFG1234567890124,DEFAULT
from_CHARACTER_CODE__char_col_5,5UT0001234567894,DEFAULT
from_CHARACTER_CODE__char_col_5,HJK2024000000005,DEFAULT
from_CHARACTER_CODE__char_col_5,OL30001234567894,DEFAULT
from_CHARACTER_CODE__char_col_5,WER0000000001238,DEFAULT
from_CHARACTER_CODE__char_col_5,RT62024012345682,DEFAULT
from_CHARACTER_CODE__char_col_5,YUI0001234567803,DEFAULT
from_CHARACTER_CODE__char_col_5,SHG123456789012,DEFAULT
from_CHARACTER_CODE__char_col_5,001123456789012,DEFAULT
from_CHARACTER_CODE__char_col_5,DAT123456789012,DEFAULT
from_CHARACTER_CODE__char_col_6,FGH1234567890457,DEFAULT
from_CHARACTER_CODE__char_col_6,6SR0001234567895,DEFAULT
from_CHARACTER_CODE__char_col_6,LOP2024000000006,DEFAULT
from_CHARACTER_CODE__char_col_6,BN40001234567895,DEFAULT
from_CHARACTER_CODE__char_col_6,MNB0000000001239,DEFAULT
from_CHARACTER_CODE__char_col_6,VF82024012345683,DEFAULT
from_CHARACTER_CODE__char_col_6,EDC0001234567804,DEFAULT
from_CHARACTER_CODE__char_col_6,HTT123456789012,DEFAULT
from_CHARACTER_CODE__char_col_6,777123456789012,DEFAULT
from_CHARACTER_CODE__char_col_6,TST123456789045,DEFAULT
from_CHARACTER_CODE__char_col_7,GHI1234567890780,DEFAULT
from_CHARACTER_CODE__char_col_7,7QP0001234567896,DEFAULT
from_CHARACTER_CODE__char_col_7,IKM2024000000007,DEFAULT
from_CHARACTER_CODE__char_col_7,CV50001234567896,DEFAULT
from_CHARACTER_CODE__char_col_7,TGB0000000001240,DEFAULT
from_CHARACTER_CODE__char_col_7,NH02024012345684,DEFAULT
from_CHARACTER_CODE__char_col_7,RFV0001234567805,DEFAULT
from_CHARACTER_CODE__char_col_7,BEJ123456789012,DEFAULT
from_CHARACTER_CODE__char_col_7,123123456789012,DEFAULT
from_CHARACTER_CODE__char_col_7,000123456789012,DEFAULT
from_CHARACTER_CODE__char_col_8,HIJ1234567890990,DEFAULT
from_CHARACTER_CODE__char_col_8,8NM0001234567897,DEFAULT
from_CHARACTER_CODE__char_col_8,QWE2024000000008,DEFAULT
from_CHARACTER_CODE__char_col_8,ZX60001234567897,DEFAULT
from_CHARACTER_CODE__char_col_8,PLM0000000001241,DEFAULT
from_CHARACTER_CODE__char_col_8,OI22024012345685,DEFAULT
from_CHARACTER_CODE__char_col_8,ASX0001234567806,DEFAULT
from_CHARACTER_CODE__char_col_8,888123456789045,DEFAULT
from_CHARACTER_CODE__char_col_8,CHN123456789045,DEFAULT
from_CHARACTER_CODE__char_col_8,RAW123456789012,DEFAULT
from_CHARACTER_CODE__char_col_9,IJK1234567890125,DEFAULT
from_CHARACTER_CODE__char_col_9,9LK0001234567898,DEFAULT
from_CHARACTER_CODE__char_col_9,RTY2024000000009,DEFAULT
from_CHARACTER_CODE__char_col_9,GH70001234567898,DEFAULT
from_CHARACTER_CODE__char_col_9,UIO0000000001242,DEFAULT
from_CHARACTER_CODE__char_col_9,JKL2024012345686,DEFAULT
from_CHARACTER_CODE__char_col_9,POI0001234567807,DEFAULT
from_CHARACTER_CODE__char_col_9,MET123456789012,DEFAULT
from_CHARACTER_CODE__char_col_9,456123456789012,DEFAULT
from_CHARACTER_CODE__char_col_9,ID2123456789012,DEFAULT
from_CHARACTER_CODE__char_col_10,JKL1234567890458,DEFAULT
from_CHARACTER_CODE__char_col_10,1AZ0001234567899,DEFAULT
from_CHARACTER_CODE__char_col_10,BNM2024000000010,DEFAULT
from_CHARACTER_CODE__char_col_10,TY80001234567899,DEFAULT
from_CHARACTER_CODE__char_col_10,QAZ0000000001243,DEFAULT
from_CHARACTER_CODE__char_col_10,WSX2024012345687,DEFAULT
from_CHARACTER_CODE__char_col_10,EDC0001234567808,DEFAULT
from_CHARACTER_CODE__char_col_10,CFG123456789012,DEFAULT
from_CHARACTER_CODE__char_col_10,789123456789012,DEFAULT
from_CHARACTER_CODE__char_col_10,SAM123456789012,DEFAULT
from_CHARACTER_CODE__char_col_11,FN9496843645380,DEFAULT
from_CHARACTER_CODE__char_col_11,JKFC17509617,DEFAULT
from_CHARACTER_CODE__char_col_11,YXV1945757574758,DEFAULT
from_CHARACTER_CODE__char_col_11,HU056775677,DEFAULT
from_CHARACTER_CODE__char_col_11,ZN02562650622,DEFAULT
from_CHARACTER_CODE__char_col_11,GD67245307,DEFAULT
from_CHARACTER_CODE__char_col_11,TJH797662705,DEFAULT
from_CHARACTER_CODE__char_col_11,LY94238736704,DEFAULT
from_CHARACTER_CODE__char_col_12,WKX691928455259,DEFAULT
from_CHARACTER_CODE__char_col_12,AQ6335357485,DEFAULT
from_CHARACTER_CODE__char_col_12,YGE9399337970,DEFAULT
from_CHARACTER_CODE__char_col_12,VL87794176,DEFAULT
from_CHARACTER_CODE__char_col_12,YEM07330559782457,DEFAULT
from_CHARACTER_CODE__char_col_12,TGWG914038843660,DEFAULT
from_CHARACTER_CODE__char_col_13,MQ27682975147439,DEFAULT
from_CHARACTER_CODE__char_col_13,UE0105875256,DEFAULT
from_CHARACTER_CODE__char_col_13,PWLN590459908,DEFAULT
from_CHARACTER_CODE__char_col_13,EE82315551,DEFAULT
from_CHARACTER_CODE__char_col_13,RN086628137214,DEFAULT
from_CHARACTER_CODE__char_col_13,ABWY700332285,DEFAULT
from_CHARACTER_CODE__char_col_13,SK06810390339,DEFAULT
from_CHARACTER_CODE__char_col_14,YCU8263280944,DEFAULT
from_CHARACTER_CODE__char_col_14,NFGV5354614707,DEFAULT
from_CHARACTER_CODE__char_col_14,XSNG106133943,DEFAULT
from_CHARACTER_CODE__char_col_14,MQB3943804032537,DEFAULT
from_CHARACTER_CODE__char_col_14,ZLQ92778943191,DEFAULT
from_CHARACTER_CODE__char_col_14,VB04047692105336,DEFAULT
from_CHARACTER_CODE__char_col_14,CJP0401424731072,DEFAULT
from_CHARACTER_CODE__char_col_14,UYT4097123166,DEFAULT
from_CHARACTER_CODE__char_col_15,PFA014473404337,DEFAULT
from_CHARACTER_CODE__char_col_15,BUPT7304519577825,DEFAULT
from_CHARACTER_CODE__char_col_15,ZTT556296575,DEFAULT
from_CHARACTER_CODE__char_col_15,XR8656194255778,DEFAULT
from_CHARACTER_CODE__char_col_15,BL295829236161,DEFAULT
from_CHARACTER_CODE__char_col_15,BSDU48235715,DEFAULT
from_CHARACTER_CODE__char_col_15,TNS6395613723081,DEFAULT
from_CHARACTER_CODE__char_col_15,YK643813000,DEFAULT
from_CHARACTER_CODE__char_col_16,PM6094565346997,DEFAULT
from_CHARACTER_CODE__char_col_16,BXRB55047681699,DEFAULT
from_CHARACTER_CODE__char_col_16,RANB17481131765,DEFAULT
from_CHARACTER_CODE__char_col_16,QGVP02908718,DEFAULT
from_CHARACTER_CODE__char_col_16,TWZ49187274,DEFAULT
from_CHARACTER_CODE__char_col_16,KV6121377306,DEFAULT
from_CHARACTER_CODE__char_col_17,FNBK359737112,DEFAULT
from_CHARACTER_CODE__char_col_17,RMY08581670468,DEFAULT
from_CHARACTER_CODE__char_col_17,CC5768321021,DEFAULT
from_CHARACTER_CODE__char_col_17,GQXT8471296180,DEFAULT
from_CHARACTER_CODE__char_col_17,DS4980425373377,DEFAULT
from_CHARACTER_CODE__char_col_17,FN812282178192,DEFAULT
from_CHARACTER_CODE__char_col_18,HJP60560356,DEFAULT
from_CHARACTER_CODE__char_col_18,ZE98623984716,DEFAULT
from_CHARACTER_CODE__char_col_18,CTC2054647548954,DEFAULT
from_CHARACTER_CODE__char_col_18,SRN98999275175889,DEFAULT
from_CHARACTER_CODE__char_col_18,WJJ49835539354358,DEFAULT
from_CHARACTER_CODE__char_col_18,JVP3924358853798,DEFAULT
from_CHARACTER_CODE__char_col_18,VW52753674978524,DEFAULT
from_CHARACTER_CODE__char_col_18,DNT01347789489,DEFAULT
from_CHARACTER_CODE__char_col_19,BPW91766512215,DEFAULT
from_CHARACTER_CODE__char_col_19,BC1884216309,DEFAULT
from_CHARACTER_CODE__char_col_19,PHH999485320,DEFAULT
from_CHARACTER_CODE__char_col_19,HFN890219947,DEFAULT
from_CHARACTER_CODE__char_col_19,HQ223410346996,DEFAULT
from_CHARACTER_CODE__char_col_19,DC77269608437,DEFAULT
from_CHARACTER_CODE__char_col_19,LLAR967935219626,DEFAULT
from_CHARACTER_CODE__char_col_20,HYK697093170,DEFAULT
from_CHARACTER_CODE__char_col_20,MNA67616453454,DEFAULT
from_CHARACTER_CODE__char_col_20,HU8983065031219,DEFAULT
from_CHARACTER_CODE__char_col_20,JC472426423642,DEFAULT
from_CHARACTER_CODE__char_col_20,CV92487623,DEFAULT
from_CHARACTER_CODE__char_col_20,CD2817852282,DEFAULT
from_CHARACTER_CODE__char_col_21,ASSB22072239594,DEFAULT
from_CHARACTER_CODE__char_col_21,FYD3290162047876,DEFAULT
from_CHARACTER_CODE__char_col_21,NSQW599648628720,DEFAULT
from_CHARACTER_CODE__char_col_21,DVP64505730362,DEFAULT
from_CHARACTER_CODE__char_col_21,ZEWK32037476775,DEFAULT
from_CHARACTER_CODE__char_col_21,EPB214505766,DEFAULT
from_CHARACTER_CODE__char_col_21,TRBR55348201,DEFAULT
from_CHARACTER_CODE__char_col_22,SMAQ59759545089,DEFAULT
from_CHARACTER_CODE__char_col_22,SBX89812657422319,DEFAULT
from_CHARACTER_CODE__char_col_22,HBB0236936268,DEFAULT
from_CHARACTER_CODE__char_col_22,AC047137271,DEFAULT
from_CHARACTER_CODE__char_col_22,VZM74988558298493,DEFAULT
from_CHARACTER_CODE__char_col_22,LSK60944128333,DEFAULT
from_CHARACTER_CODE__char_col_23,DY856669541329,DEFAULT
from_CHARACTER_CODE__char_col_23,CLBP62670551437,DEFAULT
from_CHARACTER_CODE__char_col_23,NUG63439252959,DEFAULT
from_CHARACTER_CODE__char_col_23,DC02867120,DEFAULT
from_CHARACTER_CODE__char_col_23,XXY9102451091,DEFAULT
from_CHARACTER_CODE__char_col_23,AGFN71494981942179,DEFAULT
from_CHARACTER_CODE__char_col_23,WY179340652775,DEFAULT
from_CHARACTER_CODE__char_col_23,KWY66345337220109,DEFAULT
from_CHARACTER_CODE__char_col_24,DQ214559376,DEFAULT
from_CHARACTER_CODE__char_col_24,XXTZ437052635100,DEFAULT
from_CHARACTER_CODE__char_col_24,NFR65725659202,DEFAULT
from_CHARACTER_CODE__char_col_24,CRL023897432,DEFAULT
from_CHARACTER_CODE__char_col_24,WM5955017833258,DEFAULT
from_CHARACTER_CODE__char_col_24,VVGP07984870450691,DEFAULT
from_CHARACTER_CODE__char_col_24,QVU593744039,DEFAULT
from_CHARACTER_CODE__char_col_25,JT86084907938841,DEFAULT
from_CHARACTER_CODE__char_col_25,TZL830615370,DEFAULT
from_CHARACTER_CODE__char_col_25,FPG2514488112103,DEFAULT
from_CHARACTER_CODE__char_col_25,QL88781794,DEFAULT
from_CHARACTER_CODE__char_col_25,CMF38409112252,DEFAULT
from_CHARACTER_CODE__char_col_26,TGRW0566186323,DEFAULT
from_CHARACTER_CODE__char_col_26,UZY37876553,DEFAULT
from_CHARACTER_CODE__char_col_26,QG95055605,DEFAULT
from_CHARACTER_CODE__char_col_26,ED881927788519,DEFAULT
from_CHARACTER_CODE__char_col_26,LHKT64010424624561,DEFAULT
from_CHARACTER_CODE__char_col_26,CRK4600452128991,DEFAULT
from_CHARACTER_CODE__char_col_26,JL1293913044,DEFAULT
from_CHARACTER_CODE__char_col_26,TCYT848416046154,DEFAULT
from_CHARACTER_CODE__char_col_26,CD017075681429,DEFAULT
from_CHARACTER_CODE__char_col_26,CL291073228,DEFAULT
from_CHARACTER_CODE__char_col_27,ZGRT063963845,DEFAULT
from_CHARACTER_CODE__char_col_27,KJHV16497016934292,DEFAULT
from_CHARACTER_CODE__char_col_27,DXHE0330162341903,DEFAULT
from_CHARACTER_CODE__char_col_27,APDL722155668,DEFAULT
from_CHARACTER_CODE__char_col_27,XGW365337746,DEFAULT
from_CHARACTER_CODE__char_col_27,BB7843614244260,DEFAULT
from_CHARACTER_CODE__char_col_28,CUQM3734764273,DEFAULT
from_CHARACTER_CODE__char_col_28,AH7638821458414,DEFAULT
from_CHARACTER_CODE__char_col_28,KZNA91344389,DEFAULT
from_CHARACTER_CODE__char_col_28,FWRS20586950,DEFAULT
from_CHARACTER_CODE__char_col_28,DZ6449369995,DEFAULT
from_CHARACTER_CODE__char_col_28,LB55738573680119,DEFAULT
from_CHARACTER_CODE__char_col_28,PB768118723,DEFAULT
from_CHARACTER_CODE__char_col_28,MD40961497,DEFAULT
from_CHARACTER_CODE__char_col_28,LH114983074820,DEFAULT
from_CHARACTER_CODE__char_col_29,GPL18939406,DEFAULT
from_CHARACTER_CODE__char_col_29,QTY019043223,DEFAULT
from_CHARACTER_CODE__char_col_29,FGGG470739201,DEFAULT
from_CHARACTER_CODE__char_col_29,GMWK62127602508261,DEFAULT
from_CHARACTER_CODE__char_col_29,HYF8889957298,DEFAULT
from_CHARACTER_CODE__char_col_29,QP974549303,DEFAULT
from_CHARACTER_CODE__char_col_29,TQC91203818769208,DEFAULT
from_CHARACTER_CODE__char_col_30,BS98138815881445,DEFAULT
from_CHARACTER_CODE__char_col_30,BP32318297168,DEFAULT
from_CHARACTER_CODE__char_col_30,JLAB00001529113717,DEFAULT
from_CHARACTER_CODE__char_col_30,WMBW9025561844421,DEFAULT
from_CHARACTER_CODE__char_col_30,VX874781224890,DEFAULT
from_CHARACTER_CODE__char_col_30,VB43655158,DEFAULT
from_CHARACTER_CODE__char_col_31,DHPE48355054296080,DEFAULT
from_CHARACTER_CODE__char_col_31,PG699879509,DEFAULT
from_CHARACTER_CODE__char_col_31,FECB0164818804,DEFAULT
from_CHARACTER_CODE__char_col_31,WFT73836381643,DEFAULT
from_CHARACTER_CODE__char_col_31,ZFS464203625863,DEFAULT
from_CHARACTER_CODE__char_col_31,WNF5402635582,DEFAULT
from_CHARACTER_CODE__char_col_32,NKP44898803153888,DEFAULT
from_CHARACTER_CODE__char_col_32,BXYL40433335,DEFAULT
from_CHARACTER_CODE__char_col_32,NZ211197871,DEFAULT
from_CHARACTER_CODE__char_col_32,GHUC3732653060119,DEFAULT
from_CHARACTER_CODE__char_col_32,LND86880023009,DEFAULT
from_CHARACTER_CODE__char_col_33,AHYN7744916093,DEFAULT
from_CHARACTER_CODE__char_col_33,MEBC9118941843,DEFAULT
from_CHARACTER_CODE__char_col_33,UE63223998213745,DEFAULT
from_CHARACTER_CODE__char_col_33,KEST05053766608,DEFAULT
from_CHARACTER_CODE__char_col_33,ZE00308356691,DEFAULT
from_CHARACTER_CODE__char_col_34,NE7153123455068,DEFAULT
from_CHARACTER_CODE__char_col_34,UDR7682938440134,DEFAULT
from_CHARACTER_CODE__char_col_34,SQ35437882603359,DEFAULT
from_CHARACTER_CODE__char_col_34,DX7090859914,DEFAULT
from_CHARACTER_CODE__char_col_34,QJUF99969964899,DEFAULT
from_CHARACTER_CODE__char_col_34,XQCS2859693259,DEFAULT
from_CHARACTER_CODE__char_col_34,UVG312342669,DEFAULT
from_CHARACTER_CODE__char_col_34,PV0872617607234,DEFAULT
from_CHARACTER_CODE__char_col_35,HSVH9538280405,DEFAULT
from_CHARACTER_CODE__char_col_35,DEYU650826958264,DEFAULT
from_CHARACTER_CODE__char_col_35,MPW30876123,DEFAULT
from_CHARACTER_CODE__char_col_35,ULD3468239484,DEFAULT
from_CHARACTER_CODE__char_col_35,AF30086966101,DEFAULT
from_CHARACTER_CODE__char_col_35,SGC39500168,DEFAULT
from_CHARACTER_CODE__char_col_35,ZL76283976,DEFAULT
from_CHARACTER_CODE__char_col_36,ZM440777946,DEFAULT
from_CHARACTER_CODE__char_col_36,NPXE250817760299,DEFAULT
from_CHARACTER_CODE__char_col_36,CGG731255235,DEFAULT
from_CHARACTER_CODE__char_col_36,DQT70321192,DEFAULT
from_CHARACTER_CODE__char_col_37,EQR956133718444,DEFAULT
from_CHARACTER_CODE__char_col_37,FULB648016440,DEFAULT
from_CHARACTER_CODE__char_col_37,NR127782210217,DEFAULT
from_CHARACTER_CODE__char_col_37,TFDW486298579,DEFAULT
from_CHARACTER_CODE__char_col_37,HTH82856053,DEFAULT
from_CHARACTER_CODE__char_col_37,ZAR98661770673682,DEFAULT
from_CHARACTER_CODE__char_col_37,MA82122355216,DEFAULT
from_CHARACTER_CODE__char_col_37,MALT14692182192,DEFAULT
from_CHARACTER_CODE__char_col_38,BTUT43699848022050,DEFAULT
from_CHARACTER_CODE__char_col_38,ZHXT94842495988,DEFAULT
from_CHARACTER_CODE__char_col_38,CKMQ8870715238676,DEFAULT
from_CHARACTER_CODE__char_col_38,XFAV46191779876,DEFAULT
from_CHARACTER_CODE__char_col_38,UPSR2258937085806,DEFAULT
from_CHARACTER_CODE__char_col_38,WHMB4056695790012,DEFAULT
from_CHARACTER_CODE__char_col_38,JFS79632594232,DEFAULT
from_CHARACTER_CODE__char_col_38,UJNH38915624152857,DEFAULT
from_CHARACTER_CODE__char_col_39,FNUH35895138186550,DEFAULT
from_CHARACTER_CODE__char_col_39,SJN85095744303491,DEFAULT
from_CHARACTER_CODE__char_col_39,UCDR720385934015,DEFAULT
from_CHARACTER_CODE__char_col_39,LGD259367813,DEFAULT
from_CHARACTER_CODE__char_col_39,LBA421410527698,DEFAULT
from_CHARACTER_CODE__char_col_39,YU780927045238,DEFAULT
from_CHARACTER_CODE__char_col_39,NFE8660598678,DEFAULT
from_CHARACTER_CODE__char_col_40,FER5854859655942,DEFAULT
from_CHARACTER_CODE__char_col_40,VDC65020002453931,DEFAULT
from_CHARACTER_CODE__char_col_40,WD55130557083682,DEFAULT
from_CHARACTER_CODE__char_col_40,KKS966997273677,DEFAULT
from_CHARACTER_CODE__char_col_40,WPE0258254318328,DEFAULT
from_CHARACTER_CODE__char_col_40,ZE123920491,DEFAULT
from_CHARACTER_CODE__char_col_40,HPJR387508276,DEFAULT
from_CHARACTER_CODE__char_col_40,XQ257754584,DEFAULT
from_CHARACTER_CODE__char_col_40,EUB2918768316,DEFAULT
from_CHARACTER_CODE__char_col_41,WR173373992,DEFAULT
from_CHARACTER_CODE__char_col_41,LF299936216,DEFAULT
from_CHARACTER_CODE__char_col_41,UCWK882325539,DEFAULT
from_CHARACTER_CODE__char_col_41,GLTK6177732643,DEFAULT
from_CHARACTER_CODE__char_col_41,LJJU79127997029271,DEFAULT
from_CHARACTER_CODE__char_col_41,RZDG52988322012,DEFAULT
from_CHARACTER_CODE__char_col_41,ZZB320048797888,DEFAULT
from_CHARACTER_CODE__char_col_42,MXG5852386003044,DEFAULT
from_CHARACTER_CODE__char_col_42,ULDQ52391029,DEFAULT
from_CHARACTER_CODE__char_col_42,ACKG48309309671,DEFAULT
from_CHARACTER_CODE__char_col_42,DENB2213217672019,DEFAULT
from_CHARACTER_CODE__char_col_42,CDDN12201907258,DEFAULT
from_CHARACTER_CODE__char_col_42,GV3049366538027,DEFAULT
from_CHARACTER_CODE__char_col_42,KSDE42114086825095,DEFAULT
from_CHARACTER_CODE__char_col_43,VK20935561039,DEFAULT
from_CHARACTER_CODE__char_col_43,YU01371243658,DEFAULT
from_CHARACTER_CODE__char_col_43,GA1202706159,DEFAULT
from_CHARACTER_CODE__char_col_43,BFV071669063224,DEFAULT
from_CHARACTER_CODE__char_col_43,LL2034030109,DEFAULT
from_CHARACTER_CODE__char_col_43,RUW56491579554,DEFAULT
from_CHARACTER_CODE__char_col_43,HJ12476010801,DEFAULT
from_CHARACTER_CODE__char_col_43,DBGA68317641726808,DEFAULT
from_CHARACTER_CODE__char_col_44,MQDE015071380671,DEFAULT
from_CHARACTER_CODE__char_col_44,CBK8474362130,DEFAULT
from_CHARACTER_CODE__char_col_44,MQPY94703180533,DEFAULT
from_CHARACTER_CODE__char_col_44,QJ66621591832700,DEFAULT
from_CHARACTER_CODE__char_col_44,DKL9011079771400,DEFAULT
from_CHARACTER_CODE__char_col_45,UHT81949053152049,DEFAULT
from_CHARACTER_CODE__char_col_45,UK9769873137971,DEFAULT
from_CHARACTER_CODE__char_col_45,VTZ1661237407,DEFAULT
from_CHARACTER_CODE__char_col_45,HHF56238994991970,DEFAULT
from_CHARACTER_CODE__char_col_45,EAGQ87821160,DEFAULT
from_CHARACTER_CODE__char_col_45,XXAW41813599898972,DEFAULT
from_CHARACTER_CODE__char_col_45,QA8894801864482,DEFAULT
from_CHARACTER_CODE__char_col_46,SSZ978570820,DEFAULT
from_CHARACTER_CODE__char_col_46,TBP57123691496,DEFAULT
from_CHARACTER_CODE__char_col_46,SR9429688276970,DEFAULT
from_CHARACTER_CODE__char_col_46,DJCU15607832748,DEFAULT
from_CHARACTER_CODE__char_col_46,ZNM79624096,DEFAULT
from_CHARACTER_CODE__char_col_46,VNN349604784217,DEFAULT
from_CHARACTER_CODE__char_col_47,WP8820893486,DEFAULT
from_CHARACTER_CODE__char_col_47,HVBP467287991,DEFAULT
from_CHARACTER_CODE__char_col_47,CCKC193592361,DEFAULT
from_CHARACTER_CODE__char_col_47,LF045881650,DEFAULT
from_CHARACTER_CODE__char_col_47,JKR419165034,DEFAULT
from_CHARACTER_CODE__char_col_47,RZ18249898088,DEFAULT
from_CHARACTER_CODE__char_col_47,ANQT141746813,DEFAULT
from_CHARACTER_CODE__char_col_48,FNWN8698939698,DEFAULT
from_CHARACTER_CODE__char_col_48,NUKY15594501192920,DEFAULT
from_CHARACTER_CODE__char_col_48,MHY05117160398,DEFAULT
from_CHARACTER_CODE__char_col_48,NGPL621894559,DEFAULT
from_CHARACTER_CODE__char_col_48,UKEK942046648966,DEFAULT
from_CHARACTER_CODE__char_col_48,LP2045657758,DEFAULT
from_CHARACTER_CODE__char_col_48,QKLH890623546,DEFAULT
from_CHARACTER_CODE__char_col_48,WF65401659953006,DEFAULT
from_CHARACTER_CODE__char_col_49,YXR6259160112,DEFAULT
from_CHARACTER_CODE__char_col_49,TSW00801798677,DEFAULT
from_CHARACTER_CODE__char_col_49,GC995704726,DEFAULT
from_CHARACTER_CODE__char_col_49,WP21203843,DEFAULT
from_CHARACTER_CODE__char_col_49,LHP9680785254,DEFAULT
from_CHARACTER_CODE__char_col_50,KE83854540,DEFAULT
from_CHARACTER_CODE__char_col_50,QLZE31123274897917,DEFAULT
from_CHARACTER_CODE__char_col_50,GHX2720388621,DEFAULT
from_CHARACTER_CODE__char_col_50,YAW019630453069,DEFAULT
from_CHARACTER_CODE__char_col_50,LZ824935340018,DEFAULT
from_CHARACTER_CODE__char_col_50,KSCP2444544608,DEFAULT
from_CHARACTER_CODE__char_col_51,CRVV781053912,DEFAULT
from_CHARACTER_CODE__char_col_51,SXJT6999698829045,DEFAULT
from_CHARACTER_CODE__char_col_51,ERDJ72463019864242,DEFAULT
from_CHARACTER_CODE__char_col_51,WHUQ833912187,DEFAULT
from_CHARACTER_CODE__char_col_51,GFSS98322101,DEFAULT
from_CHARACTER_CODE__char_col_51,NDB89876108,DEFAULT
from_CHARACTER_CODE__char_col_52,BZH453198074682,DEFAULT
from_CHARACTER_CODE__char_col_52,LXDB30762054,DEFAULT
from_CHARACTER_CODE__char_col_52,UNQC0066664110,DEFAULT
from_CHARACTER_CODE__char_col_52,MKC1340785169949,DEFAULT
from_CHARACTER_CODE__char_col_52,VAMT36683482689996,DEFAULT
from_CHARACTER_CODE__char_col_52,SH688891787915,DEFAULT
from_CHARACTER_CODE__char_col_53,QCU60932012657,DEFAULT
from_CHARACTER_CODE__char_col_53,SUTF04180952175,DEFAULT
from_CHARACTER_CODE__char_col_53,QR41274692118,DEFAULT
from_CHARACTER_CODE__char_col_53,TEJC962642229758,DEFAULT
from_CHARACTER_CODE__char_col_53,BYJ5421854570568,DEFAULT
from_CHARACTER_CODE__char_col_53,YU01635640,DEFAULT
from_CHARACTER_CODE__char_col_54,EJ72828954001788,DEFAULT
from_CHARACTER_CODE__char_col_54,CE16850710580,DEFAULT
from_CHARACTER_CODE__char_col_54,VF71152610537092,DEFAULT
from_CHARACTER_CODE__char_col_54,ULX07418948,DEFAULT
from_CHARACTER_CODE__char_col_54,KHWE98769893652944,DEFAULT
from_CHARACTER_CODE__char_col_54,PZ98273481,DEFAULT
from_CHARACTER_CODE__char_col_55,NLUD71357852945637,DEFAULT
from_CHARACTER_CODE__char_col_55,CTGK0496391919,DEFAULT
from_CHARACTER_CODE__char_col_55,JCU87635148468536,DEFAULT
from_CHARACTER_CODE__char_col_55,JVS82082973748,DEFAULT
from_CHARACTER_CODE__char_col_55,PUZW83572324,DEFAULT
from_CHARACTER_CODE__char_col_55,PLC3644249363123,DEFAULT
from_CHARACTER_CODE__char_col_55,HK78660324204,DEFAULT
from_CHARACTER_CODE__char_col_55,XTF0700159416516,DEFAULT
from_CHARACTER_CODE__char_col_55,EHDU8189847139155,DEFAULT
from_CHARACTER_CODE__char_col_55,ZNZZ632123476,DEFAULT
from_CHARACTER_CODE__char_col_56,UBR515867342575,DEFAULT
from_CHARACTER_CODE__char_col_56,AWV03486451,DEFAULT
from_CHARACTER_CODE__char_col_56,HQNA44134327560,DEFAULT
from_CHARACTER_CODE__char_col_56,CRR6561248156985,DEFAULT
from_CHARACTER_CODE__char_col_56,YAB2720634591123,DEFAULT
from_CHARACTER_CODE__char_col_56,YWEV6577242954316,DEFAULT
from_CHARACTER_CODE__char_col_56,FNN93008931734206,DEFAULT
from_CHARACTER_CODE__char_col_56,PVJE52910867,DEFAULT
from_CHARACTER_CODE__char_col_56,RDHY344762639,DEFAULT
from_CHARACTER_CODE__char_col_56,KZ3626204439735,DEFAULT
from_CHARACTER_CODE__char_col_57,XWQC72563669,DEFAULT
from_CHARACTER_CODE__char_col_57,CDT05375990,DEFAULT
from_CHARACTER_CODE__char_col_57,JS646528092428,DEFAULT
from_CHARACTER_CODE__char_col_57,LQE58624150,DEFAULT
from_CHARACTER_CODE__char_col_57,RJ5644948562572,DEFAULT
from_CHARACTER_CODE__char_col_57,XWQB203207427,DEFAULT
from_CHARACTER_CODE__char_col_57,DRB58777121513,DEFAULT
from_CHARACTER_CODE__char_col_57,FFZ499390892613,DEFAULT
from_CHARACTER_CODE__char_col_57,XDL41659152,DEFAULT
from_CHARACTER_CODE__char_col_57,CQ77490509759230,DEFAULT
from_CHARACTER_CODE__char_col_58,KLBZ89616423,DEFAULT
from_CHARACTER_CODE__char_col_58,CAG664214764,DEFAULT
from_CHARACTER_CODE__char_col_58,VEMX58377674,DEFAULT
from_CHARACTER_CODE__char_col_58,VPCP59266108573278,DEFAULT
from_CHARACTER_CODE__char_col_58,WSCK61742243864,DEFAULT
from_CHARACTER_CODE__char_col_58,BTCB186617945491,DEFAULT
from_CHARACTER_CODE__char_col_58,ADZX22601645977,DEFAULT
from_CHARACTER_CODE__char_col_58,JLFG194168006,DEFAULT
from_CHARACTER_CODE__char_col_58,AF7769749956412,DEFAULT
from_CHARACTER_CODE__char_col_58,AG03037236,DEFAULT
from_CHARACTER_CODE__char_col_59,TGCK72760122777079,DEFAULT
from_CHARACTER_CODE__char_col_59,GK605016679984,DEFAULT
from_CHARACTER_CODE__char_col_59,RN89973080695,DEFAULT
from_CHARACTER_CODE__char_col_59,CJWP17957602437,DEFAULT
from_CHARACTER_CODE__char_col_59,QHS959724665,DEFAULT
from_CHARACTER_CODE__char_col_59,FVG1722329716,DEFAULT
from_CHARACTER_CODE__char_col_59,KHG005452280156,DEFAULT
from_CHARACTER_CODE__char_col_59,VH83745508,DEFAULT
from_CHARACTER_CODE__char_col_59,EYS107711991808,DEFAULT
from_CHARACTER_CODE__char_col_59,FW35247871,DEFAULT
from_CHARACTER_CODE__char_col_60,WM2137603754,DEFAULT
from_CHARACTER_CODE__char_col_60,FCJM6532863266678,DEFAULT
from_CHARACTER_CODE__char_col_60,MAQE08115562606029,DEFAULT
from_CHARACTER_CODE__char_col_60,WY84668455048926,DEFAULT
from_CHARACTER_CODE__char_col_60,WGT975634108562,DEFAULT
from_CHARACTER_CODE__char_col_60,TKGC848520089434,DEFAULT
from_CHARACTER_CODE__char_col_60,PSDZ54851017,DEFAULT
from_CHARACTER_CODE__char_col_60,UZA53998935449,DEFAULT
from_CHARACTER_CODE__char_col_60,EYNS3158935712661,DEFAULT
from_CHARACTER_CODE__char_col_60,BP737158698,DEFAULT
from_CHARACTER_CODE__char_col_61,NJUR6776228277288,DEFAULT
from_CHARACTER_CODE__char_col_61,YG70285196115,DEFAULT
from_CHARACTER_CODE__char_col_61,KBSE54544702,DEFAULT
from_CHARACTER_CODE__char_col_61,UP44327018,DEFAULT
from_CHARACTER_CODE__char_col_61,CBP94975679228,DEFAULT
from_CHARACTER_CODE__char_col_61,QQXQ519966365,DEFAULT
from_CHARACTER_CODE__char_col_61,BXQZ1209481813,DEFAULT
from_CHARACTER_CODE__char_col_61,TUBU378018204339,DEFAULT
from_CHARACTER_CODE__char_col_61,CTV6907056260,DEFAULT
from_CHARACTER_CODE__char_col_61,LNJC18242241,DEFAULT
from_CHARACTER_CODE__char_col_62,KP2095200461526,DEFAULT
from_CHARACTER_CODE__char_col_62,JND33993788,DEFAULT
from_CHARACTER_CODE__char_col_62,DJB7861706304,DEFAULT
from_CHARACTER_CODE__char_col_62,UXDH82496718325823,DEFAULT
from_CHARACTER_CODE__char_col_62,PTQB79420074,DEFAULT
from_CHARACTER_CODE__char_col_62,JXNM39840289141612,DEFAULT
from_CHARACTER_CODE__char_col_62,TJPG855474355379,DEFAULT
from_CHARACTER_CODE__char_col_62,AYE0970026876811,DEFAULT
from_CHARACTER_CODE__char_col_62,AXQX56956201,DEFAULT
from_CHARACTER_CODE__char_col_62,MGQ30453194,DEFAULT
from_CHARACTER_CODE__char_col_63,HHRM47930361,DEFAULT
from_CHARACTER_CODE__char_col_63,USR839992192,DEFAULT
from_CHARACTER_CODE__char_col_63,CEJU38430894870605,DEFAULT
from_CHARACTER_CODE__char_col_63,PJD8775803046875,DEFAULT
from_CHARACTER_CODE__char_col_63,NG1903613325,DEFAULT
from_CHARACTER_CODE__char_col_63,CWW07609543,DEFAULT
from_CHARACTER_CODE__char_col_63,RH0583199717,DEFAULT
from_CHARACTER_CODE__char_col_63,DCBB51207049611,DEFAULT
from_CHARACTER_CODE__char_col_63,BTBK66196399076769,DEFAULT
from_CHARACTER_CODE__char_col_63,DLWX07859311091939,DEFAULT
from_CHARACTER_CODE__char_col_64,WS5679723200,DEFAULT
from_CHARACTER_CODE__char_col_64,KU85498227495,DEFAULT
from_CHARACTER_CODE__char_col_64,MAS203880653331,DEFAULT
from_CHARACTER_CODE__char_col_64,GXR7959959465217,DEFAULT
from_CHARACTER_CODE__char_col_64,RH33793375,DEFAULT
from_CHARACTER_CODE__char_col_64,NGNF05015081247395,DEFAULT
from_CHARACTER_CODE__char_col_64,AG423425832,DEFAULT
from_CHARACTER_CODE__char_col_64,AF41026153473552,DEFAULT
from_CHARACTER_CODE__char_col_64,VPYC22338655,DEFAULT
from_CHARACTER_CODE__char_col_64,PWHB99384253042897,DEFAULT
from_CHARACTER_CODE__char_col_65,ZC79128685787255,DEFAULT
from_CHARACTER_CODE__char_col_65,YRYR49690333736,DEFAULT
from_CHARACTER_CODE__char_col_65,KP92548121478,DEFAULT
from_CHARACTER_CODE__char_col_65,HUB89567766575,DEFAULT
from_CHARACTER_CODE__char_col_65,NAF34151488814,DEFAULT
from_CHARACTER_CODE__char_col_65,DD50835354,DEFAULT
from_CHARACTER_CODE__char_col_65,ZXJ928404456,DEFAULT
from_CHARACTER_CODE__char_col_65,UWA82633373898,DEFAULT
from_CHARACTER_CODE__char_col_65,ZQL15366377805292,DEFAULT
from_CHARACTER_CODE__char_col_65,ZAR55366684590902,DEFAULT
from_CHARACTER_CODE__char_col_66,LU9996636186371,DEFAULT
from_CHARACTER_CODE__char_col_66,UQW1218209702,DEFAULT
from_CHARACTER_CODE__char_col_66,CN3348170580,DEFAULT
from_CHARACTER_CODE__char_col_66,LP21286716323,DEFAULT
from_CHARACTER_CODE__char_col_66,PYX29949387430,DEFAULT
from_CHARACTER_CODE__char_col_66,QC69385977790147,DEFAULT
from_CHARACTER_CODE__char_col_66,YYK92632967629,DEFAULT
from_CHARACTER_CODE__char_col_66,NY32484137,DEFAULT
from_CHARACTER_CODE__char_col_66,TDM18567243,DEFAULT
from_CHARACTER_CODE__char_col_66,BQAC7656360041257,DEFAULT
from_CHARACTER_CODE__char_col_67,QCC372742209124,DEFAULT
from_CHARACTER_CODE__char_col_67,TZ21042752308,DEFAULT
from_CHARACTER_CODE__char_col_67,QY81647090,DEFAULT
from_CHARACTER_CODE__char_col_67,NG533106005,DEFAULT
from_CHARACTER_CODE__char_col_67,XX31220681,DEFAULT
from_CHARACTER_CODE__char_col_67,LTW938661331,DEFAULT
from_CHARACTER_CODE__char_col_67,LFA50637314950,DEFAULT
from_CHARACTER_CODE__char_col_67,GP9718924195,DEFAULT
from_CHARACTER_CODE__char_col_67,YNXY525715099,DEFAULT
from_CHARACTER_CODE__char_col_67,NSW3890309143639,DEFAULT
from_CHARACTER_CODE__char_col_68,BE7432630397,DEFAULT
from_CHARACTER_CODE__char_col_68,LEJL0864035533803,DEFAULT
from_CHARACTER_CODE__char_col_68,YZHV68527017130232,DEFAULT
from_CHARACTER_CODE__char_col_68,FU338167423362,DEFAULT
from_CHARACTER_CODE__char_col_68,HKKU34715662776,DEFAULT
from_CHARACTER_CODE__char_col_68,VZPE70661498282467,DEFAULT
from_CHARACTER_CODE__char_col_68,QKN971527323008,DEFAULT
from_CHARACTER_CODE__char_col_68,ZMRN65674916016,DEFAULT
from_CHARACTER_CODE__char_col_68,FGPJ58750663370502,DEFAULT
from_CHARACTER_CODE__char_col_68,VQX439920116,DEFAULT
from_CHARACTER_CODE__char_col_69,YUC362644886946,DEFAULT
from_CHARACTER_CODE__char_col_69,CDWU52436402701168,DEFAULT
from_COLUMN_MIXED__cm_phone_landline_1,6555345,DEFAULT
from_COLUMN_MIXED__cm_phone_landline_1,13898523648,DEFAULT
from_COLUMN_MIXED__cm_phone_landline_1,0931-6525836,DEFAULT
from_COLUMN_MIXED__cm_phone_id_landline_1,13800001234,DEFAULT
from_COLUMN_MIXED__cm_phone_id_landline_1,110101199001010007,DEFAULT
from_COLUMN_MIXED__cm_phone_id_landline_1,021-12345678,DEFAULT
from_COLUMN_MIXED__cm_short_mobile_landline_1,95588,DEFAULT
from_COLUMN_MIXED__cm_short_mobile_landline_1,13912345678,DEFAULT
from_COLUMN_MIXED__cm_short_mobile_landline_1,400-100-5678,DEFAULT
from_COLUMN_MIXED__cm_email_phone_passport_1,alice@test.com,DEFAULT
from_COLUMN_MIXED__cm_email_phone_passport_1,13698765432,DEFAULT
from_COLUMN_MIXED__cm_email_phone_passport_1,E12345678,DEFAULT
from_COLUMN_MIXED__cm_phone_passport_credit_1,15800001111,DEFAULT
from_COLUMN_MIXED__cm_phone_passport_credit_1,G23456789,DEFAULT
from_COLUMN_MIXED__cm_phone_passport_credit_1,91110000MA00123456,DEFAULT
from_COLUMN_MIXED__cm_phone_landline_2,018-54599228,DEFAULT
from_COLUMN_MIXED__cm_phone_landline_2,13258963217,DEFAULT
from_COLUMN_MIXED__cm_phone_landline_2,800-8345910,DEFAULT
from_COLUMN_MIXED__cm_phone_landline_2,15835268064,DEFAULT
from_COLUMN_MIXED__cm_phone_landline_2,400-702-9977,DEFAULT
from_COLUMN_MIXED__cm_phone_landline_2,14448838425,DEFAULT
from_COLUMN_MIXED__cm_phone_landline_2,400-653-1777,DEFAULT
from_COLUMN_MIXED__cm_phone_landline_3,800-7661660,DEFAULT
from_COLUMN_MIXED__cm_phone_landline_3,14392090855,DEFAULT
from_COLUMN_MIXED__cm_phone_landline_3,800-1462318,DEFAULT
from_COLUMN_MIXED__cm_phone_landline_3,18913111786,DEFAULT
from_COLUMN_MIXED__cm_phone_landline_3,029-12563103,DEFAULT
from_COLUMN_MIXED__cm_phone_landline_3,800-5948136,DEFAULT
from_COLUMN_MIXED__cm_phone_landline_3,18760220695,DEFAULT
from_COLUMN_MIXED__cm_phone_landline_3,015-10087245,DEFAULT
from_COLUMN_MIXED__cm_phone_landline_4,800-2862166,DEFAULT
from_COLUMN_MIXED__cm_phone_landline_4,15325947950,DEFAULT
from_COLUMN_MIXED__cm_phone_landline_4,024-35670862,DEFAULT
from_COLUMN_MIXED__cm_phone_landline_4,19279805950,DEFAULT
from_COLUMN_MIXED__cm_phone_landline_4,400-782-2077,DEFAULT
from_COLUMN_MIXED__cm_phone_landline_4,022-48633985,DEFAULT
from_COLUMN_MIXED__cm_phone_landline_4,18934039104,DEFAULT
from_COLUMN_MIXED__cm_phone_landline_4,800-3114877,DEFAULT
from_COLUMN_MIXED__cm_phone_landline_4,400-538-1747,DEFAULT
from_COLUMN_MIXED__cm_phone_landline_5,800-6806731,DEFAULT
from_COLUMN_MIXED__cm_phone_landline_5,19359520561,DEFAULT
from_COLUMN_MIXED__cm_phone_landline_5,010-63389592,DEFAULT
from_COLUMN_MIXED__cm_phone_landline_5,17680186774,DEFAULT
from_COLUMN_MIXED__cm_phone_landline_5,800-3102292,DEFAULT
from_COLUMN_MIXED__cm_phone_landline_5,18339449530,DEFAULT
from_COLUMN_MIXED__cm_phone_landline_5,0876-3636967,DEFAULT
from_COLUMN_MIXED__cm_phone_landline_6,0288-5796087,DEFAULT
from_COLUMN_MIXED__cm_phone_landline_6,13784290292,DEFAULT
from_COLUMN_MIXED__cm_phone_landline_6,800-2598011,DEFAULT
from_COLUMN_MIXED__cm_phone_landline_6,13009060530,DEFAULT
from_COLUMN_MIXED__cm_phone_landline_6,0622-5249280,DEFAULT
from_COLUMN_MIXED__cm_phone_landline_6,014-25656264,DEFAULT
from_COLUMN_MIXED__cm_phone_landline_6,13667329045,DEFAULT
from_COLUMN_MIXED__cm_phone_landline_6,400-189-3801,DEFAULT
from_COLUMN_MIXED__cm_phone_landline_7,400-568-7062,DEFAULT
from_COLUMN_MIXED__cm_phone_landline_7,15821477092,DEFAULT
from_COLUMN_MIXED__cm_phone_landline_7,024-25372552,DEFAULT
from_COLUMN_MIXED__cm_phone_landline_7,800-3719631,DEFAULT
from_COLUMN_MIXED__cm_phone_landline_7,14802362192,DEFAULT
from_COLUMN_MIXED__cm_phone_landline_7,021-80388195,DEFAULT
from_COLUMN_MIXED__cm_phone_landline_7,0840-1071738,DEFAULT
from_COLUMN_MIXED__cm_phone_landline_7,18591611863,DEFAULT
from_COLUMN_MIXED__cm_phone_landline_7,028-52003082,DEFAULT
from_COLUMN_MIXED__cm_phone_landline_8,400-168-9970,DEFAULT
from_COLUMN_MIXED__cm_phone_landline_8,16928972845,DEFAULT
from_COLUMN_MIXED__cm_phone_landline_8,026-28535751,DEFAULT
from_COLUMN_MIXED__cm_phone_landline_8,14720028394,DEFAULT
from_COLUMN_MIXED__cm_phone_landline_8,400-740-4746,DEFAULT
from_COLUMN_MIXED__cm_phone_landline_8,400-160-5128,DEFAULT
from_COLUMN_MIXED__cm_phone_landline_8,13447432811,DEFAULT
from_COLUMN_MIXED__cm_phone_landline_8,014-94195153,DEFAULT
from_COLUMN_MIXED__cm_phone_landline_9,800-3133929,DEFAULT
from_COLUMN_MIXED__cm_phone_landline_9,18135302816,DEFAULT
from_COLUMN_MIXED__cm_phone_landline_9,800-7641644,DEFAULT
from_COLUMN_MIXED__cm_phone_landline_9,14005937775,DEFAULT
from_COLUMN_MIXED__cm_phone_landline_9,400-235-2163,DEFAULT
from_COLUMN_MIXED__cm_phone_landline_9,18029161746,DEFAULT
from_COLUMN_MIXED__cm_phone_landline_9,400-222-1477,DEFAULT
from_COLUMN_MIXED__cm_phone_landline_10,0114-9406848,DEFAULT
from_COLUMN_MIXED__cm_phone_landline_10,13568566706,DEFAULT
from_COLUMN_MIXED__cm_phone_landline_10,400-817-7455,DEFAULT
from_COLUMN_MIXED__cm_phone_landline_10,028-78738936,DEFAULT
from_COLUMN_MIXED__cm_phone_landline_10,19655049444,DEFAULT
from_COLUMN_MIXED__cm_phone_landline_10,400-801-6016,DEFAULT
from_COLUMN_MIXED__cm_phone_landline_10,17339650496,DEFAULT
from_COLUMN_MIXED__cm_phone_landline_10,400-564-4109,DEFAULT
from_COLUMN_MIXED__cm_phone_landline_10,400-494-3206,DEFAULT
from_COLUMN_MIXED__cm_phone_landline_11,400-203-9432,DEFAULT
from_COLUMN_MIXED__cm_phone_landline_11,19808799196,DEFAULT
from_COLUMN_MIXED__cm_phone_landline_11,800-2419946,DEFAULT
from_COLUMN_MIXED__cm_phone_landline_11,18996433853,DEFAULT
from_COLUMN_MIXED__cm_phone_landline_11,400-474-1943,DEFAULT
from_COLUMN_MIXED__cm_phone_landline_11,15833343031,DEFAULT
from_COLUMN_MIXED__cm_phone_landline_11,0515-1469584,DEFAULT
from_COLUMN_MIXED__cm_phone_landline_12,800-4344845,DEFAULT
from_COLUMN_MIXED__cm_phone_landline_12,15365974669,DEFAULT
from_COLUMN_MIXED__cm_phone_landline_12,400-387-3072,DEFAULT
from_COLUMN_MIXED__cm_phone_landline_12,13254508095,DEFAULT
from_COLUMN_MIXED__cm_phone_landline_12,800-9523590,DEFAULT
from_COLUMN_MIXED__cm_phone_landline_12,800-4109904,DEFAULT
from_COLUMN_MIXED__cm_phone_landline_12,19692559664,DEFAULT
from_COLUMN_MIXED__cm_phone_landline_12,0286-2893169,DEFAULT
from_COLUMN_MIXED__cm_phone_landline_12,024-47068773,DEFAULT
from_COLUMN_MIXED__cm_phone_landline_13,400-353-3579,DEFAULT
from_COLUMN_MIXED__cm_phone_landline_13,16145430796,DEFAULT
from_COLUMN_MIXED__cm_phone_landline_13,400-773-8502,DEFAULT
from_COLUMN_MIXED__cm_phone_landline_13,010-14024877,DEFAULT
from_COLUMN_MIXED__cm_phone_landline_13,17178522115,DEFAULT
from_COLUMN_MIXED__cm_phone_landline_13,400-314-6943,DEFAULT
from_COLUMN_MIXED__cm_phone_landline_13,19426874470,DEFAULT
from_COLUMN_MIXED__cm_phone_landline_13,400-990-1414,DEFAULT
from_COLUMN_MIXED__cm_phone_landline_14,400-299-8668,DEFAULT
from_COLUMN_MIXED__cm_phone_landline_14,13140052781,DEFAULT
from_COLUMN_MIXED__cm_phone_landline_14,011-13398022,DEFAULT
from_COLUMN_MIXED__cm_phone_landline_14,14722142573,DEFAULT
from_COLUMN_MIXED__cm_phone_landline_14,800-4803548,DEFAULT
from_COLUMN_MIXED__cm_phone_landline_14,17136817203,DEFAULT
from_COLUMN_MIXED__cm_phone_landline_14,800-6889883,DEFAULT
from_COLUMN_MIXED__cm_phone_landline_15,800-6909755,DEFAULT
from_COLUMN_MIXED__cm_phone_landline_15,19332227393,DEFAULT
from_COLUMN_MIXED__cm_phone_landline_15,0807-4725540,DEFAULT
from_COLUMN_MIXED__cm_phone_landline_15,19532366185,DEFAULT
from_COLUMN_MIXED__cm_phone_landline_15,025-63297325,DEFAULT
from_COLUMN_MIXED__cm_phone_landline_15,027-71621333,DEFAULT
from_COLUMN_MIXED__cm_phone_landline_15,13826971823,DEFAULT
from_COLUMN_MIXED__cm_phone_landline_15,0139-2655412,DEFAULT
from_COLUMN_MIXED__cm_phone_landline_15,0227-3616757,DEFAULT
from_COLUMN_MIXED__cm_phone_landline_16,800-7753453,DEFAULT
from_COLUMN_MIXED__cm_phone_landline_16,16357422332,DEFAULT
from_COLUMN_MIXED__cm_phone_landline_16,400-265-9328,DEFAULT
from_COLUMN_MIXED__cm_phone_landline_16,029-49196532,DEFAULT
from_COLUMN_MIXED__cm_phone_landline_16,15258922256,DEFAULT
from_COLUMN_MIXED__cm_phone_landline_16,800-4541058,DEFAULT
from_COLUMN_MIXED__cm_phone_landline_16,15063731180,DEFAULT
from_COLUMN_MIXED__cm_phone_landline_16,0382-2753913,DEFAULT
from_COLUMN_MIXED__cm_phone_landline_17,017-61723054,DEFAULT
from_COLUMN_MIXED__cm_phone_landline_17,14608463975,DEFAULT
from_COLUMN_MIXED__cm_phone_landline_17,800-8988369,DEFAULT
from_COLUMN_MIXED__cm_phone_landline_17,13554912151,DEFAULT
from_COLUMN_MIXED__cm_phone_landline_17,0837-5490726,DEFAULT
from_COLUMN_MIXED__cm_phone_landline_17,028-55932113,DEFAULT
from_COLUMN_MIXED__cm_phone_landline_17,15640919693,DEFAULT
from_COLUMN_MIXED__cm_phone_landline_17,0466-4101482,DEFAULT
from_COLUMN_MIXED__cm_phone_landline_18,014-98802796,DEFAULT
from_COLUMN_MIXED__cm_phone_landline_18,13241393696,DEFAULT
from_COLUMN_MIXED__cm_phone_landline_18,028-80225378,DEFAULT
from_COLUMN_MIXED__cm_phone_landline_18,16312677319,DEFAULT
from_COLUMN_MIXED__cm_phone_landline_18,0791-1475103,DEFAULT
from_COLUMN_MIXED__cm_phone_landline_18,16598897865,DEFAULT
from_COLUMN_MIXED__cm_phone_landline_18,800-4406031,DEFAULT
from_COLUMN_MIXED__cm_phone_landline_19,014-16131158,DEFAULT
from_COLUMN_MIXED__cm_phone_landline_19,14191505764,DEFAULT
from_COLUMN_MIXED__cm_phone_landline_19,0107-1837882,DEFAULT
from_COLUMN_MIXED__cm_phone_landline_19,13268764486,DEFAULT
from_COLUMN_MIXED__cm_phone_landline_19,0707-8552077,DEFAULT
from_COLUMN_MIXED__cm_phone_landline_19,15163656045,DEFAULT
from_COLUMN_MIXED__cm_phone_landline_19,010-64587161,DEFAULT
from_COLUMN_MIXED__cm_phone_landline_19,800-6280372,DEFAULT
from_COLUMN_MIXED__cm_phone_landline_20,028-97251436,DEFAULT
from_COLUMN_MIXED__cm_phone_landline_20,15296353059,DEFAULT
from_COLUMN_MIXED__cm_phone_landline_20,0836-1133496,DEFAULT
from_COLUMN_MIXED__cm_phone_landline_20,800-6868075,DEFAULT
from_COLUMN_MIXED__cm_phone_landline_20,13282763643,DEFAULT
from_COLUMN_MIXED__cm_phone_landline_20,800-7601346,DEFAULT
from_COLUMN_MIXED__cm_phone_landline_20,15466345443,DEFAULT
from_COLUMN_MIXED__cm_phone_landline_20,800-5318419,DEFAULT
from_COLUMN_MIXED__cm_phone_landline_20,800-3035282,DEFAULT
from_COLUMN_MIXED__cm_phone_landline_21,800-7877280,DEFAULT
from_COLUMN_MIXED__cm_phone_landline_21,15088223095,DEFAULT
from_COLUMN_MIXED__cm_phone_landline_21,400-689-9735,DEFAULT
from_COLUMN_MIXED__cm_phone_landline_21,18894132109,DEFAULT
from_COLUMN_MIXED__cm_phone_landline_21,400-217-8843,DEFAULT
from_COLUMN_MIXED__cm_phone_landline_21,19075485346,DEFAULT
from_COLUMN_MIXED__cm_phone_landline_21,400-979-3058,DEFAULT
from_COLUMN_MIXED__cm_phone_landline_22,010-28983103,DEFAULT
from_COLUMN_MIXED__cm_phone_landline_22,18512137565,DEFAULT
from_COLUMN_MIXED__cm_phone_landline_22,800-8907996,DEFAULT
from_COLUMN_MIXED__cm_phone_landline_22,13861993145,DEFAULT
from_COLUMN_MIXED__cm_phone_landline_22,800-7652984,DEFAULT
from_COLUMN_MIXED__cm_phone_landline_22,16311388503,DEFAULT
from_COLUMN_MIXED__cm_phone_landline_22,800-4079746,DEFAULT
from_COLUMN_MIXED__cm_phone_landline_22,0261-3277202,DEFAULT
from_COLUMN_MIXED__cm_phone_landline_23,0831-7974040,DEFAULT
from_COLUMN_MIXED__cm_phone_landline_23,17680085294,DEFAULT
from_COLUMN_MIXED__cm_phone_landline_23,0871-1840925,DEFAULT
from_COLUMN_MIXED__cm_phone_landline_23,025-68808057,DEFAULT
from_COLUMN_MIXED__cm_phone_landline_23,15174304350,DEFAULT
from_COLUMN_MIXED__cm_phone_landline_23,015-31741531,DEFAULT
from_COLUMN_MIXED__cm_phone_landline_23,19894665275,DEFAULT
from_COLUMN_MIXED__cm_phone_landline_23,400-303-4293,DEFAULT
from_COLUMN_MIXED__cm_phone_landline_23,400-738-4830,DEFAULT
from_COLUMN_MIXED__cm_phone_landline_24,400-359-7689,DEFAULT
from_COLUMN_MIXED__cm_phone_landline_24,16711675076,DEFAULT
from_COLUMN_MIXED__cm_phone_landline_24,800-6287988,DEFAULT
from_COLUMN_MIXED__cm_phone_landline_24,14024530123,DEFAULT
from_COLUMN_MIXED__cm_phone_landline_24,800-9181178,DEFAULT
from_COLUMN_MIXED__cm_phone_landline_24,400-129-4551,DEFAULT
from_COLUMN_MIXED__cm_phone_landline_24,15202847190,DEFAULT
from_COLUMN_MIXED__cm_phone_landline_24,024-31883430,DEFAULT
from_COLUMN_MIXED__cm_phone_landline_24,400-399-1853,DEFAULT
from_COLUMN_MIXED__cm_phone_landline_25,029-90627301,DEFAULT
from_COLUMN_MIXED__cm_phone_landline_25,19240658387,DEFAULT
from_COLUMN_MIXED__cm_phone_landline_25,400-447-9286,DEFAULT
from_COLUMN_MIXED__cm_phone_landline_25,19122590956,DEFAULT
from_COLUMN_MIXED__cm_phone_landline_25,800-9508283,DEFAULT
from_COLUMN_MIXED__cm_phone_landline_25,18237337912,DEFAULT
from_COLUMN_MIXED__cm_phone_landline_25,014-21346274,DEFAULT
from_COLUMN_MIXED__cm_phone_landline_25,013-81258319,DEFAULT
from_COLUMN_MIXED__cm_phone_landline_26,800-1604880,DEFAULT
from_COLUMN_MIXED__cm_phone_landline_26,19392519994,DEFAULT
from_COLUMN_MIXED__cm_phone_landline_26,800-2835292,DEFAULT
from_COLUMN_MIXED__cm_phone_landline_26,16122276433,DEFAULT
from_COLUMN_MIXED__cm_phone_landline_26,0286-3743909,DEFAULT
from_COLUMN_MIXED__cm_phone_landline_26,800-5853000,DEFAULT
from_COLUMN_MIXED__cm_phone_landline_26,14216265496,DEFAULT
from_COLUMN_MIXED__cm_phone_landline_26,400-307-5749,DEFAULT
from_COLUMN_MIXED__cm_phone_landline_27,0121-3788542,DEFAULT
from_COLUMN_MIXED__cm_phone_landline_27,13596851953,DEFAULT
from_COLUMN_MIXED__cm_phone_landline_27,400-506-7998,DEFAULT
from_COLUMN_MIXED__cm_phone_landline_27,18329563427,DEFAULT
from_COLUMN_MIXED__cm_phone_landline_27,0585-6350367,DEFAULT
from_COLUMN_MIXED__cm_phone_landline_27,400-467-3516,DEFAULT
from_COLUMN_MIXED__cm_phone_landline_27,13616581292,DEFAULT
from_COLUMN_MIXED__cm_phone_landline_27,400-254-5683,DEFAULT
from_COLUMN_MIXED__cm_phone_landline_28,0784-3586532,DEFAULT
from_COLUMN_MIXED__cm_phone_landline_28,18629420661,DEFAULT
from_COLUMN_MIXED__cm_phone_landline_28,027-55586036,DEFAULT
from_COLUMN_MIXED__cm_phone_landline_28,13331380049,DEFAULT
from_COLUMN_MIXED__cm_phone_landline_28,400-821-3572,DEFAULT
from_COLUMN_MIXED__cm_phone_landline_28,015-30379621,DEFAULT
from_COLUMN_MIXED__cm_phone_landline_28,13215481582,DEFAULT
from_COLUMN_MIXED__cm_phone_landline_28,0511-5998842,DEFAULT
from_COLUMN_MIXED__cm_phone_landline_29,011-62112332,DEFAULT
from_COLUMN_MIXED__cm_phone_landline_29,14987787358,DEFAULT
from_COLUMN_MIXED__cm_phone_landline_29,0388-7699071,DEFAULT
from_COLUMN_MIXED__cm_phone_landline_29,18419623421,DEFAULT
from_COLUMN_MIXED__cm_phone_landline_29,400-832-8145,DEFAULT
from_COLUMN_MIXED__cm_phone_landline_29,400-176-4167,DEFAULT
from_COLUMN_MIXED__cm_phone_landline_29,14041042948,DEFAULT
from_COLUMN_MIXED__cm_phone_landline_29,0623-2877649,DEFAULT
from_COLUMN_MIXED__cm_phone_landline_30,400-626-4263,DEFAULT
from_COLUMN_MIXED__cm_phone_landline_30,13800366602,DEFAULT
from_COLUMN_MIXED__cm_phone_landline_30,400-865-3642,DEFAULT
from_COLUMN_MIXED__cm_phone_landline_30,17538631050,DEFAULT
from_COLUMN_MIXED__cm_phone_landline_30,400-642-4849,DEFAULT
from_COLUMN_MIXED__cm_phone_landline_30,17058269299,DEFAULT
from_COLUMN_MIXED__cm_phone_landline_30,0267-8673707,DEFAULT
from_COLUMN_MIXED__cm_phone_landline_31,026-55127018,DEFAULT
from_COLUMN_MIXED__cm_phone_landline_31,18186267136,DEFAULT
from_COLUMN_MIXED__cm_phone_landline_31,800-2823015,DEFAULT
from_COLUMN_MIXED__cm_phone_landline_31,016-30810799,DEFAULT
from_COLUMN_MIXED__cm_phone_landline_31,18823392188,DEFAULT
from_COLUMN_MIXED__cm_phone_landline_31,026-74004504,DEFAULT
from_COLUMN_MIXED__cm_phone_landline_31,15067761065,DEFAULT
from_COLUMN_MIXED__cm_phone_landline_31,018-43200403,DEFAULT
from_COLUMN_MIXED__cm_phone_landline_32,400-654-5897,DEFAULT
from_COLUMN_MIXED__cm_phone_landline_32,15720266568,DEFAULT
from_COLUMN_MIXED__cm_phone_landline_32,800-2580427,DEFAULT
from_COLUMN_MIXED__cm_phone_landline_32,14573498992,DEFAULT
from_COLUMN_MIXED__cm_phone_landline_32,800-6471893,DEFAULT
from_COLUMN_MIXED__cm_phone_landline_32,800-8300694,DEFAULT
from_COLUMN_MIXED__cm_phone_landline_32,18074299074,DEFAULT
from_COLUMN_MIXED__cm_phone_landline_32,800-2055775,DEFAULT
from_COLUMN_MIXED__cm_phone_landline_33,800-5768531,DEFAULT
from_COLUMN_MIXED__cm_phone_landline_33,16418398416,DEFAULT
from_COLUMN_MIXED__cm_phone_landline_33,800-4460433,DEFAULT
from_COLUMN_MIXED__cm_phone_landline_33,16988164980,DEFAULT
from_COLUMN_MIXED__cm_phone_landline_33,029-32369436,DEFAULT
from_COLUMN_MIXED__cm_phone_landline_33,18860521026,DEFAULT
from_COLUMN_MIXED__cm_phone_landline_33,0396-2026875,DEFAULT
from_COLUMN_MIXED__cm_phone_landline_34,400-995-1674,DEFAULT
from_COLUMN_MIXED__cm_phone_landline_34,15748839974,DEFAULT
from_COLUMN_MIXED__cm_phone_landline_34,400-114-3447,DEFAULT
from_COLUMN_MIXED__cm_phone_landline_34,16500030566,DEFAULT
from_COLUMN_MIXED__cm_phone_landline_34,400-117-6856,DEFAULT
from_COLUMN_MIXED__cm_phone_landline_34,16418493784,DEFAULT
from_COLUMN_MIXED__cm_phone_landline_34,0838-1327250,DEFAULT
from_COLUMN_MIXED__cm_phone_landline_35,400-377-5843,DEFAULT
from_COLUMN_MIXED__cm_phone_landline_35,15429906745,DEFAULT
from_COLUMN_MIXED__cm_phone_landline_35,400-408-1632,DEFAULT
from_COLUMN_MIXED__cm_phone_landline_35,16221559967,DEFAULT
from_COLUMN_MIXED__cm_phone_landline_35,400-422-7970,DEFAULT
from_COLUMN_MIXED__cm_phone_landline_35,400-975-3962,DEFAULT
from_COLUMN_MIXED__cm_phone_landline_35,13905334704,DEFAULT
from_COLUMN_MIXED__cm_phone_landline_35,800-5841463,DEFAULT
from_COLUMN_MIXED__cm_phone_landline_36,025-20983796,DEFAULT
from_COLUMN_MIXED__cm_phone_landline_36,14455312900,DEFAULT
from_COLUMN_MIXED__cm_phone_landline_36,400-193-2113,DEFAULT
from_COLUMN_MIXED__cm_phone_landline_36,18732772648,DEFAULT
from_COLUMN_MIXED__cm_phone_landline_36,800-6389326,DEFAULT
from_COLUMN_MIXED__cm_phone_landline_36,17522942525,DEFAULT
from_COLUMN_MIXED__cm_phone_landline_36,800-9208312,DEFAULT
from_COLUMN_MIXED__cm_phone_landline_37,018-70161332,DEFAULT
from_COLUMN_MIXED__cm_phone_landline_37,16447353524,DEFAULT
from_COLUMN_MIXED__cm_phone_landline_37,800-2881312,DEFAULT
from_COLUMN_MIXED__cm_phone_landline_37,19715949734,DEFAULT
from_COLUMN_MIXED__cm_phone_landline_37,800-4408703,DEFAULT
from_COLUMN_MIXED__cm_phone_landline_37,800-4881711,DEFAULT
from_COLUMN_MIXED__cm_phone_landline_37,16880331836,DEFAULT
from_COLUMN_MIXED__cm_phone_landline_37,012-36983030,DEFAULT
from_COLUMN_MIXED__cm_phone_landline_37,400-537-1613,DEFAULT
from_COLUMN_MIXED__cm_phone_landline_38,0288-6301091,DEFAULT
from_COLUMN_MIXED__cm_phone_landline_38,18152174653,DEFAULT
from_COLUMN_MIXED__cm_phone_landline_38,013-78703915,DEFAULT
from_COLUMN_MIXED__cm_phone_landline_38,17156734467,DEFAULT
from_COLUMN_MIXED__cm_phone_landline_38,0266-7668783,DEFAULT
from_COLUMN_MIXED__cm_phone_landline_38,17143362999,DEFAULT
from_COLUMN_MIXED__cm_phone_landline_38,0368-6728665,DEFAULT
from_COLUMN_MIXED__cm_phone_landline_39,027-41400578,DEFAULT
from_COLUMN_MIXED__cm_phone_landline_39,19521189684,DEFAULT
from_COLUMN_MIXED__cm_phone_landline_39,800-7540806,DEFAULT
from_COLUMN_MIXED__cm_phone_landline_39,15884997957,DEFAULT
from_COLUMN_MIXED__cm_phone_landline_39,800-6847354,DEFAULT
from_COLUMN_MIXED__cm_phone_landline_39,19828190221,DEFAULT
from_COLUMN_MIXED__cm_phone_landline_39,014-50163276,DEFAULT
from_COLUMN_MIXED__cm_phone_landline_40,018-37663707,DEFAULT
from_COLUMN_MIXED__cm_phone_landline_40,16728681123,DEFAULT
from_COLUMN_MIXED__cm_phone_landline_40,800-8288314,DEFAULT
from_COLUMN_MIXED__cm_phone_landline_40,19811939781,DEFAULT
from_COLUMN_MIXED__cm_phone_landline_40,010-92838528,DEFAULT
from_COLUMN_MIXED__cm_phone_landline_40,18921779055,DEFAULT
from_COLUMN_MIXED__cm_phone_landline_40,400-326-7122,DEFAULT
from_COLUMN_MIXED__cm_phone_landline_41,400-906-2307,DEFAULT
from_COLUMN_MIXED__cm_phone_landline_41,13382974255,DEFAULT
from_COLUMN_MIXED__cm_phone_landline_41,017-67256197,DEFAULT
from_COLUMN_MIXED__cm_phone_landline_41,026-54035507,DEFAULT
from_COLUMN_MIXED__cm_phone_landline_41,19818104502,DEFAULT
from_COLUMN_MIXED__cm_phone_landline_41,0311-7718619,DEFAULT
from_COLUMN_MIXED__cm_phone_landline_41,13587366271,DEFAULT
from_COLUMN_MIXED__cm_phone_landline_41,0681-5116223,DEFAULT
from_COLUMN_MIXED__cm_phone_landline_42,0781-5132400,DEFAULT
from_COLUMN_MIXED__cm_phone_landline_42,13566397925,DEFAULT
from_COLUMN_MIXED__cm_phone_landline_42,800-2940958,DEFAULT
from_COLUMN_MIXED__cm_phone_landline_42,0397-5128861,DEFAULT
from_COLUMN_MIXED__cm_phone_landline_42,16902837727,DEFAULT
from_COLUMN_MIXED__cm_phone_landline_42,0884-7345316,DEFAULT
from_COLUMN_MIXED__cm_phone_landline_42,16053428164,DEFAULT
from_COLUMN_MIXED__cm_phone_landline_42,0178-1586563,DEFAULT
from_COLUMN_MIXED__cm_phone_landline_43,400-785-9959,DEFAULT
from_COLUMN_MIXED__cm_phone_landline_43,13273042763,DEFAULT
from_COLUMN_MIXED__cm_phone_landline_43,0237-9541450,DEFAULT
from_COLUMN_MIXED__cm_phone_landline_43,800-5348034,DEFAULT
from_COLUMN_MIXED__cm_phone_landline_43,18471893953,DEFAULT
from_COLUMN_MIXED__cm_phone_landline_43,023-76477652,DEFAULT
from_COLUMN_MIXED__cm_phone_landline_43,16490922884,DEFAULT
from_COLUMN_MIXED__cm_phone_landline_43,800-2877132,DEFAULT
from_COLUMN_MIXED__cm_phone_landline_44,013-61505711,DEFAULT
from_COLUMN_MIXED__cm_phone_landline_44,19403439881,DEFAULT
from_COLUMN_MIXED__cm_phone_landline_44,800-9589419,DEFAULT
from_COLUMN_MIXED__cm_phone_landline_44,14336477041,DEFAULT
from_COLUMN_MIXED__cm_phone_landline_44,029-25128630,DEFAULT
from_COLUMN_MIXED__cm_phone_landline_44,15386028262,DEFAULT
from_COLUMN_MIXED__cm_phone_landline_44,800-5437697,DEFAULT
from_COLUMN_MIXED__cm_phone_landline_44,018-19102656,DEFAULT
from_COLUMN_MIXED__cm_phone_landline_45,011-76403941,DEFAULT
from_COLUMN_MIXED__cm_phone_landline_45,18941932453,DEFAULT
from_COLUMN_MIXED__cm_phone_landline_45,800-2657432,DEFAULT
from_COLUMN_MIXED__cm_phone_landline_45,18224870987,DEFAULT
from_COLUMN_MIXED__cm_phone_landline_45,0309-4075804,DEFAULT
from_COLUMN_MIXED__cm_phone_landline_45,14517422404,DEFAULT
from_COLUMN_MIXED__cm_phone_landline_45,400-276-7868,DEFAULT
from_COLUMN_MIXED__cm_phone_landline_45,027-93464229,DEFAULT
from_COLUMN_MIXED__cm_phone_landline_46,0559-3849362,DEFAULT
from_COLUMN_MIXED__cm_phone_landline_46,13200953662,DEFAULT
from_COLUMN_MIXED__cm_phone_landline_46,028-58370857,DEFAULT
from_COLUMN_MIXED__cm_phone_landline_46,0656-1523067,DEFAULT
from_COLUMN_MIXED__cm_phone_landline_46,13577950017,DEFAULT
from_COLUMN_MIXED__cm_phone_landline_46,010-71927371,DEFAULT
from_COLUMN_MIXED__cm_phone_landline_46,14971307221,DEFAULT
from_COLUMN_MIXED__cm_phone_landline_46,026-73433176,DEFAULT
from_COLUMN_MIXED__cm_phone_landline_47,028-32439039,DEFAULT
from_COLUMN_MIXED__cm_phone_landline_47,17170744360,DEFAULT
from_COLUMN_MIXED__cm_phone_landline_47,800-3210308,DEFAULT
from_COLUMN_MIXED__cm_phone_landline_47,14521602523,DEFAULT
from_COLUMN_MIXED__cm_phone_landline_47,800-2380465,DEFAULT
from_COLUMN_MIXED__cm_phone_landline_47,028-46453156,DEFAULT
from_COLUMN_MIXED__cm_phone_landline_47,15772690326,DEFAULT
from_COLUMN_MIXED__cm_phone_landline_47,800-6298350,DEFAULT
from_COLUMN_MIXED__cm_phone_landline_47,400-233-8705,DEFAULT
from_COLUMN_MIXED__cm_phone_landline_48,0137-3204748,DEFAULT
from_COLUMN_MIXED__cm_phone_landline_48,13191589126,DEFAULT
from_COLUMN_MIXED__cm_phone_landline_48,0361-9035774,DEFAULT
from_COLUMN_MIXED__cm_phone_landline_48,17686237600,DEFAULT
from_COLUMN_MIXED__cm_phone_landline_48,800-1396539,DEFAULT
from_COLUMN_MIXED__cm_phone_landline_48,17378191907,DEFAULT
from_COLUMN_MIXED__cm_phone_landline_48,800-3191599,DEFAULT
from_COLUMN_MIXED__cm_phone_landline_48,0407-1731689,DEFAULT
from_COLUMN_MIXED__cm_phone_landline_49,0376-8533764,DEFAULT
from_COLUMN_MIXED__cm_phone_landline_49,13821398654,DEFAULT
from_COLUMN_MIXED__cm_phone_landline_49,015-18847372,DEFAULT
from_COLUMN_MIXED__cm_phone_landline_49,14372055033,DEFAULT
from_COLUMN_MIXED__cm_phone_landline_49,011-12767728,DEFAULT
from_COLUMN_MIXED__cm_phone_landline_49,0354-5893759,DEFAULT
from_COLUMN_MIXED__cm_phone_landline_49,18673919008,DEFAULT
from_COLUMN_MIXED__cm_phone_landline_49,013-43839318,DEFAULT
from_COLUMN_MIXED__cm_phone_landline_49,0917-1044461,DEFAULT
from_COLUMN_MIXED__cm_phone_landline_50,0857-1750435,DEFAULT
from_COLUMN_MIXED__cm_phone_landline_50,16085481867,DEFAULT
from_COLUMN_MIXED__cm_phone_landline_50,800-7518080,DEFAULT
from_COLUMN_MIXED__cm_phone_landline_50,011-13094747,DEFAULT
from_COLUMN_MIXED__cm_phone_landline_50,17984336113,DEFAULT
from_COLUMN_MIXED__cm_phone_landline_50,020-22410699,DEFAULT
from_COLUMN_MIXED__cm_phone_landline_50,18985458294,DEFAULT
from_COLUMN_MIXED__cm_phone_landline_50,800-1201969,DEFAULT
from_COLUMN_MIXED__cm_phone_landline_51,800-5754387,DEFAULT
from_COLUMN_MIXED__cm_phone_landline_51,17466720108,DEFAULT
from_COLUMN_MIXED__cm_phone_landline_51,400-373-1262,DEFAULT
from_COLUMN_MIXED__cm_phone_landline_51,026-30428950,DEFAULT
from_COLUMN_MIXED__cm_phone_landline_51,14387940262,DEFAULT
from_COLUMN_MIXED__cm_phone_landline_51,025-45175775,DEFAULT
from_COLUMN_MIXED__cm_phone_landline_51,18527353642,DEFAULT
from_COLUMN_MIXED__cm_phone_landline_51,400-452-8445,DEFAULT
from_COLUMN_MIXED__cm_phone_landline_51,019-21702433,DEFAULT
from_COLUMN_MIXED__cm_phone_landline_52,800-6804104,DEFAULT
from_COLUMN_MIXED__cm_phone_landline_52,17046100792,DEFAULT
from_COLUMN_MIXED__cm_phone_landline_52,0124-1902314,DEFAULT
from_COLUMN_MIXED__cm_phone_landline_52,13283827101,DEFAULT
from_COLUMN_MIXED__cm_phone_landline_52,0170-6886244,DEFAULT
from_COLUMN_MIXED__cm_phone_landline_52,13204850766,DEFAULT
from_COLUMN_MIXED__cm_phone_landline_52,800-6235440,DEFAULT
from_COLUMN_MIXED__cm_phone_landline_53,800-4969452,DEFAULT
from_COLUMN_MIXED__cm_phone_landline_53,13573472435,DEFAULT
from_COLUMN_MIXED__cm_phone_landline_53,400-267-6207,DEFAULT
from_COLUMN_MIXED__cm_phone_landline_53,19127267086,DEFAULT
from_COLUMN_MIXED__cm_phone_landline_53,0256-3181407,DEFAULT
from_COLUMN_MIXED__cm_phone_landline_53,15197687849,DEFAULT
from_COLUMN_MIXED__cm_phone_landline_53,015-87602153,DEFAULT
from_COLUMN_MIXED__cm_phone_landline_54,400-420-5454,DEFAULT
from_COLUMN_MIXED__cm_phone_landline_54,19340466821,DEFAULT
from_COLUMN_MIXED__cm_phone_landline_54,0963-5240908,DEFAULT
from_COLUMN_MIXED__cm_phone_landline_54,17525492064,DEFAULT
from_COLUMN_MIXED__cm_phone_landline_55,800-7993453,DEFAULT
from_COLUMN_MIXED__cm_phone_landline_55,0770-5837546,DEFAULT
from_COLUMN_MIXED__cm_phone_landline_55,023-32902142,DEFAULT
from_COLUMN_MIXED__cm_phone_landline_55,400-280-7138,DEFAULT
from_COLUMN_MIXED__cm_phone_landline_55,800-4127273,DEFAULT
from_COLUMN_MIXED__cm_phone_landline_55,0820-3253718,DEFAULT
from_COLUMN_MIXED__cm_phone_landline_55,016-75293067,DEFAULT
from_COLUMN_MIXED__cm_phone_landline_55,400-286-9234,DEFAULT
from_COLUMN_MIXED__cm_phone_landline_55,800-2849490,DEFAULT
from_COLUMN_MIXED__cm_phone_landline_55,0561-4566389,DEFAULT
from_COLUMN_MIXED__cm_phone_landline_56,015-36969824,DEFAULT
from_COLUMN_MIXED__cm_phone_landline_56,400-160-3993,DEFAULT
from_COLUMN_MIXED__cm_phone_landline_56,800-4219293,DEFAULT
from_COLUMN_MIXED__cm_phone_landline_56,0365-7858398,DEFAULT
from_COLUMN_MIXED__cm_phone_landline_56,024-94132688,DEFAULT
from_COLUMN_MIXED__cm_phone_landline_56,400-739-2789,DEFAULT
from_COLUMN_MIXED__cm_phone_landline_56,800-3787134,DEFAULT
from_COLUMN_MIXED__cm_phone_landline_56,0181-5917831,DEFAULT
from_COLUMN_MIXED__cm_phone_landline_56,012-60697866,DEFAULT
from_COLUMN_MIXED__cm_phone_landline_56,400-227-5534,DEFAULT
from_COLUMN_MIXED__cm_phone_landline_57,800-2078144,DEFAULT
from_COLUMN_MIXED__cm_phone_landline_57,0450-1497723,DEFAULT
from_COLUMN_MIXED__cm_phone_landline_57,028-41511655,DEFAULT
from_COLUMN_MIXED__cm_phone_landline_57,400-589-8949,DEFAULT
from_COLUMN_MIXED__cm_phone_landline_57,800-2691296,DEFAULT
from_COLUMN_MIXED__cm_phone_landline_57,0109-2024357,DEFAULT
from_COLUMN_MIXED__cm_phone_landline_57,018-10969945,DEFAULT
from_COLUMN_MIXED__cm_phone_landline_57,400-781-1685,DEFAULT
from_COLUMN_MIXED__cm_phone_landline_57,800-2624736,DEFAULT
from_COLUMN_MIXED__cm_phone_landline_57,0316-9763319,DEFAULT
from_COLUMN_MIXED__cm_phone_landline_58,010-60421010,DEFAULT
from_COLUMN_MIXED__cm_phone_landline_58,400-717-9520,DEFAULT
from_COLUMN_MIXED__cm_phone_landline_58,800-5459984,DEFAULT
from_COLUMN_MIXED__cm_phone_landline_58,0597-8939511,DEFAULT
from_COLUMN_MIXED__cm_phone_landline_58,020-91117376,DEFAULT
from_COLUMN_MIXED__cm_phone_landline_58,400-539-6514,DEFAULT
from_COLUMN_MIXED__cm_phone_landline_58,800-7220742,DEFAULT
from_COLUMN_MIXED__cm_phone_landline_58,0798-6755884,DEFAULT
from_COLUMN_MIXED__cm_phone_landline_58,020-42158168,DEFAULT
from_COLUMN_MIXED__cm_phone_landline_58,400-469-7528,DEFAULT
from_COLUMN_MIXED__cm_phone_landline_59,800-7349097,DEFAULT
from_COLUMN_MIXED__cm_phone_landline_59,0725-1960353,DEFAULT
from_COLUMN_MIXED__cm_phone_landline_59,021-54326109,DEFAULT
from_COLUMN_MIXED__cm_phone_landline_59,400-925-2641,DEFAULT
from_COLUMN_MIXED__cm_phone_landline_59,800-1051752,DEFAULT
from_COLUMN_MIXED__cm_phone_landline_59,0567-7741225,DEFAULT
from_COLUMN_MIXED__cm_phone_landline_59,014-13446768,DEFAULT
from_COLUMN_MIXED__cm_phone_landline_59,400-716-3013,DEFAULT
from_COLUMN_MIXED__cm_phone_landline_59,800-9902483,DEFAULT
from_COLUMN_MIXED__cm_phone_landline_59,0386-5169769,DEFAULT
from_COLUMN_MIXED__cm_phone_landline_60,021-70655417,DEFAULT
from_COLUMN_MIXED__cm_phone_landline_60,400-733-8785,DEFAULT
from_COLUMN_MIXED__cm_phone_landline_60,800-9638823,DEFAULT
from_COLUMN_MIXED__cm_phone_landline_60,0523-4153025,DEFAULT
from_COLUMN_MIXED__cm_phone_landline_60,010-95640742,DEFAULT
from_COLUMN_MIXED__cm_phone_landline_60,400-932-6278,DEFAULT
from_COLUMN_MIXED__cm_phone_landline_60,800-1279010,DEFAULT
from_COLUMN_MIXED__cm_phone_landline_60,0748-7043247,DEFAULT
from_COLUMN_MIXED__cm_phone_landline_60,011-53691252,DEFAULT
from_COLUMN_MIXED__cm_phone_landline_60,400-794-8279,DEFAULT
from_COLUMN_MIXED__cm_phone_landline_61,800-4918463,DEFAULT
from_COLUMN_MIXED__cm_phone_landline_61,0721-9129167,DEFAULT
from_COLUMN_MIXED__cm_phone_landline_61,022-92220752,DEFAULT
from_COLUMN_MIXED__cm_phone_landline_61,400-913-2333,DEFAULT
from_COLUMN_MIXED__cm_phone_landline_61,800-6844074,DEFAULT
from_COLUMN_MIXED__cm_phone_landline_61,0538-8988000,DEFAULT
from_COLUMN_MIXED__cm_phone_landline_61,013-61654839,DEFAULT
from_COLUMN_MIXED__cm_phone_landline_61,400-400-4196,DEFAULT
from_COLUMN_MIXED__cm_phone_landline_61,800-3401850,DEFAULT
from_COLUMN_MIXED__cm_phone_landline_61,0990-9725065,DEFAULT
from_COLUMN_MIXED__cm_phone_landline_62,028-77731180,DEFAULT
from_COLUMN_MIXED__cm_phone_landline_62,400-132-3094,DEFAULT
from_COLUMN_MIXED__cm_phone_landline_62,800-9353796,DEFAULT
from_COLUMN_MIXED__cm_phone_landline_62,0915-2461125,DEFAULT
from_COLUMN_MIXED__cm_phone_landline_62,019-83651529,DEFAULT
from_COLUMN_MIXED__cm_phone_landline_62,400-995-8648,DEFAULT
from_COLUMN_MIXED__cm_phone_landline_62,800-3819458,DEFAULT
from_COLUMN_MIXED__cm_phone_landline_62,0556-2940765,DEFAULT
from_COLUMN_MIXED__cm_phone_landline_62,025-98938318,DEFAULT
from_COLUMN_MIXED__cm_phone_landline_62,400-653-4946,DEFAULT
from_COLUMN_MIXED__cm_phone_landline_63,800-5082836,DEFAULT
from_COLUMN_MIXED__cm_phone_landline_63,0316-3859391,DEFAULT
from_COLUMN_MIXED__cm_phone_landline_63,012-24155900,DEFAULT
from_COLUMN_MIXED__cm_phone_landline_63,400-545-1478,DEFAULT
from_COLUMN_MIXED__cm_phone_landline_63,800-3688301,DEFAULT
from_COLUMN_MIXED__cm_phone_landline_63,0434-7433891,DEFAULT
from_COLUMN_MIXED__cm_phone_landline_63,018-39578370,DEFAULT
from_COLUMN_MIXED__cm_phone_landline_63,400-836-5220,DEFAULT
from_COLUMN_MIXED__cm_phone_landline_63,800-8991026,DEFAULT
from_COLUMN_MIXED__cm_phone_landline_63,0786-3065243,DEFAULT
from_COLUMN_MIXED__cm_phone_landline_64,014-81745187,DEFAULT
from_COLUMN_MIXED__cm_phone_landline_64,400-748-9060,DEFAULT
from_COLUMN_MIXED__cm_phone_landline_64,800-2517360,DEFAULT
from_COLUMN_MIXED__cm_phone_landline_64,0914-6583476,DEFAULT
from_COLUMN_MIXED__cm_phone_landline_64,017-87305664,DEFAULT
from_COLUMN_MIXED__cm_phone_landline_64,400-884-2059,DEFAULT
from_COLUMN_MIXED__cm_phone_landline_64,800-6758373,DEFAULT
from_COLUMN_MIXED__cm_phone_landline_64,0486-7403032,DEFAULT
from_COLUMN_MIXED__cm_phone_landline_64,027-68648080,DEFAULT
from_COLUMN_MIXED__cm_phone_landline_64,400-927-4823,DEFAULT
from_COLUMN_MIXED__cm_phone_landline_65,800-4750560,DEFAULT
from_COLUMN_MIXED__cm_phone_landline_65,0365-2940955,DEFAULT
from_COLUMN_MIXED__cm_phone_landline_65,019-21768256,DEFAULT
from_COLUMN_MIXED__cm_phone_landline_65,400-214-2460,DEFAULT
from_COLUMN_MIXED__cm_phone_landline_65,800-6708243,DEFAULT
from_COLUMN_MIXED__cm_phone_landline_65,0858-4156740,DEFAULT
from_COLUMN_MIXED__cm_phone_landline_65,013-86885150,DEFAULT
from_COLUMN_MIXED__cm_phone_landline_65,400-476-3087,DEFAULT
from_COLUMN_MIXED__cm_phone_landline_65,800-6257514,DEFAULT
from_COUNTRY__country_col_1,China,DEFAULT
from_COUNTRY__country_col_1,United States,DEFAULT
from_COUNTRY__country_col_1,Japan,DEFAULT
from_COUNTRY__country_col_1,CN,DEFAULT
from_COUNTRY__country_col_1,USA,DEFAULT
from_COUNTRY__country_col_1,中国,DEFAULT
from_COUNTRY__country_col_1,粤B12345,DEFAULT
from_COUNTRY__country_col_1,abc123,DEFAULT
from_COUNTRY__country_col_2,Germany,DEFAULT
from_COUNTRY__country_col_2,France,DEFAULT
from_COUNTRY__country_col_2,DE,DEFAULT
from_COUNTRY__country_col_2,FR,DEFAULT
from_COUNTRY__country_col_2,德国,DEFAULT
from_COUNTRY__country_col_2,法国,DEFAULT
from_COUNTRY__country_col_2,123456,DEFAULT
from_COUNTRY__country_col_2,沪C88888,DEFAULT
from_COUNTRY__country_col_2,not_country,DEFAULT
from_COUNTRY__country_col_2,20240101,DEFAULT
from_COUNTRY__country_col_3,Canada,DEFAULT
from_COUNTRY__country_col_3,CA,DEFAULT
from_COUNTRY__country_col_3,CAN,DEFAULT
from_COUNTRY__country_col_3,加拿大,DEFAULT
from_COUNTRY__country_col_3,Australia,DEFAULT
from_COUNTRY__country_col_3,AU,DEFAULT
from_COUNTRY__country_col_3,000000,DEFAULT
from_COUNTRY__country_col_3,110105199001011234,DEFAULT
from_COUNTRY__country_col_3,random,DEFAULT
from_COUNTRY__country_col_3,192.168.1.1,DEFAULT
from_COUNTRY__country_col_4,India,DEFAULT
from_COUNTRY__country_col_4,IN,DEFAULT
from_COUNTRY__country_col_4,IND,DEFAULT
from_COUNTRY__country_col_4,印度,DEFAULT
from_COUNTRY__country_col_4,Singapore,DEFAULT
from_COUNTRY__country_col_4,SG,DEFAULT
from_COUNTRY__country_col_4,12345,DEFAULT
from_COUNTRY__country_col_4,http://test.com,DEFAULT
from_COUNTRY__country_col_4,abcdef,DEFAULT
from_COUNTRY__country_col_4,2023/01/01,DEFAULT
from_COUNTRY__country_col_5,Korea,DEFAULT
from_COUNTRY__country_col_5,KR,DEFAULT
from_COUNTRY__country_col_5,KOR,DEFAULT
from_COUNTRY__country_col_5,韩国,DEFAULT
from_COUNTRY__country_col_5,United Kingdom,DEFAULT
from_COUNTRY__country_col_5,UK,DEFAULT
from_COUNTRY__country_col_5,999999,DEFAULT
from_COUNTRY__country_col_5,京A12345,DEFAULT
from_COUNTRY__country_col_5,123ABC,DEFAULT
from_COUNTRY__country_col_5,2023-12-31 12:00:00,DEFAULT
from_COUNTRY__country_col_6,Malaysia,DEFAULT
from_COUNTRY__country_col_6,MY,DEFAULT
from_COUNTRY__country_col_6,MYS,DEFAULT
from_COUNTRY__country_col_6,马来西亚,DEFAULT
from_COUNTRY__country_col_6,Thailand,DEFAULT
from_COUNTRY__country_col_6,TH,DEFAULT
from_COUNTRY__country_col_6,abcdefg123,DEFAULT
from_COUNTRY__country_col_6,600000,DEFAULT
from_COUNTRY__country_col_6,20230202,DEFAULT
from_COUNTRY__country_col_6,沪A12345,DEFAULT
from_COUNTRY__country_col_7,Russia,DEFAULT
from_COUNTRY__country_col_7,RU,DEFAULT
from_COUNTRY__country_col_7,RUS,DEFAULT
from_COUNTRY__country_col_7,俄罗斯,DEFAULT
from_COUNTRY__country_col_7,Brazil,DEFAULT
from_COUNTRY__country_col_7,BR,DEFAULT
from_COUNTRY__country_col_7,11010512345678,DEFAULT
from_COUNTRY__country_col_7,88888888,DEFAULT
from_COUNTRY__country_col_7,test@test.com,DEFAULT
from_COUNTRY__country_col_8,Italy,DEFAULT
from_COUNTRY__country_col_8,IT,DEFAULT
from_COUNTRY__country_col_8,ITA,DEFAULT
from_COUNTRY__country_col_8,意大利,DEFAULT
from_COUNTRY__country_col_8,Spain,DEFAULT
from_COUNTRY__country_col_8,ES,DEFAULT
from_COUNTRY__country_col_8,abc123xyz,DEFAULT
from_COUNTRY__country_col_8,1234567890,DEFAULT
from_COUNTRY__country_col_8,沪B12345,DEFAULT
from_COUNTRY__country_col_9,Netherlands,DEFAULT
from_COUNTRY__country_col_9,NL,DEFAULT
from_COUNTRY__country_col_9,NLD,DEFAULT
from_COUNTRY__country_col_9,荷兰,DEFAULT
from_COUNTRY__country_col_9,Sweden,DEFAULT
from_COUNTRY__country_col_9,SE,DEFAULT
from_COUNTRY__country_col_9,random_text,DEFAULT
from_COUNTRY__country_col_9,2023-06-01,DEFAULT
from_COUNTRY__country_col_9,999999999,DEFAULT
from_COUNTRY__country_col_9,沪C12345,DEFAULT
from_COUNTRY__country_col_10,Switzerland,DEFAULT
from_COUNTRY__country_col_10,CH,DEFAULT
from_COUNTRY__country_col_10,CHE,DEFAULT
from_COUNTRY__country_col_10,瑞士,DEFAULT
from_COUNTRY__country_col_10,Austria,DEFAULT
from_COUNTRY__country_col_10,AT,DEFAULT
from_COUNTRY__country_col_11,Turkey,DEFAULT
from_COUNTRY__country_col_11,TR,DEFAULT
from_COUNTRY__country_col_11,TUR,DEFAULT
from_COUNTRY__country_col_11,土耳其,DEFAULT
from_COUNTRY__country_col_11,Poland,DEFAULT
from_COUNTRY__country_col_11,PL,DEFAULT
from_COUNTRY__country_col_11,沪D88888,DEFAULT
from_COUNTRY__country_col_12,Indonesia,DEFAULT
from_COUNTRY__country_col_12,ID,DEFAULT
from_COUNTRY__country_col_12,IDN,DEFAULT
from_COUNTRY__country_col_12,印度尼西亚,DEFAULT
from_COUNTRY__country_col_12,Vietnam,DEFAULT
from_COUNTRY__country_col_12,VN,DEFAULT
from_COUNTRY__country_col_13,Philippines,DEFAULT
from_COUNTRY__country_col_13,PH,DEFAULT
from_COUNTRY__country_col_13,PHL,DEFAULT
from_COUNTRY__country_col_13,菲律宾,DEFAULT
from_COUNTRY__country_col_13,Argentina,DEFAULT
from_COUNTRY__country_col_13,AR,DEFAULT
from_COUNTRY__country_col_13,粤C12345,DEFAULT
from_COUNTRY__country_col_14,South Africa,DEFAULT
from_COUNTRY__country_col_14,ZA,DEFAULT
from_COUNTRY__country_col_14,ZAF,DEFAULT
from_COUNTRY__country_col_14,南非,DEFAULT
from_COUNTRY__country_col_14,Saudi Arabia,DEFAULT
from_COUNTRY__country_col_14,SA,DEFAULT
from_COUNTRY__country_col_14,110105123456789,DEFAULT
from_COUNTRY__country_col_15,Israel,DEFAULT
from_COUNTRY__country_col_15,IL,DEFAULT
from_COUNTRY__country_col_15,ISR,DEFAULT
from_COUNTRY__country_col_15,以色列,DEFAULT
from_COUNTRY__country_col_15,New Zealand,DEFAULT
from_COUNTRY__country_col_15,NZ,DEFAULT
from_COUNTRY__country_col_15,abcdefg,DEFAULT
from_COUNTRY__country_col_15,99999999,DEFAULT
from_COUNTRY__country_col_16,Egypt,DEFAULT
from_COUNTRY__country_col_16,EG,DEFAULT
from_COUNTRY__country_col_16,EGY,DEFAULT
from_COUNTRY__country_col_16,埃及,DEFAULT
from_COUNTRY__country_col_16,Chile,DEFAULT
from_COUNTRY__country_col_16,CL,DEFAULT
from_COUNTRY__country_col_17,Greece,DEFAULT
from_COUNTRY__country_col_17,GR,DEFAULT
from_COUNTRY__country_col_17,GRC,DEFAULT
from_COUNTRY__country_col_17,希腊,DEFAULT
from_COUNTRY__country_col_17,Portugal,DEFAULT
from_COUNTRY__country_col_17,PT,DEFAULT
from_COUNTRY__country_col_17,粤A12345,DEFAULT
from_COUNTRY__country_col_18,Ireland,DEFAULT
from_COUNTRY__country_col_18,IE,DEFAULT
from_COUNTRY__country_col_18,IRL,DEFAULT
from_COUNTRY__country_col_18,爱尔兰,DEFAULT
from_COUNTRY__country_col_18,Belgium,DEFAULT
from_COUNTRY__country_col_18,BE,DEFAULT
from_COUNTRY__country_col_18,沪B88888,DEFAULT
from_COUNTRY__country_col_19,Denmark,DEFAULT
from_COUNTRY__country_col_19,DK,DEFAULT
from_COUNTRY__country_col_19,DNK,DEFAULT
from_COUNTRY__country_col_19,丹麦,DEFAULT
from_COUNTRY__country_col_19,Norway,DEFAULT
from_COUNTRY__country_col_19,NO,DEFAULT
from_COUNTRY__country_col_20,Finland,DEFAULT
from_COUNTRY__country_col_20,FI,DEFAULT
from_COUNTRY__country_col_20,FIN,DEFAULT
from_COUNTRY__country_col_20,芬兰,DEFAULT
from_COUNTRY__country_col_21,QA,DEFAULT
from_COUNTRY__country_col_21,"KOREA, DEMOCRATIC PEOPLE'S REPUBLIC OF",DEFAULT
from_COUNTRY__country_col_21,NZL,DEFAULT
from_COUNTRY__country_col_21,OM,DEFAULT
from_COUNTRY__country_col_21,ZAMBIA,DEFAULT
from_COUNTRY__country_col_22,MONACO,DEFAULT
from_COUNTRY__country_col_22,摩尔多瓦,DEFAULT
from_COUNTRY__country_col_22,KG,DEFAULT
from_COUNTRY__country_col_22,LR,DEFAULT
from_COUNTRY__country_col_23,中国香港特别行政区,DEFAULT
from_COUNTRY__country_col_23,NR,DEFAULT
from_COUNTRY__country_col_23,BEN,DEFAULT
from_COUNTRY__country_col_23,ESH,DEFAULT
from_COUNTRY__country_col_24,SOMALIA,DEFAULT
from_COUNTRY__country_col_24,留尼汪,DEFAULT
from_COUNTRY__country_col_24,BL,DEFAULT
from_COUNTRY__country_col_24,GHANA,DEFAULT
from_COUNTRY__country_col_24,SAN MARINO,DEFAULT
from_COUNTRY__country_col_25,巴巴多斯,DEFAULT
from_COUNTRY__country_col_25,MV,DEFAULT
from_COUNTRY__country_col_25,白俄罗斯,DEFAULT
from_COUNTRY__country_col_25,索马里,DEFAULT
from_COUNTRY__country_col_25,BI,DEFAULT
from_COUNTRY__country_col_25,EQUATORIAL GUINEA,DEFAULT
from_COUNTRY__country_col_26,TOGO,DEFAULT
from_COUNTRY__country_col_26,PNG,DEFAULT
from_COUNTRY__country_col_26,SY,DEFAULT
from_COUNTRY__country_col_26,KAZAKHSTAN,DEFAULT
from_COUNTRY__country_col_26,UGA,DEFAULT
from_COUNTRY__country_col_27,MZ,DEFAULT
from_COUNTRY__country_col_27,AFGHANISTAN,DEFAULT
from_COUNTRY__country_col_27,佛得角,DEFAULT
from_COUNTRY__country_col_27,玻利维亚,DEFAULT
from_COUNTRY__country_col_27,土库曼斯坦,DEFAULT
from_COUNTRY__country_col_27,ML,DEFAULT
from_COUNTRY__country_col_27,CRI,DEFAULT
from_COUNTRY__country_col_28,蒙特塞拉特,DEFAULT
from_COUNTRY__country_col_28,CHAD,DEFAULT
from_COUNTRY__country_col_28,GLP,DEFAULT
from_COUNTRY__country_col_28,刚果（金）,DEFAULT
from_COUNTRY__country_col_28,SAUDI ARABIA,DEFAULT
from_COUNTRY__country_col_28,皮特凯恩群岛,DEFAULT
from_COUNTRY__country_col_29,DENMARK,DEFAULT
from_COUNTRY__country_col_29,QAT,DEFAULT
from_COUNTRY__country_col_29,KIRIBATI,DEFAULT
from_COUNTRY__country_col_29,ALBANIA,DEFAULT
from_COUNTRY__country_col_29,HAITI,DEFAULT
from_COUNTRY__country_col_30,CX,DEFAULT
from_COUNTRY__country_col_30,ATF,DEFAULT
from_COUNTRY__country_col_30,LESOTHO,DEFAULT
from_COUNTRY__country_col_30,文莱,DEFAULT
from_COUNTRY__country_col_30,GQ,DEFAULT
from_COUNTRY__country_col_30,NIGER,DEFAULT
from_COUNTRY__country_col_30,KNA,DEFAULT
from_COUNTRY__country_col_31,特克斯和凯科斯群岛,DEFAULT
from_COUNTRY__country_col_31,CK,DEFAULT
from_COUNTRY__country_col_31,HUN,DEFAULT
from_COUNTRY__country_col_31,LT,DEFAULT
from_COUNTRY__country_col_31,FALKLAND ISLANDS (MALVINAS),DEFAULT
from_COUNTRY__country_col_32,乌干达,DEFAULT
from_COUNTRY__country_col_32,PG,DEFAULT
from_COUNTRY__country_col_32,挪威,DEFAULT
from_COUNTRY__country_col_32,HONG KONG,DEFAULT
from_COUNTRY__country_col_32,VGB,DEFAULT
from_COUNTRY__country_col_32,CF,DEFAULT
from_COUNTRY__country_col_33,FRANCE,DEFAULT
from_COUNTRY__country_col_33,亚美尼亚,DEFAULT
from_COUNTRY__country_col_33,根西岛,DEFAULT
from_COUNTRY__country_col_33,冈比亚,DEFAULT
from_COUNTRY__country_col_33,BAHRAIN,DEFAULT
from_COUNTRY__country_col_33,YE,DEFAULT
from_COUNTRY__country_col_33,英国,DEFAULT
from_COUNTRY__country_col_34,MAR,DEFAULT
from_COUNTRY__country_col_34,GI,DEFAULT
from_COUNTRY__country_col_34,GUAM,DEFAULT
from_COUNTRY__country_col_34,MH,DEFAULT
from_COUNTRY__country_col_35,危地马拉,DEFAULT
from_COUNTRY__country_col_35,乌兹别克斯坦,DEFAULT
from_COUNTRY__country_col_35,葡萄牙,DEFAULT
from_COUNTRY__country_col_36,布韦岛,DEFAULT
from_COUNTRY__country_col_36,PAK,DEFAULT
from_COUNTRY__country_col_36,THAILAND,DEFAULT
from_COUNTRY__country_col_36,FM,DEFAULT
from_COUNTRY__country_col_36,AD,DEFAULT
from_COUNTRY__country_col_36,阿根廷,DEFAULT
from_COUNTRY__country_col_37,LIBERIA,DEFAULT
from_COUNTRY__country_col_37,NORTH MACEDONIA,DEFAULT
from_COUNTRY__country_col_37,NAM,DEFAULT
from_COUNTRY__country_col_37,KW,DEFAULT
from_COUNTRY__country_col_37,NICARAGUA,DEFAULT
from_COUNTRY__country_col_38,THA,DEFAULT
from_COUNTRY__country_col_38,BES,DEFAULT
from_COUNTRY__country_col_38,刚果（布）,DEFAULT
from_COUNTRY__country_col_38,OMN,DEFAULT
from_COUNTRY__country_col_38,VIR,DEFAULT
from_COUNTRY__country_col_39,DMA,DEFAULT
from_COUNTRY__country_col_39,CHRISTMAS ISLAND,DEFAULT
from_COUNTRY__country_col_39,JE,DEFAULT
from_COUNTRY__country_col_39,MA,DEFAULT
from_COUNTRY__country_col_39,MONTSERRAT,DEFAULT
from_COUNTRY__country_col_39,GP,DEFAULT
from_COUNTRY__country_col_40,LCA,DEFAULT
from_COUNTRY__country_col_40,COLOMBIA,DEFAULT
from_COUNTRY__country_col_40,BULGARIA,DEFAULT
from_COUNTRY__country_col_40,VIET NAM,DEFAULT
from_COUNTRY__country_col_40,MAF,DEFAULT
from_COUNTRY__country_col_40,HOLY SEE (VATICAN CITY STATE),DEFAULT
from_COUNTRY__country_col_41,PAKISTAN,DEFAULT
from_COUNTRY__country_col_41,SURINAME,DEFAULT
from_COUNTRY__country_col_41,SMR,DEFAULT
from_COUNTRY__country_col_41,DJIBOUTI,DEFAULT
from_COUNTRY__country_col_41,哥伦比亚,DEFAULT
from_COUNTRY__country_col_42,塔吉克斯坦,DEFAULT
from_COUNTRY__country_col_42,安提瓜和巴布达,DEFAULT
from_COUNTRY__country_col_42,MS,DEFAULT
from_COUNTRY__country_col_42,GNB,DEFAULT
from_COUNTRY__country_col_42,"IRAN, ISLAMIC REPUBLIC OF",DEFAULT
from_COUNTRY__country_col_43,MAYOTTE,DEFAULT
from_COUNTRY__country_col_43,JPN,DEFAULT
from_COUNTRY__country_col_43,BOSNIA AND HERZEGOVINA,DEFAULT
from_COUNTRY__country_col_43,法属圣马丁,DEFAULT
from_COUNTRY__country_col_44,卢森堡,DEFAULT
from_COUNTRY__country_col_44,BOUVET ISLAND,DEFAULT
from_COUNTRY__country_col_44,伊拉克,DEFAULT
from_COUNTRY__country_col_44,NORWAY,DEFAULT
from_COUNTRY__country_col_44,SWITZERLAND,DEFAULT
from_COUNTRY__country_col_45,BV,DEFAULT
from_COUNTRY__country_col_45,BJ,DEFAULT
from_COUNTRY__country_col_45,CUB,DEFAULT
from_COUNTRY__country_col_45,PF,DEFAULT
from_COUNTRY__country_col_45,HN,DEFAULT
from_COUNTRY__country_col_45,ROU,DEFAULT
from_COUNTRY__country_col_45,乌克兰,DEFAULT
from_COUNTRY__country_col_46,EST,DEFAULT
from_COUNTRY__country_col_46,加蓬,DEFAULT
from_COUNTRY__country_col_46,布隆迪,DEFAULT
from_COUNTRY__country_col_46,圣文森特和格林纳丁斯,DEFAULT
from_COUNTRY__country_col_46,尼加拉瓜,DEFAULT
from_COUNTRY__country_col_47,MF,DEFAULT
from_COUNTRY__country_col_47,MAURITANIA,DEFAULT
from_COUNTRY__country_col_47,AG,DEFAULT
from_COUNTRY__country_col_47,URY,DEFAULT
from_COUNTRY__country_col_48,FO,DEFAULT
from_COUNTRY__country_col_48,CW,DEFAULT
from_COUNTRY__country_col_48,库拉索,DEFAULT
from_COUNTRY__country_col_48,GH,DEFAULT
from_COUNTRY__country_col_48,AFG,DEFAULT
from_COUNTRY__country_col_49,乌拉圭,DEFAULT
from_COUNTRY__country_col_49,法属南部领地,DEFAULT
from_COUNTRY__country_col_49,塞尔维亚,DEFAULT
from_COUNTRY__country_col_49,SLOVENIA,DEFAULT
from_COUNTRY__country_col_49,REU,DEFAULT
from_COUNTRY__country_col_50,伯利兹,DEFAULT
from_COUNTRY__country_col_50,PS,DEFAULT
from_COUNTRY__country_col_50,COCOS (KEELING) ISLANDS,DEFAULT
from_COUNTRY__country_col_50,FRA,DEFAULT
from_COUNTRY__country_col_50,"BONAIRE, SINT EUSTATIUS AND SABA",DEFAULT
from_COUNTRY__country_col_50,MQ,DEFAULT
from_COUNTRY__country_col_51,JERSEY,DEFAULT
from_COUNTRY__country_col_51,MTQ,DEFAULT
from_COUNTRY__country_col_51,KN,DEFAULT
from_COUNTRY__country_col_51,SLV,DEFAULT
from_COUNTRY__country_col_51,SXM,DEFAULT
from_COUNTRY__country_col_51,EL SALVADOR,DEFAULT
from_COUNTRY__country_col_51,PK,DEFAULT
from_COUNTRY__country_col_51,ME,DEFAULT
from_COUNTRY__country_col_52,NAURU,DEFAULT
from_COUNTRY__country_col_52,巴林,DEFAULT
from_COUNTRY__country_col_52,北马其顿,DEFAULT
from_COUNTRY__country_col_52,TUVALU,DEFAULT
from_COUNTRY__country_col_52,BHUTAN,DEFAULT
from_COUNTRY__country_col_52,日本,DEFAULT
from_COUNTRY__country_col_52,SAINT PIERRE AND MIQUELON,DEFAULT
from_COUNTRY__country_col_53,巴布亚新几内亚,DEFAULT
from_COUNTRY__country_col_53,洪都拉斯,DEFAULT
from_COUNTRY__country_col_53,马拉维,DEFAULT
from_COUNTRY__country_col_53,SZ,DEFAULT
from_COUNTRY__country_col_53,罗马尼亚,DEFAULT
from_COUNTRY__country_col_54,密克罗尼西亚,DEFAULT
from_COUNTRY__country_col_54,HKG,DEFAULT
from_COUNTRY__country_col_54,瓜德罗普,DEFAULT
from_COUNTRY__country_col_55,坦桑尼亚,DEFAULT
from_COUNTRY__country_col_55,LIE,DEFAULT
from_COUNTRY__country_col_55,SHN,DEFAULT
from_COUNTRY__country_col_55,阿拉伯联合酋长国,DEFAULT
from_COUNTRY__country_col_55,AW,DEFAULT
from_COUNTRY__country_col_55,IRELAND,DEFAULT
from_COUNTRY__country_col_55,BURKINA FASO,DEFAULT
from_COUNTRY__country_col_55,SM,DEFAULT
from_COUNTRY__country_col_55,PRT,DEFAULT
from_COUNTRY__country_col_55,DZA,DEFAULT
from_COUNTRY__country_col_56,基里巴斯,DEFAULT
from_COUNTRY__country_col_56,MK,DEFAULT
from_COUNTRY__country_col_56,ICELAND,DEFAULT
from_COUNTRY__country_col_56,智利,DEFAULT
from_COUNTRY__country_col_56,LA,DEFAULT
from_COUNTRY__country_col_56,西班牙,DEFAULT
from_COUNTRY__country_col_56,UKR,DEFAULT
from_COUNTRY__country_col_56,斯洛文尼亚,DEFAULT
from_COUNTRY__country_col_56,西撒哈拉,DEFAULT
from_COUNTRY__country_col_56,CHINA,DEFAULT
from_COUNTRY__country_col_57,PW,DEFAULT
from_COUNTRY__country_col_57,SS,DEFAULT
from_COUNTRY__country_col_57,LVA,DEFAULT
from_COUNTRY__country_col_57,ANGUILLA,DEFAULT
from_COUNTRY__country_col_57,PRY,DEFAULT
from_COUNTRY__country_col_57,黎巴嫩,DEFAULT
from_COUNTRY__country_col_57,MALAYSIA,DEFAULT
from_COUNTRY__country_col_57,IRN,DEFAULT
from_COUNTRY__country_col_57,CO,DEFAULT
from_COUNTRY__country_col_57,赤道几内亚,DEFAULT
from_COUNTRY__country_col_58,泰国,DEFAULT
from_COUNTRY__country_col_58,HUNGARY,DEFAULT
from_COUNTRY__country_col_58,FLK,DEFAULT
from_COUNTRY__country_col_58,UNITED STATES MINOR OUTLYING ISLANDS,DEFAULT
from_COUNTRY__country_col_58,MU,DEFAULT
from_COUNTRY__country_col_58,COMOROS,DEFAULT
from_COUNTRY__country_col_58,SOUTH SUDAN,DEFAULT
from_COUNTRY__country_col_58,COL,DEFAULT
from_COUNTRY__country_col_58,斐济,DEFAULT
from_COUNTRY__country_col_58,海地,DEFAULT
from_COUNTRY__country_col_59,ATA,DEFAULT
from_COUNTRY__country_col_59,RS,DEFAULT
from_COUNTRY__country_col_59,IO,DEFAULT
from_COUNTRY__country_col_59,UZBEKISTAN,DEFAULT
from_COUNTRY__country_col_59,CHILE,DEFAULT
from_COUNTRY__country_col_59,GF,DEFAULT
from_COUNTRY__country_col_59,圣基茨和尼维斯,DEFAULT
from_COUNTRY__country_col_59,SGS,DEFAULT
from_COUNTRY__country_col_59,NIGERIA,DEFAULT
from_COUNTRY__country_col_59,TC,DEFAULT
from_COUNTRY__country_col_60,匈牙利,DEFAULT
from_COUNTRY__country_col_60,FJ,DEFAULT
from_COUNTRY__country_col_60,NPL,DEFAULT
from_COUNTRY__country_col_60,HR,DEFAULT
from_COUNTRY__country_col_60,VI,DEFAULT
from_COUNTRY__country_col_60,瓦努阿图,DEFAULT
from_COUNTRY__country_col_60,LC,DEFAULT
from_COUNTRY__country_col_60,加纳,DEFAULT
from_COUNTRY__country_col_60,JEY,DEFAULT
from_COUNTRY__country_col_60,COSTA RICA,DEFAULT
from_COUNTRY__country_col_61,WS,DEFAULT
from_COUNTRY__country_col_61,ETH,DEFAULT
from_COUNTRY__country_col_61,安圭拉,DEFAULT
from_COUNTRY__country_col_61,FRO,DEFAULT
from_COUNTRY__country_col_61,"VIRGIN ISLANDS, BRITISH",DEFAULT
from_COUNTRY__country_col_61,安道尔,DEFAULT
from_COUNTRY__country_col_61,BDI,DEFAULT
from_COUNTRY__country_col_61,所罗门群岛,DEFAULT
from_COUNTRY__country_col_61,DOMINICA,DEFAULT
from_COUNTRY__country_col_61,斯里兰卡,DEFAULT
from_COUNTRY__country_col_62,ZIMBABWE,DEFAULT
from_COUNTRY__country_col_62,LUX,DEFAULT
from_COUNTRY__country_col_62,INDONESIA,DEFAULT
from_COUNTRY__country_col_62,几内亚比绍,DEFAULT
from_COUNTRY__country_col_62,TUNISIA,DEFAULT
from_COUNTRY__country_col_62,AE,DEFAULT
from_COUNTRY__country_col_62,RÉUNION,DEFAULT
from_COUNTRY__country_col_62,JAPAN,DEFAULT
from_COUNTRY__country_col_62,UA,DEFAULT
from_COUNTRY__country_col_62,NE,DEFAULT
from_COUNTRY__country_col_63,KGZ,DEFAULT
from_COUNTRY__country_col_63,LU,DEFAULT
from_COUNTRY__country_col_63,BH,DEFAULT
from_COUNTRY__country_col_63,PUERTO RICO,DEFAULT
from_COUNTRY__country_col_63,HK,DEFAULT
from_COUNTRY__country_col_63,VCT,DEFAULT
from_COUNTRY__country_col_63,列支敦士登,DEFAULT
from_COUNTRY__country_col_63,LV,DEFAULT
from_COUNTRY__country_col_63,BARBADOS,DEFAULT
from_COUNTRY__country_col_63,CIV,DEFAULT
from_COUNTRY__country_col_64,保加利亚,DEFAULT
from_COUNTRY__country_col_64,多米尼加共和国,DEFAULT
from_COUNTRY__country_col_64,SOLOMON ISLANDS,DEFAULT
from_COUNTRY__country_col_64,科威特,DEFAULT
from_COUNTRY__country_col_64,瑞典,DEFAULT
from_COUNTRY__country_col_64,VANUATU,DEFAULT
from_COUNTRY__country_col_64,IMN,DEFAULT
from_COUNTRY__country_col_64,MALAWI,DEFAULT
from_COUNTRY__country_col_64,TO,DEFAULT
from_COUNTRY__country_col_64,CXR,DEFAULT
from_COUNTRY__country_col_65,SVALBARD AND JAN MAYEN,DEFAULT
from_COUNTRY__country_col_65,COD,DEFAULT
from_COUNTRY__country_col_65,MNP,DEFAULT
from_COUNTRY__country_col_65,VC,DEFAULT
from_COUNTRY__country_col_65,NIC,DEFAULT
from_COUNTRY__country_col_65,阿曼,DEFAULT
from_COUNTRY__country_col_65,ET,DEFAULT
from_COUNTRY__country_col_65,FK,DEFAULT
from_COUNTRY__country_col_65,法罗群岛,DEFAULT
from_COUNTRY__country_col_65,贝宁,DEFAULT
from_COUNTRY__country_col_66,阿尔巴尼亚,DEFAULT
from_COUNTRY__country_col_66,TIMOR-LESTE,DEFAULT
from_COUNTRY__country_col_66,ZMB,DEFAULT
from_COUNTRY__country_col_66,SH,DEFAULT
from_COUNTRY__country_col_66,BRN,DEFAULT
from_COUNTRY__country_col_66,塞浦路斯,DEFAULT
from_COUNTRY__country_col_66,立陶宛,DEFAULT
from_COUNTRY__country_col_66,KM,DEFAULT
from_COUNTRY__country_col_66,MLI,DEFAULT
from_COUNTRY__country_col_66,约旦,DEFAULT
from_COUNTRY__country_col_67,CY,DEFAULT
from_COUNTRY__country_col_67,圣马力诺,DEFAULT
from_COUNTRY__country_col_67,BENIN,DEFAULT
from_COUNTRY__country_col_67,BRA,DEFAULT
from_COUNTRY__country_col_67,NER,DEFAULT
from_COUNTRY__country_col_67,托克劳,DEFAULT
from_COUNTRY__country_col_67,PER,DEFAULT
from_COUNTRY__country_col_67,TKM,DEFAULT
from_COUNTRY__country_col_67,JP,DEFAULT
from_COUNTRY__country_col_67,SO,DEFAULT
from_COUNTRY__country_col_68,MONTENEGRO,DEFAULT
from_COUNTRY__country_col_68,COM,DEFAULT
from_COUNTRY__country_col_68,SYRIAN ARAB REPUBLIC,DEFAULT
from_COUNTRY__country_col_68,AQ,DEFAULT
from_COUNTRY__country_col_68,CC,DEFAULT
from_COUNTRY__country_col_68,MO,DEFAULT
from_COUNTRY__country_col_68,ISLE OF MAN,DEFAULT
from_COUNTRY__country_col_68,PM,DEFAULT
from_COUNTRY__country_col_68,CZE,DEFAULT
from_COUNTRY__country_col_68,TLS,DEFAULT
from_COUNTRY__country_col_69,阿塞拜疆,DEFAULT
from_COUNTRY__country_col_69,SAINT LUCIA,DEFAULT
from_COUNTRY__country_col_69,厄立特里亚,DEFAULT
from_COUNTRY__country_col_69,TWN,DEFAULT
from_COUNTRY__country_col_69,TTO,DEFAULT
from_COUNTRY__country_col_69,BM,DEFAULT
from_COUNTRY__country_col_69,摩纳哥,DEFAULT
from_COUNTRY__country_col_69,格林纳达,DEFAULT
from_COUNTRY__country_col_69,LK,DEFAULT
from_COUNTRY__country_col_69,GUF,DEFAULT
from_COUNTRY__country_col_70,TCA,DEFAULT
from_COUNTRY__country_col_70,MOZ,DEFAULT
from_COUNTRY__country_col_70,LB,DEFAULT
from_COUNTRY__country_col_70,AIA,DEFAULT
from_COUNTRY__country_col_70,CCK,DEFAULT
from_COUNTRY__country_col_70,BELARUS,DEFAULT
from_COUNTRY__country_col_70,"TAIWAN, PROVINCE OF CHINA",DEFAULT
from_COUNTRY__country_col_70,巴拉圭,DEFAULT
from_COUNTRY__country_col_70,PAN,DEFAULT
from_COUNTRY__country_col_70,ARE,DEFAULT
from_COUNTRY__country_col_71,GS,DEFAULT
from_COUNTRY__country_col_71,NGA,DEFAULT
from_COUNTRY__country_col_71,VAT,DEFAULT
from_COUNTRY__country_col_71,BRAZIL,DEFAULT
from_COUNTRY__country_col_71,NIUE,DEFAULT
from_COUNTRY__country_col_71,TOKELAU,DEFAULT
from_COUNTRY__country_col_71,CHL,DEFAULT
from_COUNTRY__country_col_71,BRB,DEFAULT
from_COUNTRY__country_col_71,ITALY,DEFAULT
from_COUNTRY__country_col_71,BFA,DEFAULT
from_COUNTRY__country_col_72,WF,DEFAULT
from_COUNTRY__country_col_72,中国澳门特别行政区,DEFAULT
from_COUNTRY__country_col_72,PY,DEFAULT
from_COUNTRY__country_col_72,DOMINICAN REPUBLIC,DEFAULT
from_COUNTRY__country_col_72,MC,DEFAULT
from_COUNTRY__country_col_72,AND,DEFAULT
from_COUNTRY__country_col_72,PARAGUAY,DEFAULT
from_COUNTRY__country_col_72,圣诞岛,DEFAULT
from_COUNTRY__country_col_72,几内亚,DEFAULT
from_COUNTRY__country_col_72,PRI,DEFAULT
from_COUNTRY__country_col_73,PALAU,DEFAULT
from_COUNTRY__country_col_73,SL,DEFAULT
from_COUNTRY__country_col_73,格陵兰,DEFAULT
from_COUNTRY__country_col_73,TL,DEFAULT
from_COUNTRY__country_col_73,越南,DEFAULT
from_COUNTRY__country_col_73,巴基斯坦,DEFAULT
from_COUNTRY__country_col_73,SAINT VINCENT AND THE GRENADINES,DEFAULT
from_COUNTRY__country_col_73,DM,DEFAULT
from_COUNTRY__country_col_73,MR,DEFAULT
from_COUNTRY__country_col_73,CHN,DEFAULT
from_COUNTRY__country_col_74,EE,DEFAULT
from_COUNTRY__country_col_74,BLZ,DEFAULT
from_COUNTRY__country_col_74,SAU,DEFAULT
from_COUNTRY__country_col_74,GW,DEFAULT
from_COUNTRY__country_col_74,老挝,DEFAULT
from_COUNTRY__country_col_74,BLR,DEFAULT
from_COUNTRY__country_col_74,LAO PEOPLE'S DEMOCRATIC REPUBLIC,DEFAULT
from_COUNTRY__country_col_74,PYF,DEFAULT
from_COUNTRY__country_col_74,CZ,DEFAULT
from_COUNTRY__country_col_74,TT,DEFAULT
from_COUNTRY__country_col_75,ARUBA,DEFAULT
from_COUNTRY__country_col_75,GIN,DEFAULT
from_DATE__date_col_1,2021-01-03,DEFAULT
from_DATE__date_col_1,2021-01-07,DEFAULT
from_DATE__date_col_1,2021-01-12,DEFAULT
from_DATE__date_col_1,2021-01-18,DEFAULT
from_DATE__date_col_1,2021-01-23,DEFAULT
from_DATE__date_col_1,2021-01-27,DEFAULT
from_DATE__date_col_1,2021-02-02,DEFAULT
from_DATE__date_col_1,2021-02-06,DEFAULT
from_DATE__date_col_1,2021-02-11,DEFAULT
from_DATE__date_col_1,2021-02-17,DEFAULT
from_DATE__date_col_1,2023-01-01,DEFAULT
from_DATE__date_col_1,2023-02-15,DEFAULT
from_DATE__date_col_1,2023-03-20,DEFAULT
from_DATE__date_col_1,20230101,DEFAULT
from_DATE__date_col_2,2021-02-21,DEFAULT
from_DATE__date_col_2,2021-02-26,DEFAULT
from_DATE__date_col_2,2021-03-03,DEFAULT
from_DATE__date_col_2,2021-03-08,DEFAULT
from_DATE__date_col_2,2021-03-14,DEFAULT
from_DATE__date_col_2,2021-03-19,DEFAULT
from_DATE__date_col_2,2021-03-24,DEFAULT
from_DATE__date_col_2,2021-03-29,DEFAULT
from_DATE__date_col_2,2021-04-03,DEFAULT
from_DATE__date_col_2,2021-04-09,DEFAULT
from_DATE__date_col_2,1999-12-31,DEFAULT
from_DATE__date_col_2,2000-01-01,DEFAULT
from_DATE__date_col_2,2010-06-15,DEFAULT
from_DATE__date_col_2,2024-01-15,DEFAULT
from_DATE__date_col_3,2021-04-13,DEFAULT
from_DATE__date_col_3,2021-04-18,DEFAULT
from_DATE__date_col_3,2021-04-23,DEFAULT
from_DATE__date_col_3,2021-04-28,DEFAULT
from_DATE__date_col_3,2021-05-03,DEFAULT
from_DATE__date_col_3,2021-05-08,DEFAULT
from_DATE__date_col_3,2021-05-14,DEFAULT
from_DATE__date_col_3,2021-05-19,DEFAULT
from_DATE__date_col_3,2021-05-24,DEFAULT
from_DATE__date_col_3,2021-05-29,DEFAULT
from_DATE__date_col_3,2023/01/01,DEFAULT
from_DATE__date_col_3,2023/02/02,DEFAULT
from_DATE__date_col_3,2023/03/03,DEFAULT
from_DATE__date_col_4,2021-06-03,DEFAULT
from_DATE__date_col_4,2021-06-08,DEFAULT
from_DATE__date_col_4,2021-06-13,DEFAULT
from_DATE__date_col_4,2021-06-18,DEFAULT
from_DATE__date_col_4,2021-06-23,DEFAULT
from_DATE__date_col_4,2021-06-28,DEFAULT
from_DATE__date_col_4,2021-07-03,DEFAULT
from_DATE__date_col_4,2021-07-08,DEFAULT
from_DATE__date_col_4,2021-07-13,DEFAULT
from_DATE__date_col_4,2021-07-18,DEFAULT
from_DATE__date_col_4,2023.01.01,DEFAULT
from_DATE__date_col_4,2023.05.05,DEFAULT
from_DATE__date_col_4,2023.12.31,DEFAULT
from_DATE__date_col_5,2021-07-23,DEFAULT
from_DATE__date_col_5,2021-07-28,DEFAULT
from_DATE__date_col_5,2021-08-02,DEFAULT
from_DATE__date_col_5,2021-08-07,DEFAULT
from_DATE__date_col_5,2021-08-12,DEFAULT
from_DATE__date_col_5,2021-08-17,DEFAULT
from_DATE__date_col_5,2021-08-22,DEFAULT
from_DATE__date_col_5,2021-08-27,DEFAULT
from_DATE__date_col_5,2021-09-01,DEFAULT
from_DATE__date_col_5,2021-09-06,DEFAULT
from_DATE__date_col_5,20240101,DEFAULT
from_DATE__date_col_5,20240202,DEFAULT
from_DATE__date_col_5,20240303,DEFAULT
from_DATE__date_col_6,2021-09-11,DEFAULT
from_DATE__date_col_6,2021-09-16,DEFAULT
from_DATE__date_col_6,2021-09-21,DEFAULT
from_DATE__date_col_6,2021-09-26,DEFAULT
from_DATE__date_col_6,2021-10-01,DEFAULT
from_DATE__date_col_6,2021-10-06,DEFAULT
from_DATE__date_col_6,2021-10-11,DEFAULT
from_DATE__date_col_6,2021-10-16,DEFAULT
from_DATE__date_col_6,2021-10-21,DEFAULT
from_DATE__date_col_6,2021-10-26,DEFAULT
from_DATE__date_col_6,1980-01-01,DEFAULT
from_DATE__date_col_6,1990-02-02,DEFAULT
from_DATE__date_col_6,2000-03-03,DEFAULT
from_DATE__date_col_7,2021-10-31,DEFAULT
from_DATE__date_col_7,2021-11-05,DEFAULT
from_DATE__date_col_7,2021-11-10,DEFAULT
from_DATE__date_col_7,2021-11-15,DEFAULT
from_DATE__date_col_7,2021-11-20,DEFAULT
from_DATE__date_col_7,2021-11-25,DEFAULT
from_DATE__date_col_7,2021-11-30,DEFAULT
from_DATE__date_col_7,2021-12-05,DEFAULT
from_DATE__date_col_7,2021-12-10,DEFAULT
from_DATE__date_col_7,2021-12-15,DEFAULT
from_DATE__date_col_7,2023-06-15,DEFAULT
from_DATE__date_col_8,2021-12-20,DEFAULT
from_DATE__date_col_8,2021-12-25,DEFAULT
from_DATE__date_col_8,2021-12-30,DEFAULT
from_DATE__date_col_8,2022-01-04,DEFAULT
from_DATE__date_col_8,2022-01-09,DEFAULT
from_DATE__date_col_8,2022-01-14,DEFAULT
from_DATE__date_col_8,2022-01-19,DEFAULT
from_DATE__date_col_8,2022-01-24,DEFAULT
from_DATE__date_col_8,2022-01-29,DEFAULT
from_DATE__date_col_8,2022-02-03,DEFAULT
from_DATE__date_col_8,2022-01-01,DEFAULT
from_DATE__date_col_8,2022-02-02,DEFAULT
from_DATE__date_col_8,2022-03-03,DEFAULT
from_DATE__date_col_9,2022-02-08,DEFAULT
from_DATE__date_col_9,2022-02-13,DEFAULT
from_DATE__date_col_9,2022-02-18,DEFAULT
from_DATE__date_col_9,2022-02-23,DEFAULT
from_DATE__date_col_9,2022-02-28,DEFAULT
from_DATE__date_col_9,2022-03-05,DEFAULT
from_DATE__date_col_9,2022-03-10,DEFAULT
from_DATE__date_col_9,2022-03-15,DEFAULT
from_DATE__date_col_9,2022-03-20,DEFAULT
from_DATE__date_col_9,2022-03-25,DEFAULT
from_DATE__date_col_9,2021-01-01,DEFAULT
from_DATE__date_col_10,2022-03-30,DEFAULT
from_DATE__date_col_10,2022-04-04,DEFAULT
from_DATE__date_col_10,2022-04-09,DEFAULT
from_DATE__date_col_10,2022-04-14,DEFAULT
from_DATE__date_col_10,2022-04-19,DEFAULT
from_DATE__date_col_10,2022-04-24,DEFAULT
from_DATE__date_col_10,2022-04-29,DEFAULT
from_DATE__date_col_10,2022-05-04,DEFAULT
from_DATE__date_col_10,2022-05-09,DEFAULT
from_DATE__date_col_10,2022-05-14,DEFAULT
from_DATE__date_col_10,2020-01-01,DEFAULT
from_DATE__date_col_10,2020-02-02,DEFAULT
from_DATE__date_col_10,2020-03-03,DEFAULT
from_DATE__date_col_11,2022-05-19,DEFAULT
from_DATE__date_col_11,2022-05-24,DEFAULT
from_DATE__date_col_11,2022-05-29,DEFAULT
from_DATE__date_col_11,2022-06-03,DEFAULT
from_DATE__date_col_11,2022-06-08,DEFAULT
from_DATE__date_col_11,2022-06-13,DEFAULT
from_DATE__date_col_11,2022-06-18,DEFAULT
from_DATE__date_col_11,2022-06-23,DEFAULT
from_DATE__date_col_11,2022-06-28,DEFAULT
from_DATE__date_col_11,2022-07-03,DEFAULT
from_DATE__date_col_12,2022-07-08,DEFAULT
from_DATE__date_col_12,2022-07-13,DEFAULT
from_DATE__date_col_12,2022-07-18,DEFAULT
from_DATE__date_col_12,2022-07-23,DEFAULT
from_DATE__date_col_12,2022-07-28,DEFAULT
from_DATE__date_col_12,2022-08-02,DEFAULT
from_DATE__date_col_12,2022-08-07,DEFAULT
from_DATE__date_col_12,2022-08-12,DEFAULT
from_DATE__date_col_12,2022-08-17,DEFAULT
from_DATE__date_col_12,2022-08-22,DEFAULT
from_DATE__date_col_13,2022-08-27,DEFAULT
from_DATE__date_col_13,2022-09-01,DEFAULT
from_DATE__date_col_13,2022-09-06,DEFAULT
from_DATE__date_col_13,2022-09-11,DEFAULT
from_DATE__date_col_13,2022-09-16,DEFAULT
from_DATE__date_col_13,2022-09-21,DEFAULT
from_DATE__date_col_13,2022-09-26,DEFAULT
from_DATE__date_col_13,2022-10-01,DEFAULT
from_DATE__date_col_13,2022-10-06,DEFAULT
from_DATE__date_col_13,2022-10-11,DEFAULT
from_DATE__date_col_14,2022-10-16,DEFAULT
from_DATE__date_col_14,2022-10-21,DEFAULT
from_DATE__date_col_14,2022-10-26,DEFAULT
from_DATE__date_col_14,2022-10-31,DEFAULT
from_DATE__date_col_14,2022-11-05,DEFAULT
from_DATE__date_col_14,2022-11-10,DEFAULT
from_DATE__date_col_14,2022-11-15,DEFAULT
from_DATE__date_col_14,2022-11-20,DEFAULT
from_DATE__date_col_14,2022-11-25,DEFAULT
from_DATE__date_col_14,2022-11-30,DEFAULT
from_DATE__date_col_15,2022-12-05,DEFAULT
from_DATE__date_col_15,2022-12-10,DEFAULT
from_DATE__date_col_15,2022-12-15,DEFAULT
from_DATE__date_col_15,2022-12-20,DEFAULT
from_DATE__date_col_15,2022-12-25,DEFAULT
from_DATE__date_col_15,2022-12-30,DEFAULT
from_DATE__date_col_15,2023-01-04,DEFAULT
from_DATE__date_col_15,2023-01-09,DEFAULT
from_DATE__date_col_15,2023-01-14,DEFAULT
from_DATE__date_col_15,2023-01-19,DEFAULT
from_DATE__date_col_16,2023-01-24,DEFAULT
from_DATE__date_col_16,2023-01-29,DEFAULT
from_DATE__date_col_16,2023-02-03,DEFAULT
from_DATE__date_col_16,2023-02-08,DEFAULT
from_DATE__date_col_16,2023-02-13,DEFAULT
from_DATE__date_col_16,2023-02-18,DEFAULT
from_DATE__date_col_16,2023-02-23,DEFAULT
from_DATE__date_col_16,2023-02-28,DEFAULT
from_DATE__date_col_16,2023-03-05,DEFAULT
from_DATE__date_col_16,2023-03-10,DEFAULT
from_DATE__date_col_17,2023-03-15,DEFAULT
from_DATE__date_col_17,2023-03-25,DEFAULT
from_DATE__date_col_17,2023-03-30,DEFAULT
from_DATE__date_col_17,2023-04-04,DEFAULT
from_DATE__date_col_17,2023-04-09,DEFAULT
from_DATE__date_col_17,2023-04-14,DEFAULT
from_DATE__date_col_17,2023-04-19,DEFAULT
from_DATE__date_col_17,2023-04-24,DEFAULT
from_DATE__date_col_17,2023-04-29,DEFAULT
from_DATE__date_col_18,2023-05-04,DEFAULT
from_DATE__date_col_18,2023-05-09,DEFAULT
from_DATE__date_col_18,2023-05-14,DEFAULT
from_DATE__date_col_18,2023-05-19,DEFAULT
from_DATE__date_col_18,2023-05-24,DEFAULT
from_DATE__date_col_18,2023-05-29,DEFAULT
from_DATE__date_col_18,2023-06-03,DEFAULT
from_DATE__date_col_18,2023-06-08,DEFAULT
from_DATE__date_col_18,2023-06-13,DEFAULT
from_DATE__date_col_18,2023-06-18,DEFAULT
from_DATE__date_col_19,2023-06-23,DEFAULT
from_DATE__date_col_19,2023-06-28,DEFAULT
from_DATE__date_col_19,2023-07-03,DEFAULT
from_DATE__date_col_19,2023-07-08,DEFAULT
from_DATE__date_col_19,2023-07-13,DEFAULT
from_DATE__date_col_19,2023-07-18,DEFAULT
from_DATE__date_col_19,2023-07-23,DEFAULT
from_DATE__date_col_19,2023-07-28,DEFAULT
from_DATE__date_col_19,2023-08-02,DEFAULT
from_DATE__date_col_19,2023-08-07,DEFAULT
from_DATE__date_col_20,2023-08-12,DEFAULT
from_DATE__date_col_20,2023-08-17,DEFAULT
from_DATE__date_col_20,2023-08-22,DEFAULT
from_DATE__date_col_20,2023-08-27,DEFAULT
from_DATE__date_col_20,2023-09-01,DEFAULT
from_DATE__date_col_20,2023-09-06,DEFAULT
from_DATE__date_col_20,2023-09-11,DEFAULT
from_DATE__date_col_20,2023-09-16,DEFAULT
from_DATE__date_col_20,2023-09-21,DEFAULT
from_DATE__date_col_20,2023-09-26,DEFAULT
from_DATE__date_col_21,2023-10-01,DEFAULT
from_DATE__date_col_21,2023-10-06,DEFAULT
from_DATE__date_col_21,2023-10-11,DEFAULT
from_DATE__date_col_21,2023-10-16,DEFAULT
from_DATE__date_col_21,2023-10-21,DEFAULT
from_DATE__date_col_21,2023-10-26,DEFAULT
from_DATE__date_col_21,2023-10-31,DEFAULT
from_DATE__date_col_21,2023-11-05,DEFAULT
from_DATE__date_col_21,2023-11-10,DEFAULT
from_DATE__date_col_21,2023-11-15,DEFAULT
from_DATE__date_col_22,2023-11-20,DEFAULT
from_DATE__date_col_22,2023-11-25,DEFAULT
from_DATE__date_col_22,2023-11-30,DEFAULT
from_DATE__date_col_22,2023-12-05,DEFAULT
from_DATE__date_col_22,2023-12-10,DEFAULT
from_DATE__date_col_22,2023-12-15,DEFAULT
from_DATE__date_col_22,2023-12-20,DEFAULT
from_DATE__date_col_22,2023-12-25,DEFAULT
from_DATE__date_col_22,2023-12-30,DEFAULT
from_DATE__date_col_22,2024-01-04,DEFAULT
from_DATE__date_col_23,2024-01-09,DEFAULT
from_DATE__date_col_23,2024-01-14,DEFAULT
from_DATE__date_col_23,2024-01-19,DEFAULT
from_DATE__date_col_23,2024-01-24,DEFAULT
from_DATE__date_col_23,2024-01-29,DEFAULT
from_DATE__date_col_23,2024-02-03,DEFAULT
from_DATE__date_col_23,2024-02-08,DEFAULT
from_DATE__date_col_23,2024-02-13,DEFAULT
from_DATE__date_col_23,2024-02-18,DEFAULT
from_DATE__date_col_23,2024-02-23,DEFAULT
from_DATE__date_col_24,2024-02-28,DEFAULT
from_DATE__date_col_24,2024-03-04,DEFAULT
from_DATE__date_col_24,2024-03-09,DEFAULT
from_DATE__date_col_24,2024-03-14,DEFAULT
from_DATE__date_col_24,2024-03-19,DEFAULT
from_DATE__date_col_24,2024-03-24,DEFAULT
from_DATE__date_col_24,2024-03-29,DEFAULT
from_DATE__date_col_24,2024-04-03,DEFAULT
from_DATE__date_col_24,2024-04-08,DEFAULT
from_DATE__date_col_24,2024-04-13,DEFAULT
from_DATE__date_col_25,2024-04-18,DEFAULT
from_DATE__date_col_25,2024-04-23,DEFAULT
from_DATE__date_col_25,2024-04-28,DEFAULT
from_DATE__date_col_25,2024-05-03,DEFAULT
from_DATE__date_col_25,2024-05-08,DEFAULT
from_DATE__date_col_25,2024-05-13,DEFAULT
from_DATE__date_col_25,2024-05-18,DEFAULT
from_DATE__date_col_25,2024-05-23,DEFAULT
from_DATE__date_col_25,2024-05-28,DEFAULT
from_DATE__date_col_25,2024-06-02,DEFAULT
from_DATE__date_col_26,2024-06-07,DEFAULT
from_DATE__date_col_26,2024-06-12,DEFAULT
from_DATE__date_col_26,2024-06-17,DEFAULT
from_DATE__date_col_26,2024-06-22,DEFAULT
from_DATE__date_col_26,2024-06-27,DEFAULT
from_DATE__date_col_26,2024-07-02,DEFAULT
from_DATE__date_col_26,2024-07-07,DEFAULT
from_DATE__date_col_26,2024-07-12,DEFAULT
from_DATE__date_col_26,2024-07-17,DEFAULT
from_DATE__date_col_26,2024-07-22,DEFAULT
from_DATE__date_col_27,2024-07-27,DEFAULT
from_DATE__date_col_27,2024-08-01,DEFAULT
from_DATE__date_col_27,2024-08-06,DEFAULT
from_DATE__date_col_27,2024-08-11,DEFAULT
from_DATE__date_col_27,2024-08-16,DEFAULT
from_DATE__date_col_27,2024-08-21,DEFAULT
from_DATE__date_col_27,2024-08-26,DEFAULT
from_DATE__date_col_27,2024-08-31,DEFAULT
from_DATE__date_col_27,2024-09-05,DEFAULT
from_DATE__date_col_27,2024-09-10,DEFAULT
from_DATE__date_col_28,2024-09-15,DEFAULT
from_DATE__date_col_28,2024-09-20,DEFAULT
from_DATE__date_col_28,2024-09-25,DEFAULT
from_DATE__date_col_28,2024-09-30,DEFAULT
from_DATE__date_col_28,2024-10-05,DEFAULT
from_DATE__date_col_28,2024-10-10,DEFAULT
from_DATE__date_col_28,2024-10-15,DEFAULT
from_DATE__date_col_28,2024-10-20,DEFAULT
from_DATE__date_col_28,2024-10-25,DEFAULT
from_DATE__date_col_28,2024-10-30,DEFAULT
from_DATE__date_col_29,2024-11-04,DEFAULT
from_DATE__date_col_29,2024-11-09,DEFAULT
from_DATE__date_col_29,2024-11-14,DEFAULT
from_DATE__date_col_29,2024-11-19,DEFAULT
from_DATE__date_col_29,2024-11-24,DEFAULT
from_DATE__date_col_29,2024-11-29,DEFAULT
from_DATE__date_col_29,2024-12-04,DEFAULT
from_DATE__date_col_29,2024-12-09,DEFAULT
from_DATE__date_col_29,2024-12-14,DEFAULT
from_DATE__date_col_29,2024-12-19,DEFAULT
from_DATE__date_col_30,2024-12-24,DEFAULT
from_DATE__date_col_30,2024-12-29,DEFAULT
from_DATE__date_col_30,2025-01-03,DEFAULT
from_DATE__date_col_30,2025-01-08,DEFAULT
from_DATE__date_col_30,2025-01-13,DEFAULT
from_DATE__date_col_30,2025-01-18,DEFAULT
from_DATE__date_col_30,2025-01-23,DEFAULT
from_DATE__date_col_30,2025-01-28,DEFAULT
from_DATE__date_col_30,2025-02-02,DEFAULT
from_DATE__date_col_30,2025-02-07,DEFAULT
from_DATE__date_col_31,2025-02-12,DEFAULT
from_DATE__date_col_31,2025-02-17,DEFAULT
from_DATE__date_col_31,2025-02-22,DEFAULT
from_DATE__date_col_31,2025-02-27,DEFAULT
from_DATE__date_col_31,2025-03-04,DEFAULT
from_DATE__date_col_31,2025-03-09,DEFAULT
from_DATE__date_col_31,2025-03-14,DEFAULT
from_DATE__date_col_31,2025-03-19,DEFAULT
from_DATE__date_col_31,2025-03-24,DEFAULT
from_DATE__date_col_31,2025-03-29,DEFAULT
from_DATE__date_col_32,2025-04-03,DEFAULT
from_DATE__date_col_32,2025-04-08,DEFAULT
from_DATE__date_col_32,2025-04-13,DEFAULT
from_DATE__date_col_32,2025-04-18,DEFAULT
from_DATE__date_col_32,2025-04-23,DEFAULT
from_DATE__date_col_32,2025-04-28,DEFAULT
from_DATE__date_col_32,2025-05-03,DEFAULT
from_DATE__date_col_32,2025-05-08,DEFAULT
from_DATE__date_col_32,2025-05-13,DEFAULT
from_DATE__date_col_32,2025-05-18,DEFAULT
from_DATE__date_col_33,2025-05-23,DEFAULT
from_DATE__date_col_33,2025-05-28,DEFAULT
from_DATE__date_col_33,2025-06-02,DEFAULT
from_DATE__date_col_33,2025-06-07,DEFAULT
from_DATE__date_col_33,2025-06-12,DEFAULT
from_DATE__date_col_33,2025-06-17,DEFAULT
from_DATE__date_col_33,2025-06-22,DEFAULT
from_DATE__date_col_33,2025-06-27,DEFAULT
from_DATE__date_col_33,2025-07-02,DEFAULT
from_DATE__date_col_33,2025-07-07,DEFAULT
from_DATE__date_col_34,2025-07-12,DEFAULT
from_DATE__date_col_34,2025-07-17,DEFAULT
from_DATE__date_col_34,2025-07-22,DEFAULT
from_DATE__date_col_34,2025-07-27,DEFAULT
from_DATE__date_col_34,2025-08-01,DEFAULT
from_DATE__date_col_34,2025-08-06,DEFAULT
from_DATE__date_col_34,2025-08-11,DEFAULT
from_DATE__date_col_34,2025-08-16,DEFAULT
from_DATE__date_col_34,2025-08-21,DEFAULT
from_DATE__date_col_34,2025-08-26,DEFAULT
from_DATE__date_col_35,2025-08-31,DEFAULT
from_DATE__date_col_35,2025-09-05,DEFAULT
from_DATE__date_col_35,2025-09-10,DEFAULT
from_DATE__date_col_35,2025-09-15,DEFAULT
from_DATE__date_col_35,2025-09-20,DEFAULT
from_DATE__date_col_35,2025-09-25,DEFAULT
from_DATE__date_col_35,2025-09-30,DEFAULT
from_DATE__date_col_35,2025-10-05,DEFAULT
from_DATE__date_col_35,2025-10-10,DEFAULT
from_DATE__date_col_35,2025-10-15,DEFAULT
from_DATE__date_col_36,2025-10-20,DEFAULT
from_DATE__date_col_36,2025-10-25,DEFAULT
from_DATE__date_col_36,2025-10-30,DEFAULT
from_DATE__date_col_36,2025-11-04,DEFAULT
from_DATE__date_col_36,2025-11-09,DEFAULT
from_DATE__date_col_36,2025-11-14,DEFAULT
from_DATE__date_col_36,2025-11-19,DEFAULT
from_DATE__date_col_36,2025-11-24,DEFAULT
from_DATE__date_col_36,2025-11-29,DEFAULT
from_DATE__date_col_36,2025-12-04,DEFAULT
from_DATE__date_col_37,2025-12-09,DEFAULT
from_DATE__date_col_37,2025-12-14,DEFAULT
from_DATE__date_col_37,2025-12-19,DEFAULT
from_DATE__date_col_37,2025-12-24,DEFAULT
from_DATE__date_col_37,2025-12-29,DEFAULT
from_DATE__date_col_37,2026-01-03,DEFAULT
from_DATE__date_col_37,2026-01-08,DEFAULT
from_DATE__date_col_37,2026-01-13,DEFAULT
from_DATE__date_col_37,2026-01-18,DEFAULT
from_DATE__date_col_37,2026-01-23,DEFAULT
from_DATE__date_col_38,2026-01-28,DEFAULT
from_DATE__date_col_38,2026-02-02,DEFAULT
from_DATE__date_col_38,2026-02-07,DEFAULT
from_DATE__date_col_38,2026-02-12,DEFAULT
from_DATE__date_col_38,2026-02-17,DEFAULT
from_DATE__date_col_38,2026-02-22,DEFAULT
from_DATE__date_col_38,2026-02-27,DEFAULT
from_DATE__date_col_38,2026-03-04,DEFAULT
from_DATE__date_col_38,2026-03-09,DEFAULT
from_DATE__date_col_38,2026-03-14,DEFAULT
from_DATE__date_col_39,2026-03-19,DEFAULT
from_DATE__date_col_39,2026-03-24,DEFAULT
from_DATE__date_col_39,2026-03-29,DEFAULT
from_DATE__date_col_39,2026-04-03,DEFAULT
from_DATE__date_col_39,2026-04-08,DEFAULT
from_DATE__date_col_39,2026-04-13,DEFAULT
from_DATE__date_col_39,2026-04-18,DEFAULT
from_DATE__date_col_39,2026-04-23,DEFAULT
from_DATE__date_col_39,2026-04-28,DEFAULT
from_DATE__date_col_39,2026-05-03,DEFAULT
from_DATE__date_col_40,2026-05-08,DEFAULT
from_DATE__date_col_40,2026-05-13,DEFAULT
from_DATE__date_col_40,2026-05-18,DEFAULT
from_DATE__date_col_40,2026-05-23,DEFAULT
from_DATE__date_col_40,2026-05-28,DEFAULT
from_DATE__date_col_40,2026-06-02,DEFAULT
from_DATE__date_col_40,2026-06-07,DEFAULT
from_DATE__date_col_40,2026-06-12,DEFAULT
from_DATE__date_col_40,2026-06-17,DEFAULT
from_DATE__date_col_40,2026-06-22,DEFAULT
from_DATE__date_col_yyyymmdd_1,20230215,DEFAULT
from_DATE__date_col_yyyymmdd_1,20230320,DEFAULT
from_DATE__date_col_yyyymmdd_1,20240618,DEFAULT
from_DATE__date_col_yyyymmdd_1,20250731,DEFAULT
from_DATE__date_col_yyyymmdd_1,20241225,DEFAULT
from_DATE__date_col_yyyymmdd_1,20220101,DEFAULT
from_DATE__date_col_yyyymmdd_1,20230808,DEFAULT
from_DATE__date_col_yyyymmdd_1,20251111,DEFAULT
from_DATE__date_col_yyyymmdd_1,20261231,DEFAULT
from_DATE__date_col_yyyymmdd_2,20210115,DEFAULT
from_DATE__date_col_yyyymmdd_2,20220328,DEFAULT
from_DATE__date_col_yyyymmdd_2,20230510,DEFAULT
from_DATE__date_col_yyyymmdd_2,20240722,DEFAULT
from_DATE__date_col_yyyymmdd_2,20250903,DEFAULT
from_DATE__date_col_yyyymmdd_2,20261015,DEFAULT
from_DATE__date_col_yyyymmdd_2,20271127,DEFAULT
from_DATE__date_col_yyyymmdd_2,20280208,DEFAULT
from_DATE__date_col_yyyymmdd_2,20290320,DEFAULT
from_DATE__date_col_yyyymmdd_2,20200412,DEFAULT
from_DATE__date_col_yyyymmdd_3,20250105,DEFAULT
from_DATE__date_col_yyyymmdd_3,20260217,DEFAULT
from_DATE__date_col_yyyymmdd_3,20270330,DEFAULT
from_DATE__date_col_yyyymmdd_3,20280411,DEFAULT
from_DATE__date_col_yyyymmdd_3,20290523,DEFAULT
from_DATE__date_col_yyyymmdd_3,20200604,DEFAULT
from_DATE__date_col_yyyymmdd_3,20210716,DEFAULT
from_DATE__date_col_yyyymmdd_3,20220827,DEFAULT
from_DATE__date_col_yyyymmdd_3,20230909,DEFAULT
from_DATE__date_col_yyyymmdd_3,20241021,DEFAULT
from_DATE__date_col_yyyymmdd_4,20251102,DEFAULT
from_DATE__date_col_yyyymmdd_4,20261214,DEFAULT
from_DATE__date_col_yyyymmdd_4,20270125,DEFAULT
from_DATE__date_col_yyyymmdd_4,20280206,DEFAULT
from_DATE__date_col_yyyymmdd_4,20290318,DEFAULT
from_DATE__date_col_yyyymmdd_4,20200429,DEFAULT
from_DATE__date_col_yyyymmdd_4,20210511,DEFAULT
from_DATE__date_col_yyyymmdd_4,20220622,DEFAULT
from_DATE__date_col_yyyymmdd_4,20230703,DEFAULT
from_DATE__date_col_yyyymmdd_4,20240815,DEFAULT
from_DATE__date_col_yyyymmdd_5,20250926,DEFAULT
from_DATE__date_col_yyyymmdd_5,20261007,DEFAULT
from_DATE__date_col_yyyymmdd_5,20271119,DEFAULT
from_DATE__date_col_yyyymmdd_5,20281230,DEFAULT
from_DATE__date_col_yyyymmdd_5,20290110,DEFAULT
from_DATE__date_col_yyyymmdd_5,20200221,DEFAULT
from_DATE__date_col_yyyymmdd_5,20210304,DEFAULT
from_DATE__date_col_yyyymmdd_5,20220415,DEFAULT
from_DATE__date_col_yyyymmdd_5,20230526,DEFAULT
from_DATE__date_col_yyyymmdd_5,20240606,DEFAULT
from_DATE__date_col_yyyymmdd_6,20250717,DEFAULT
from_DATE__date_col_yyyymmdd_6,20260828,DEFAULT
from_DATE__date_col_yyyymmdd_6,20270908,DEFAULT
from_DATE__date_col_yyyymmdd_6,20281019,DEFAULT
from_DATE__date_col_yyyymmdd_6,20291130,DEFAULT
from_DATE__date_col_yyyymmdd_6,20200109,DEFAULT
from_DATE__date_col_yyyymmdd_6,20210220,DEFAULT
from_DATE__date_col_yyyymmdd_6,20220331,DEFAULT
from_DATE__date_col_yyyymmdd_6,20230411,DEFAULT
from_DATE__date_col_yyyymmdd_6,20240522,DEFAULT
from_DATE__date_col_yyyymmdd_7,20250602,DEFAULT
from_DATE__date_col_yyyymmdd_7,20260713,DEFAULT
from_DATE__date_col_yyyymmdd_7,20270824,DEFAULT
from_DATE__date_col_yyyymmdd_7,20280904,DEFAULT
from_DATE__date_col_yyyymmdd_7,20291015,DEFAULT
from_DATE__date_col_yyyymmdd_7,20201125,DEFAULT
from_DATE__date_col_yyyymmdd_7,20210205,DEFAULT
from_DATE__date_col_yyyymmdd_7,20220316,DEFAULT
from_DATE__date_col_yyyymmdd_7,20230426,DEFAULT
from_DATE__date_col_yyyymmdd_8,20260827,DEFAULT
from_DATE__date_col_yyyymmdd_8,20270907,DEFAULT
from_DATE__date_col_yyyymmdd_8,20281018,DEFAULT
from_DATE__date_col_yyyymmdd_8,20291128,DEFAULT
from_DATE__date_col_yyyymmdd_8,20200107,DEFAULT
from_DATE__date_col_yyyymmdd_8,20210217,DEFAULT
from_DATE__date_col_yyyymmdd_8,20230508,DEFAULT
from_DATE__date_col_yyyymmdd_9,20250729,DEFAULT
from_DATE__date_col_yyyymmdd_9,20260809,DEFAULT
from_DATE__date_col_yyyymmdd_9,20270919,DEFAULT
from_DATE__date_col_yyyymmdd_9,20281030,DEFAULT
from_DATE__date_col_yyyymmdd_9,20291110,DEFAULT
from_DATE__date_col_yyyymmdd_9,20201220,DEFAULT
from_DATE__date_col_yyyymmdd_9,20210130,DEFAULT
from_DATE__date_col_yyyymmdd_9,20220311,DEFAULT
from_DATE__date_col_yyyymmdd_9,20230421,DEFAULT
from_DATE__date_col_yyyymmdd_9,20240601,DEFAULT
from_DATE__date_col_yyyymmdd_10,20250712,DEFAULT
from_DATE__date_col_yyyymmdd_10,20260822,DEFAULT
from_DATE__date_col_yyyymmdd_10,20270901,DEFAULT
from_DATE__date_col_yyyymmdd_10,20281012,DEFAULT
from_DATE__date_col_yyyymmdd_10,20291122,DEFAULT
from_DATE__date_col_yyyymmdd_10,20200201,DEFAULT
from_DATE__date_col_yyyymmdd_10,20210312,DEFAULT
from_DATE__date_col_yyyymmdd_10,20220422,DEFAULT
from_DATE__date_col_yyyymmdd_10,20230602,DEFAULT
from_DATE__date_col_yyyymmdd_10,20240713,DEFAULT
from_DATE__date_img_col,2026-01-01,DEFAULT
from_DATE__date_img_col,2025-12-31,DEFAULT
from_DATE__date_col_41,2016-01-27,DEFAULT
from_DATE__date_col_41,2019.12.14,DEFAULT
from_DATE__date_col_41,2008/11/13,DEFAULT
from_DATE__date_col_41,19991231,DEFAULT
from_DATE__date_col_41,20140929,DEFAULT
from_DATE__date_col_41,1995/02/19,DEFAULT
from_DATE__date_col_41,2011-01-24,DEFAULT
from_DATE__date_col_41,20050923,DEFAULT
from_DATE__date_col_41,20080710,DEFAULT
from_DATE__date_col_41,1990.05.05,DEFAULT
from_DATE__date_col_42,2000.01.17,DEFAULT
from_DATE__date_col_42,2002.01.02,DEFAULT
from_DATE__date_col_42,20031016,DEFAULT
from_DATE__date_col_42,2020/03/15,DEFAULT
from_DATE__date_col_42,19900310,DEFAULT
from_DATE__date_col_42,1991-06-20,DEFAULT
from_DATE_TIME__dt_col_6,2024-01-01 00:00:00,DEFAULT
from_DATE_TIME__dt_col_6,2024-12-31 23:59:59,DEFAULT
from_DATE_TIME__dt_col_6,2022-05-10 11:22:33,DEFAULT
from_DATE_TIME__dt_col_6,20230510112233,DEFAULT
from_DATE_TIME__dt_col_6,not_a_date,DEFAULT
from_DATE_TIME__dt_col_7,2023/04/01 08:00,DEFAULT
from_DATE_TIME__dt_col_7,2023/05/02 09:30,DEFAULT
from_DATE_TIME__dt_col_7,2023/06/03 10:45,DEFAULT
from_DATE_TIME__dt_col_7,600000,DEFAULT
from_DATE_TIME__dt_col_7,沪A88888,DEFAULT
from_DATE_TIME__dt_col_8,2023-08-01T12:00:00,DEFAULT
from_DATE_TIME__dt_col_8,2023-09-02T13:15:30,DEFAULT
from_DATE_TIME__dt_col_8,2023-10-03T14:45:59,DEFAULT
from_DATE_TIME__dt_col_8,abcdefg,DEFAULT
from_DATE_TIME__dt_col_8,123456,DEFAULT
from_DATE_TIME__dt_col_9,20240102101010,DEFAULT
from_DATE_TIME__dt_col_9,20240203111111,DEFAULT
from_DATE_TIME__dt_col_9,20240304121212,DEFAULT
from_DATE_TIME__dt_col_9,110101199003078888,DEFAULT
from_DATE_TIME__dt_col_9,random_text,DEFAULT
from_DATE_TIME__dt_col_10,2023-07-01 01:02:03,DEFAULT
from_DATE_TIME__dt_col_10,2023-07-02 04:05:06,DEFAULT
from_DATE_TIME__dt_col_10,2023-07-03 07:08:09,DEFAULT
from_DATE_TIME__dt_col_10,88888888,DEFAULT
from_DATE_TIME__dt_col_10,粤C12345,DEFAULT
from_DATE_TIME__dt_col_11,2023-01-01T00:00:00+08:00,DEFAULT
from_DATE_TIME__dt_col_11,2023-01-02T12:30:45+08:00,DEFAULT
from_DATE_TIME__dt_col_11,2023-01-03T23:59:59+08:00,DEFAULT
from_DATE_TIME__dt_col_11,身份证号123456,DEFAULT
from_DATE_TIME__dt_col_11,00000000,DEFAULT
from_DATE_TIME__date_time_col_1,2018-01-03 08:15:23,DEFAULT
from_DATE_TIME__date_time_col_1,2019-02-14 12:34:45,DEFAULT
from_DATE_TIME__date_time_col_1,2020-03-21 23:59:01,DEFAULT
from_DATE_TIME__date_time_col_1,2021-04-09 00:12:56,DEFAULT
from_DATE_TIME__date_time_col_1,2022-05-17 16:48:39,DEFAULT
from_DATE_TIME__date_time_col_1,2023-06-28 07:05:14,DEFAULT
from_DATE_TIME__date_time_col_1,2024-07-06 19:22:33,DEFAULT
from_DATE_TIME__date_time_col_1,2017-08-19 03:44:50,DEFAULT
from_DATE_TIME__date_time_col_1,2016-09-30 21:17:08,DEFAULT
from_DATE_TIME__date_time_col_1,2015-10-11 10:09:27,DEFAULT
from_DATE_TIME__date_time_col_2,2014-11-23 05:33:41,DEFAULT
from_DATE_TIME__date_time_col_2,2013-12-05 14:26:59,DEFAULT
from_DATE_TIME__date_time_col_2,2012-01-16 18:40:12,DEFAULT
from_DATE_TIME__date_time_col_2,2011-02-27 09:55:34,DEFAULT
from_DATE_TIME__date_time_col_2,2010-03-08 22:11:03,DEFAULT
from_DATE_TIME__date_time_col_2,2009-04-19 01:49:28,DEFAULT
from_DATE_TIME__date_time_col_2,2008-05-30 13:37:16,DEFAULT
from_DATE_TIME__date_time_col_2,2007-06-12 17:02:45,DEFAULT
from_DATE_TIME__date_time_col_2,2006-07-24 06:28:54,DEFAULT
from_DATE_TIME__date_time_col_2,2005-08-03 20:14:09,DEFAULT
from_DATE_TIME__date_time_col_3,2004-09-15 11:21:47,DEFAULT
from_DATE_TIME__date_time_col_3,2003-10-26 02:39:58,DEFAULT
from_DATE_TIME__date_time_col_3,2002-11-07 15:07:33,DEFAULT
from_DATE_TIME__date_time_col_3,2001-12-18 23:18:42,DEFAULT
from_DATE_TIME__date_time_col_3,2000-01-29 08:56:19,DEFAULT
from_DATE_TIME__date_time_col_3,1999-02-10 19:44:05,DEFAULT
from_DATE_TIME__date_time_col_3,1998-03-22 04:12:37,DEFAULT
from_DATE_TIME__date_time_col_3,1997-04-04 16:30:28,DEFAULT
from_DATE_TIME__date_time_col_3,1996-05-16 21:09:53,DEFAULT
from_DATE_TIME__date_time_col_3,1995-06-27 07:48:16,DEFAULT
from_DATE_TIME__date_time_col_4,1994-07-09 12:25:34,DEFAULT
from_DATE_TIME__date_time_col_4,1993-08-20 03:57:42,DEFAULT
from_DATE_TIME__date_time_col_4,1992-09-01 18:16:08,DEFAULT
from_DATE_TIME__date_time_col_4,1991-10-13 09:03:55,DEFAULT
from_DATE_TIME__date_time_col_4,1990-11-24 22:41:17,DEFAULT
from_DATE_TIME__date_time_col_4,1989-12-06 05:18:29,DEFAULT
from_DATE_TIME__date_time_col_4,1988-01-17 14:52:06,DEFAULT
from_DATE_TIME__date_time_col_4,1987-02-28 20:33:48,DEFAULT
from_DATE_TIME__date_time_col_4,1986-03-11 01:27:59,DEFAULT
from_DATE_TIME__date_time_col_4,1985-04-23 17:10:22,DEFAULT
from_DATE_TIME__date_time_col_5,1984-05-05 06:45:13,DEFAULT
from_DATE_TIME__date_time_col_5,1983-06-16 11:38:27,DEFAULT
from_DATE_TIME__date_time_col_5,1982-07-28 23:14:51,DEFAULT
from_DATE_TIME__date_time_col_5,1981-08-08 04:22:39,DEFAULT
from_DATE_TIME__date_time_col_5,1980-09-19 15:09:44,DEFAULT
from_DATE_TIME__date_time_col_5,1979-10-31 21:55:02,DEFAULT
from_DATE_TIME__date_time_col_5,1978-11-12 08:33:18,DEFAULT
from_DATE_TIME__date_time_col_5,1977-12-24 19:27:46,DEFAULT
from_DATE_TIME__date_time_col_5,1976-01-04 02:16:35,DEFAULT
from_DATE_TIME__date_time_col_5,1975-02-15 13:49:58,DEFAULT
from_DATE_TIME__date_time_col_6,1974-03-27 10:04:26,DEFAULT
from_DATE_TIME__date_time_col_6,1973-04-08 22:58:41,DEFAULT
from_DATE_TIME__date_time_col_6,1972-05-20 05:36:12,DEFAULT
from_DATE_TIME__date_time_col_6,1971-06-01 17:43:29,DEFAULT
from_DATE_TIME__date_time_col_6,1970-07-13 09:22:57,DEFAULT
from_DATE_TIME__date_time_col_6,1969-08-25 14:15:38,DEFAULT
from_DATE_TIME__date_time_col_6,1968-09-06 23:51:06,DEFAULT
from_DATE_TIME__date_time_col_6,1967-10-18 03:19:47,DEFAULT
from_DATE_TIME__date_time_col_6,1966-11-29 18:07:21,DEFAULT
from_DATE_TIME__date_time_col_6,1965-12-10 07:42:33,DEFAULT
from_DATE_TIME__date_time_col_7,1964-01-22 12:34:09,DEFAULT
from_DATE_TIME__date_time_col_7,1963-02-02 01:56:48,DEFAULT
from_DATE_TIME__date_time_col_7,1962-03-16 20:11:27,DEFAULT
from_DATE_TIME__date_time_col_7,1961-04-27 06:29:58,DEFAULT
from_DATE_TIME__date_time_col_7,1960-05-09 15:48:12,DEFAULT
from_DATE_TIME__date_time_col_7,1959-06-21 22:03:37,DEFAULT
from_DATE_TIME__date_time_col_7,1958-07-03 08:17:49,DEFAULT
from_DATE_TIME__date_time_col_7,1957-08-14 19:25:06,DEFAULT
from_DATE_TIME__date_time_col_7,1956-09-26 04:59:18,DEFAULT
from_DATE_TIME__date_time_col_7,1955-10-07 13:41:52,DEFAULT
from_DATE_TIME__date_time_col_8,1954-11-19 09:22:34,DEFAULT
from_DATE_TIME__date_time_col_8,1953-12-01 21:36:15,DEFAULT
from_DATE_TIME__date_time_col_8,1952-01-12 02:14:59,DEFAULT
from_DATE_TIME__date_time_col_8,1951-02-24 16:53:41,DEFAULT
from_DATE_TIME__date_time_col_8,1950-03-06 07:31:08,DEFAULT
from_DATE_TIME__date_time_col_8,1949-04-18 18:27:55,DEFAULT
from_DATE_TIME__date_time_col_8,1948-05-30 11:49:36,DEFAULT
from_DATE_TIME__date_time_col_8,1947-06-11 23:05:14,DEFAULT
from_DATE_TIME__date_time_col_8,1946-07-23 04:18:27,DEFAULT
from_DATE_TIME__date_time_col_8,1945-08-04 15:42:09,DEFAULT
from_DATE_TIME__date_time_col_9,1944-09-15 20:11:33,DEFAULT
from_DATE_TIME__date_time_col_9,1943-10-27 03:25:46,DEFAULT
from_DATE_TIME__date_time_col_9,1942-11-08 14:39:58,DEFAULT
from_DATE_TIME__date_time_col_9,1941-12-20 09:57:12,DEFAULT
from_DATE_TIME__date_time_col_9,1940-01-31 22:08:45,DEFAULT
from_DATE_TIME__date_time_col_9,1939-02-11 05:17:29,DEFAULT
from_DATE_TIME__date_time_col_9,1938-03-25 16:46:03,DEFAULT
from_DATE_TIME__date_time_col_9,1937-04-06 11:28:54,DEFAULT
from_DATE_TIME__date_time_col_9,1936-05-18 01:13:37,DEFAULT
from_DATE_TIME__date_time_col_9,1935-06-29 19:59:22,DEFAULT
from_DATE_TIME__date_time_col_10,1934-07-11 06:44:10,DEFAULT
from_DATE_TIME__date_time_col_10,1933-08-22 17:21:39,DEFAULT
from_DATE_TIME__date_time_col_10,1932-09-03 08:32:47,DEFAULT
from_DATE_TIME__date_time_col_10,1931-10-15 23:14:56,DEFAULT
from_DATE_TIME__date_time_col_10,1930-11-26 12:55:03,DEFAULT
from_DATE_TIME__date_time_col_10,1929-12-08 04:06:28,DEFAULT
from_DATE_TIME__date_time_col_10,1928-01-19 15:47:51,DEFAULT
from_DATE_TIME__date_time_col_10,1927-02-01 20:33:16,DEFAULT
from_DATE_TIME__date_time_col_10,1926-03-13 09:18:44,DEFAULT
from_DATE_TIME__date_time_col_10,1925-04-25 18:02:57,DEFAULT
from_DATE_TIME__dt_col_12,1704067200000,DEFAULT
from_DATE_TIME__dt_col_12,1704153600000,DEFAULT
from_DATE_TIME__dt_col_12,1704240000000,DEFAULT
from_DATE_TIME__dt_col_12,13800138000,DEFAULT
from_DATE_TIME__dt_col_12,车牌号测试,DEFAULT
from_DATE_TIME__dt_col_13,2023-02-28 23:59:59,DEFAULT
from_DATE_TIME__dt_col_13,2024-02-29 12:00:00,DEFAULT
from_DATE_TIME__dt_col_13,2021-12-31 23:59:59,DEFAULT
from_DATE_TIME__dt_col_13,ABCDEFGH,DEFAULT
from_DATE_TIME__dt_col_13,999999,DEFAULT
from_DATE_TIME__dt_col_14,2023/11/11 11:11,DEFAULT
from_DATE_TIME__dt_col_14,2023/12/12 12:12,DEFAULT
from_DATE_TIME__dt_col_14,2024/01/01 01:01,DEFAULT
from_DATE_TIME__dt_col_14,2024-01-15 10:30:00,DEFAULT
from_DATE_TIME__dt_col_14,110105198001011234,DEFAULT
from_DATE_TIME__dt_col_15,2023-03-01T08:30:00,DEFAULT
from_DATE_TIME__dt_col_15,2023-03-02T09:45:15,DEFAULT
from_DATE_TIME__dt_col_15,2023-03-03T10:50:20,DEFAULT
from_DATE_TIME__dt_col_15,hello_world,DEFAULT
from_DATE_TIME__dt_col_15,1234abcd,DEFAULT
from_DATE_TIME__dt_col_16,2021/08/21 21:30,DEFAULT
from_DATE_TIME__dt_col_16,2020-11-19 17:40:40,DEFAULT
from_DATE_TIME__dt_col_16,2024-04-12 12:53:49,DEFAULT
from_DATE_TIME__dt_col_16,2021-07-12 10:36:54,DEFAULT
from_DATE_TIME__dt_col_16,2021/03/12 07:55,DEFAULT
from_DATE_TIME__dt_col_16,2021/07/10 03:17,DEFAULT
from_DATE_TIME__dt_col_16,2019-07-28 18:44:23,DEFAULT
from_DATE_TIME__dt_col_16,2024-05-25 12:27:46,DEFAULT
from_DATE_TIME__dt_col_16,2023/12/23 13:08,DEFAULT
from_DATE_TIME__dt_col_17,2022-06-24 07:09:18,DEFAULT
from_DATE_TIME__dt_col_17,2024-07-16 18:09:19,DEFAULT
from_DATE_TIME__dt_col_17,2019-11-15 20:44:59,DEFAULT
from_DATE_TIME__dt_col_17,2019-06-09 06:42:18,DEFAULT
from_DATE_TIME__dt_col_17,2023-10-01 13:50:06,DEFAULT
from_DATE_TIME__dt_col_17,2020/10/16 18:40,DEFAULT
from_DATE_TIME__dt_col_17,2024-09-26 21:04:26,DEFAULT
from_DATE_TIME__dt_col_17,2023/09/03 03:25,DEFAULT
from_DATE_TIME__dt_col_18,2023-08-03 00:15:01,DEFAULT
from_DATE_TIME__dt_col_18,2021/12/06 00:06,DEFAULT
from_DATE_TIME__dt_col_18,2021-09-23 00:35:57,DEFAULT
from_DATE_TIME__dt_col_18,2022-04-04 04:07:18,DEFAULT
from_DATE_TIME__dt_col_18,2019/06/21 08:53,DEFAULT
from_DATE_TIME__dt_col_18,2023/03/13 22:18,DEFAULT
from_DATE_TIME__dt_col_19,2023-10-28 18:40:57,DEFAULT
from_DATE_TIME__dt_col_19,2022/11/03 21:07,DEFAULT
from_DATE_TIME__dt_col_19,2021/12/10 18:29,DEFAULT
from_DATE_TIME__dt_col_19,2023-01-14 21:56:35,DEFAULT
from_DATE_TIME__dt_col_19,2018-03-12 18:01:07,DEFAULT
from_DATE_TIME__dt_col_19,2022/10/09 23:37,DEFAULT
from_DATE_TIME__dt_col_20,2024/08/22 06:43,DEFAULT
from_DATE_TIME__dt_col_20,2022/12/09 02:46,DEFAULT
from_DATE_TIME__dt_col_20,2021/10/07 01:04,DEFAULT
from_DATE_TIME__dt_col_20,2023-10-22 21:05:49,DEFAULT
from_DATE_TIME__dt_col_21,2023/03/02 04:33,DEFAULT
from_DATE_TIME__dt_col_21,2021/02/13 17:02,DEFAULT
from_DATE_TIME__dt_col_21,2022/01/08 09:09,DEFAULT
from_DATE_TIME__dt_col_21,2020-09-24 10:19:35,DEFAULT
from_DATE_TIME__dt_col_21,2022/11/04 15:53,DEFAULT
from_DATE_TIME__dt_col_21,2018/06/26 15:06,DEFAULT
from_DATE_TIME__dt_col_22,2019-05-15 21:55:00,DEFAULT
from_DATE_TIME__dt_col_22,2022-11-03 09:05:07,DEFAULT
from_DATE_TIME__dt_col_22,2024-11-10 10:08:58,DEFAULT
from_DATE_TIME__dt_col_22,2024/10/07 13:30,DEFAULT
from_DATE_TIME__dt_col_22,2020/07/07 19:04,DEFAULT
from_DATE_TIME__dt_col_23,2018/11/16 09:39,DEFAULT
from_DATE_TIME__dt_col_23,2024-10-10 05:15:41,DEFAULT
from_DATE_TIME__dt_col_23,2023-03-13 02:26:35,DEFAULT
from_DATE_TIME__dt_col_23,2019-11-16 23:19:57,DEFAULT
from_DATE_TIME__dt_col_24,2023/08/19 17:38,DEFAULT
from_DATE_TIME__dt_col_24,2020/07/13 19:18,DEFAULT
from_DATE_TIME__dt_col_24,2019/01/01 11:06,DEFAULT
from_DATE_TIME__dt_col_24,2020-07-15 11:42:58,DEFAULT
from_DATE_TIME__dt_col_24,2024-09-10 04:54:11,DEFAULT
from_DATE_TIME__dt_col_24,2021/03/13 12:08,DEFAULT
from_DATE_TIME__dt_col_24,2018/05/13 00:30,DEFAULT
from_DATE_TIME__dt_col_25,2020-02-27 07:00:52,DEFAULT
from_DATE_TIME__dt_col_25,2021/03/09 01:50,DEFAULT
from_DATE_TIME__dt_col_25,2018-01-01 20:52:26,DEFAULT
from_DATE_TIME__dt_col_25,2023/05/26 03:31,DEFAULT
from_DATE_TIME__dt_col_25,2018-06-28 21:10:08,DEFAULT
from_DATE_TIME__dt_col_25,2019/03/18 04:18,DEFAULT
from_DATE_TIME__dt_col_25,2024/03/17 06:22,DEFAULT
from_DATE_TIME__dt_col_26,2022-05-15 19:51:07,DEFAULT
from_DATE_TIME__dt_col_26,2018-12-04 07:22:42,DEFAULT
from_DATE_TIME__dt_col_26,2024/06/07 10:49,DEFAULT
from_DATE_TIME__dt_col_26,2019/01/26 13:18,DEFAULT
from_DATE_TIME__dt_col_26,2020-08-18 01:38:48,DEFAULT
from_DATE_TIME__dt_col_26,2018-02-01 09:06:39,DEFAULT
from_DATE_TIME__dt_col_26,2020/04/10 02:39,DEFAULT
from_DATE_TIME__dt_col_27,2018-11-09 09:30:35,DEFAULT
from_DATE_TIME__dt_col_27,2023-11-05 17:02:11,DEFAULT
from_DATE_TIME__dt_col_27,2022/10/08 00:24,DEFAULT
from_DATE_TIME__dt_col_27,2022-11-23 00:43:14,DEFAULT
from_DATE_TIME__dt_col_27,2018/11/05 03:14,DEFAULT
from_DATE_TIME__dt_col_27,2023-08-09 07:52:46,DEFAULT
from_DATE_TIME__dt_col_27,2020-06-18 10:22:58,DEFAULT
from_DATE_TIME__dt_col_27,2022-05-23 00:34:48,DEFAULT
from_DATE_TIME__dt_col_27,2023/01/27 13:38,DEFAULT
from_DATE_TIME__dt_col_28,2019-09-20 17:27:00,DEFAULT
from_DATE_TIME__dt_col_28,2021-06-14 14:15:14,DEFAULT
from_DATE_TIME__dt_col_28,2018-07-11 04:28:26,DEFAULT
from_DATE_TIME__dt_col_28,2020-10-18 01:08:22,DEFAULT
from_DATE_TIME__dt_col_28,2022-03-21 19:54:25,DEFAULT
from_DATE_TIME__dt_col_29,2024/03/11 00:34,DEFAULT
from_DATE_TIME__dt_col_29,2019-04-10 16:00:49,DEFAULT
from_DATE_TIME__dt_col_29,2020-04-28 12:38:06,DEFAULT
from_DATE_TIME__dt_col_29,2021-03-27 15:36:51,DEFAULT
from_DATE_TIME__dt_col_30,2018-04-25 06:14:42,DEFAULT
from_DATE_TIME__dt_col_30,2023-10-10 11:11:59,DEFAULT
from_DATE_TIME__dt_col_30,2024-03-17 12:14:02,DEFAULT
from_DATE_TIME__dt_col_30,2019/10/14 12:11,DEFAULT
from_DATE_TIME__dt_col_30,2018/08/06 03:31,DEFAULT
from_DATE_TIME__dt_col_30,2024-03-01 09:05:26,DEFAULT
from_DATE_TIME__dt_col_30,2019-02-12 21:15:37,DEFAULT
from_DATE_TIME__dt_col_30,2022/04/16 00:25,DEFAULT
from_DATE_TIME__dt_col_31,2024/01/07 03:53,DEFAULT
from_DATE_TIME__dt_col_31,2020-09-25 11:00:11,DEFAULT
from_DATE_TIME__dt_col_31,2023/10/02 03:36,DEFAULT
from_DATE_TIME__dt_col_31,2022-01-01 01:41:01,DEFAULT
from_DATE_TIME__dt_col_31,2020/07/04 12:09,DEFAULT
from_DATE_TIME__dt_col_31,2023/11/09 22:31,DEFAULT
from_DATE_TIME__dt_col_31,2022/05/01 23:28,DEFAULT
from_DATE_TIME__dt_col_31,2019-04-01 09:50:49,DEFAULT
from_DATE_TIME__dt_col_32,2019/03/24 07:05,DEFAULT
from_DATE_TIME__dt_col_32,2024-09-25 02:18:21,DEFAULT
from_DATE_TIME__dt_col_32,2020-04-15 00:50:47,DEFAULT
from_DATE_TIME__dt_col_32,2023/10/23 03:58,DEFAULT
from_DATE_TIME__dt_col_32,2021-07-23 13:21:03,DEFAULT
from_DATE_TIME__dt_col_32,2023/07/03 04:01,DEFAULT
from_DATE_TIME__dt_col_32,2024-12-21 10:30:35,DEFAULT
from_DATE_TIME__dt_col_32,2024-12-20 01:09:08,DEFAULT
from_DATE_TIME__dt_col_32,2021-08-21 17:43:59,DEFAULT
from_DATE_TIME__dt_col_33,2024-08-21 13:13:21,DEFAULT
from_DATE_TIME__dt_col_33,2022-06-19 04:04:55,DEFAULT
from_DATE_TIME__dt_col_33,2022-12-10 20:32:23,DEFAULT
from_DATE_TIME__dt_col_33,2018-02-10 04:38:19,DEFAULT
from_DATE_TIME__dt_col_33,2023-03-28 07:44:44,DEFAULT
from_DATE_TIME__dt_col_34,2024/07/13 19:13,DEFAULT
from_DATE_TIME__dt_col_34,2022/12/09 03:31,DEFAULT
from_DATE_TIME__dt_col_34,2021/07/11 18:04,DEFAULT
from_DATE_TIME__dt_col_34,2022-03-02 03:06:49,DEFAULT
from_DATE_TIME__dt_col_34,2024-07-26 11:10:44,DEFAULT
from_DATE_TIME__dt_col_34,2024-04-28 11:04:51,DEFAULT
from_DATE_TIME__dt_col_35,2021/06/22 12:20,DEFAULT
from_DATE_TIME__dt_col_35,2021/05/17 14:32,DEFAULT
from_DATE_TIME__dt_col_35,2022-05-23 11:53:07,DEFAULT
from_DATE_TIME__dt_col_35,2019/06/01 13:37,DEFAULT
from_DATE_TIME__dt_col_35,2021/09/11 03:09,DEFAULT
from_DATE_TIME__dt_col_35,2024/03/25 14:56,DEFAULT
from_DATE_TIME__dt_col_36,2023-01-20 14:37:49,DEFAULT
from_DATE_TIME__dt_col_36,2020-03-03 04:36:07,DEFAULT
from_DATE_TIME__dt_col_36,2023-06-01 05:09:50,DEFAULT
from_DATE_TIME__dt_col_36,2021/09/28 22:59,DEFAULT
from_DATE_TIME__dt_col_36,2018-05-12 15:46:36,DEFAULT
from_DATE_TIME__dt_col_36,2020/02/28 16:18,DEFAULT
from_DATE_TIME__dt_col_36,2019-04-21 19:33:08,DEFAULT
from_DATE_TIME__dt_col_36,2023/03/25 07:12,DEFAULT
from_DATE_TIME__dt_col_36,2023-01-19 22:45:17,DEFAULT
from_DATE_TIME__dt_col_36,2021-08-13 23:28:00,DEFAULT
from_DATE_TIME__dt_col_37,2019-11-05 16:27:12,DEFAULT
from_DATE_TIME__dt_col_37,2024/03/01 01:57,DEFAULT
from_DATE_TIME__dt_col_37,2022/05/05 12:52,DEFAULT
from_DATE_TIME__dt_col_37,2019-04-25 06:27:54,DEFAULT
from_DATE_TIME__dt_col_37,2018-09-06 22:34:38,DEFAULT
from_DATE_TIME__dt_col_37,2023/02/23 06:24,DEFAULT
from_DATE_TIME__dt_col_37,2020/10/10 13:56,DEFAULT
from_DATE_TIME__dt_col_37,2020-10-23 01:07:55,DEFAULT
from_DATE_TIME__dt_col_38,2018/10/07 11:03,DEFAULT
from_DATE_TIME__dt_col_38,2018-02-04 10:18:25,DEFAULT
from_DATE_TIME__dt_col_38,2023-12-21 01:34:56,DEFAULT
from_DATE_TIME__dt_col_38,2023/09/19 20:48,DEFAULT
from_DATE_TIME__dt_col_39,2022-06-03 21:13:53,DEFAULT
from_DATE_TIME__dt_col_39,2023-02-09 16:41:13,DEFAULT
from_DATE_TIME__dt_col_39,2020/09/02 06:02,DEFAULT
from_DATE_TIME__dt_col_39,2020/07/10 14:07,DEFAULT
from_DATE_TIME__dt_col_39,2020/01/03 19:02,DEFAULT
from_DATE_TIME__dt_col_39,2023/02/13 19:33,DEFAULT
from_DATE_TIME__dt_col_39,2021-12-04 13:05:06,DEFAULT
from_DATE_TIME__dt_col_39,2021/09/14 03:05,DEFAULT
from_DATE_TIME__dt_col_39,2021/08/12 18:47,DEFAULT
from_DATE_TIME__dt_col_40,2019/07/03 15:55,DEFAULT
from_DATE_TIME__dt_col_40,2020-09-07 11:12:16,DEFAULT
from_DATE_TIME__dt_col_40,2022-06-14 10:28:45,DEFAULT
from_DATE_TIME__dt_col_40,2020/04/08 18:41,DEFAULT
from_DATE_TIME__dt_col_40,2020-03-13 12:42:09,DEFAULT
from_DATE_TIME__dt_col_40,2023/08/11 17:02,DEFAULT
from_DATE_TIME__dt_col_40,2020/07/14 17:31,DEFAULT
from_DATE_TIME__dt_col_40,2018-03-26 16:21:13,DEFAULT
from_DATE_TIME__dt_col_40,2019/08/25 12:27,DEFAULT
from_DATE_TIME__dt_col_41,2020/06/03 20:23,DEFAULT
from_DATE_TIME__dt_col_41,2020/07/04 07:00,DEFAULT
from_DATE_TIME__dt_col_41,2018/09/19 15:08,DEFAULT
from_DATE_TIME__dt_col_41,2019/09/28 22:54,DEFAULT
from_DATE_TIME__dt_col_41,2021/08/24 03:07,DEFAULT
from_DATE_TIME__dt_col_42,2022-07-07 00:49:38,DEFAULT
from_DATE_TIME__dt_col_42,2018/03/03 01:52,DEFAULT
from_DATE_TIME__dt_col_42,2023/01/12 23:42,DEFAULT
from_DATE_TIME__dt_col_42,2021/08/04 19:53,DEFAULT
from_DATE_TIME__dt_col_42,2018-11-19 18:40:30,DEFAULT
from_DATE_TIME__dt_col_42,2022-07-12 12:25:49,DEFAULT
from_DATE_TIME__dt_col_42,2023/07/17 07:12,DEFAULT
from_DATE_TIME__dt_col_43,2019-03-27 09:08:43,DEFAULT
from_DATE_TIME__dt_col_43,2019-08-20 06:44:11,DEFAULT
from_DATE_TIME__dt_col_43,2019-10-23 00:29:01,DEFAULT
from_DATE_TIME__dt_col_43,2020-08-26 20:37:07,DEFAULT
from_DATE_TIME__dt_col_43,2018-12-23 03:02:04,DEFAULT
from_DATE_TIME__dt_col_43,2019-07-01 00:32:02,DEFAULT
from_DATE_TIME__dt_col_44,2023/05/28 14:58,DEFAULT
from_DATE_TIME__dt_col_44,2024/04/08 10:18,DEFAULT
from_DATE_TIME__dt_col_44,2022-03-04 09:36:25,DEFAULT
from_DATE_TIME__dt_col_44,2023-09-14 20:24:54,DEFAULT
from_DATE_TIME__dt_col_44,2024/03/01 06:05,DEFAULT
from_DATE_TIME__dt_col_44,2021-07-12 04:49:33,DEFAULT
from_DATE_TIME__dt_col_44,2020/05/28 18:57,DEFAULT
from_DATE_TIME__dt_col_45,2019/05/01 01:51,DEFAULT
from_DATE_TIME__dt_col_45,2023-03-01 17:25:42,DEFAULT
from_DATE_TIME__dt_col_45,2018/06/03 18:01,DEFAULT
from_DATE_TIME__dt_col_45,2023-12-07 07:20:57,DEFAULT
from_DATE_TIME__dt_col_45,2019/07/20 22:48,DEFAULT
from_DATE_TIME__dt_col_46,2018-01-02 23:02:37,DEFAULT
from_DATE_TIME__dt_col_46,2022-04-03 17:28:33,DEFAULT
from_DATE_TIME__dt_col_46,2022-01-06 16:41:14,DEFAULT
from_DATE_TIME__dt_col_46,2018/06/18 19:48,DEFAULT
from_DATE_TIME__dt_col_46,2021-07-03 07:49:26,DEFAULT
from_DATE_TIME__dt_col_46,2023/01/17 02:08,DEFAULT
from_DATE_TIME__dt_col_47,2018-06-28 18:19:49,DEFAULT
from_DATE_TIME__dt_col_47,2020/08/28 00:55,DEFAULT
from_DATE_TIME__dt_col_47,2018/01/12 21:35,DEFAULT
from_DATE_TIME__dt_col_47,2018/10/14 15:59,DEFAULT
from_DATE_TIME__dt_col_47,2020/03/04 17:37,DEFAULT
from_DATE_TIME__dt_col_47,2021/07/24 11:41,DEFAULT
from_DATE_TIME__dt_col_47,2021-12-28 03:32:31,DEFAULT
from_DATE_TIME__dt_col_48,2019-11-17 17:51:13,DEFAULT
from_DATE_TIME__dt_col_48,2023/11/12 00:05,DEFAULT
from_DATE_TIME__dt_col_48,2024-11-06 14:59:25,DEFAULT
from_DATE_TIME__dt_col_48,2021/09/27 22:32,DEFAULT
from_DATE_TIME__dt_col_48,2021-11-13 02:25:52,DEFAULT
from_DATE_TIME__dt_col_48,2023-12-18 19:00:29,DEFAULT
from_DATE_TIME__dt_col_48,2024-06-19 17:06:08,DEFAULT
from_DATE_TIME__dt_col_49,2021/08/05 13:20,DEFAULT
from_DATE_TIME__dt_col_49,2018-09-27 06:58:35,DEFAULT
from_DATE_TIME__dt_col_49,2018/06/01 02:58,DEFAULT
from_DATE_TIME__dt_col_49,2024-07-11 15:35:37,DEFAULT
from_DATE_TIME__dt_col_49,2021-06-26 02:34:34,DEFAULT
from_DATE_TIME__dt_col_49,2024/05/17 13:02,DEFAULT
from_DATE_TIME__dt_col_49,2018-01-23 19:11:16,DEFAULT
from_DATE_TIME__dt_col_50,2019-09-15 17:53:56,DEFAULT
from_DATE_TIME__dt_col_50,2018-11-08 20:01:49,DEFAULT
from_DATE_TIME__dt_col_50,2024/11/02 15:17,DEFAULT
from_DATE_TIME__dt_col_50,2021/11/21 19:22,DEFAULT
from_DATE_TIME__dt_col_51,2018/07/06 01:00,DEFAULT
from_DATE_TIME__dt_col_51,2018/03/26 08:50,DEFAULT
from_DATE_TIME__dt_col_51,2021-03-09 22:51:36,DEFAULT
from_DATE_TIME__dt_col_51,2020/01/23 10:31,DEFAULT
from_DATE_TIME__dt_col_51,2020-07-22 19:23:57,DEFAULT
from_DATE_TIME__dt_col_51,2021/05/02 23:24,DEFAULT
from_DATE_TIME__dt_col_51,2020-11-10 08:23:14,DEFAULT
from_DATE_TIME__dt_col_52,2020/07/21 13:57,DEFAULT
from_DATE_TIME__dt_col_52,2021/06/28 16:12,DEFAULT
from_DATE_TIME__dt_col_52,2022-12-28 07:42:59,DEFAULT
from_DATE_TIME__dt_col_52,2021-11-06 13:53:31,DEFAULT
from_DATE_TIME__dt_col_52,2024-05-17 10:15:09,DEFAULT
from_DATE_TIME__dt_col_52,2021/08/12 16:30,DEFAULT
from_DATE_TIME__dt_col_52,2020/04/06 20:26,DEFAULT
from_DATE_TIME__dt_col_52,2023/11/09 09:15,DEFAULT
from_DATE_TIME__dt_col_52,2022-12-11 17:02:22,DEFAULT
from_DATE_TIME__dt_col_53,2020-06-26 01:23:46,DEFAULT
from_DATE_TIME__dt_col_53,2019-12-27 00:03:29,DEFAULT
from_DATE_TIME__dt_col_53,2019-10-02 22:29:28,DEFAULT
from_DATE_TIME__dt_col_53,2019/10/11 08:40,DEFAULT
from_DATE_TIME__dt_col_53,2023-01-08 17:59:01,DEFAULT
from_DATE_TIME__dt_col_53,2018/06/02 21:08,DEFAULT
from_DATE_TIME__dt_col_54,2018-05-07 10:14:56,DEFAULT
from_DATE_TIME__dt_col_54,2022/05/25 21:43,DEFAULT
from_DATE_TIME__dt_col_54,2024/08/20 10:12,DEFAULT
from_DATE_TIME__dt_col_54,2018/02/05 07:42,DEFAULT
from_DATE_TIME__dt_col_54,2019-09-14 21:24:57,DEFAULT
from_DATE_TIME__dt_col_54,2018-12-02 16:23:31,DEFAULT
from_DATE_TIME__dt_col_55,2015/04/18 04:50,DEFAULT
from_DATE_TIME__dt_col_55,2020-10-26 23:38:20,DEFAULT
from_DATE_TIME__dt_col_55,2021/06/01 13:15,DEFAULT
from_DATE_TIME__dt_col_55,2017/02/28 19:41,DEFAULT
from_DATE_TIME__dt_col_55,2023/12/27 18:27,DEFAULT
from_DATE_TIME__dt_col_55,2019/05/19 23:11,DEFAULT
from_DATE_TIME__dt_col_55,2020-10-19 05:27:14,DEFAULT
from_DATE_TIME__dt_col_55,2023/12/26 04:32,DEFAULT
from_DATE_TIME__dt_col_55,2023/10/18 12:53,DEFAULT
from_DATE_TIME__dt_col_55,2017-12-01 17:10:20,DEFAULT
from_DATE_TIME__dt_col_56,2016/01/18 00:27,DEFAULT
from_DATE_TIME__dt_col_56,2021/08/27 04:01,DEFAULT
from_DATE_TIME__dt_col_56,2015/11/19 18:24,DEFAULT
from_DATE_TIME__dt_col_56,2016/06/18 14:40,DEFAULT
from_DATE_TIME__dt_col_56,2017-02-03 07:41:57,DEFAULT
from_DATE_TIME__dt_col_56,2017/03/04 17:53,DEFAULT
from_DATE_TIME__dt_col_56,2024/01/19 12:49,DEFAULT
from_DATE_TIME__dt_col_56,2018/01/31 02:59,DEFAULT
from_DATE_TIME__dt_col_56,2022-02-27 18:55:06,DEFAULT
from_DATE_TIME__dt_col_56,2021-09-06 03:06:09,DEFAULT
from_DATE_TIME__dt_col_57,2017/01/09 02:04,DEFAULT
from_DATE_TIME__dt_col_57,2024-05-26 06:25:06,DEFAULT
from_DATE_TIME__dt_col_57,2015/03/31 13:04,DEFAULT
from_DATE_TIME__dt_col_57,2015-11-09 06:43:26,DEFAULT
from_DATE_TIME__dt_col_57,2018/07/08 20:58,DEFAULT
from_DATE_TIME__dt_col_57,2017-01-06 09:00:57,DEFAULT
from_DATE_TIME__dt_col_57,2021-05-12 20:38:54,DEFAULT
from_DATE_TIME__dt_col_57,2018/11/05 11:30,DEFAULT
from_DATE_TIME__dt_col_57,2015-01-21 05:33:47,DEFAULT
from_DATE_TIME__dt_col_57,2016/05/13 06:38,DEFAULT
from_DATE_TIME__dt_col_58,2020-10-22 16:48:09,DEFAULT
from_DATE_TIME__dt_col_58,2019-02-03 03:57:13,DEFAULT
from_DATE_TIME__dt_col_58,2016/07/21 07:05,DEFAULT
from_DATE_TIME__dt_col_58,2016-06-02 08:17:30,DEFAULT
from_DATE_TIME__dt_col_58,2016/01/12 11:45,DEFAULT
from_DATE_TIME__dt_col_58,2020-03-28 23:51:31,DEFAULT
from_DATE_TIME__dt_col_58,2019-06-27 06:16:11,DEFAULT
from_DATE_TIME__dt_col_58,2024-06-27 22:17:25,DEFAULT
from_DATE_TIME__dt_col_58,2023/11/23 18:19,DEFAULT
from_DATE_TIME__dt_col_58,2023-02-05 15:27:56,DEFAULT
from_DATE_TIME__dt_col_59,2021-09-08 23:17:52,DEFAULT
from_DATE_TIME__dt_col_59,2016-03-16 19:24:27,DEFAULT
from_DATE_TIME__dt_col_59,2018/12/16 11:57,DEFAULT
from_DATE_TIME__dt_col_59,2020/01/15 05:56,DEFAULT
from_DATE_TIME__dt_col_59,2017/11/02 18:26,DEFAULT
from_DATE_TIME__dt_col_59,2024-11-02 20:33:22,DEFAULT
from_DATE_TIME__dt_col_59,2016-04-14 05:51:20,DEFAULT
from_DATE_TIME__dt_col_59,2017-01-31 11:15:04,DEFAULT
from_DATE_TIME__dt_col_59,2019-03-03 11:09:49,DEFAULT
from_DATE_TIME__dt_col_59,2015/02/09 10:44,DEFAULT
from_DATE_TIME__dt_col_60,2017-05-25 14:36:50,DEFAULT
from_DATE_TIME__dt_col_60,2017-08-10 17:04:24,DEFAULT
from_DATE_TIME__dt_col_60,2017/05/19 16:13,DEFAULT
from_DATE_TIME__dt_col_60,2023/01/12 19:56,DEFAULT
from_DATE_TIME__dt_col_60,2015-11-03 18:57:41,DEFAULT
from_DATE_TIME__dt_col_60,2023-06-25 13:20:52,DEFAULT
from_DATE_TIME__dt_col_60,2017-03-18 01:51:31,DEFAULT
from_DATE_TIME__dt_col_60,2018-01-29 13:07:07,DEFAULT
from_DATE_TIME__dt_col_60,2021-09-29 10:37:24,DEFAULT
from_DATE_TIME__dt_col_60,2015/03/29 09:01,DEFAULT
from_DATE_TIME__dt_col_61,2021-06-16 00:58:29,DEFAULT
from_DATE_TIME__dt_col_61,2024/06/09 12:02,DEFAULT
from_DATE_TIME__dt_col_61,2020-11-30 01:21:41,DEFAULT
from_DATE_TIME__dt_col_61,2020-04-08 03:53:51,DEFAULT
from_DATE_TIME__dt_col_61,2018-05-17 08:20:48,DEFAULT
from_DATE_TIME__dt_col_61,2015-11-23 17:49:20,DEFAULT
from_DATE_TIME__dt_col_61,2015/07/12 12:19,DEFAULT
from_DATE_TIME__dt_col_61,2020/07/13 20:58,DEFAULT
from_DATE_TIME__dt_col_61,2021-12-06 03:01:14,DEFAULT
from_DATE_TIME__dt_col_61,2015/02/12 04:06,DEFAULT
from_DATE_TIME__dt_col_62,2023-02-14 13:14:10,DEFAULT
from_DATE_TIME__dt_col_62,2023/02/13 11:52,DEFAULT
from_DATE_TIME__dt_col_62,2015-01-21 22:55:03,DEFAULT
from_DATE_TIME__dt_col_62,2023/10/21 01:07,DEFAULT
from_DATE_TIME__dt_col_62,2015/11/04 08:21,DEFAULT
from_DATE_TIME__dt_col_62,2024-02-10 12:17:44,DEFAULT
from_DATE_TIME__dt_col_62,2016-07-18 18:29:07,DEFAULT
from_DATE_TIME__dt_col_62,2024/08/31 04:48,DEFAULT
from_DATE_TIME__dt_col_62,2019-08-20 20:28:42,DEFAULT
from_DATE_TIME__dt_col_62,2020/12/01 07:36,DEFAULT
from_DATE_TIME__dt_col_63,2018-02-23 10:49:46,DEFAULT
from_DATE_TIME__dt_col_63,2016/01/12 08:49,DEFAULT
from_DATE_TIME__dt_col_63,2018-12-16 17:53:55,DEFAULT
from_DATE_TIME__dt_col_63,2022/04/04 23:54,DEFAULT
from_DATE_TIME__dt_col_63,2015-11-04 15:03:13,DEFAULT
from_DATE_TIME__dt_col_63,2017-06-04 14:52:24,DEFAULT
from_DATE_TIME__dt_col_63,2016/03/04 10:13,DEFAULT
from_DATE_TIME__dt_col_63,2020/12/01 16:54,DEFAULT
from_DATE_TIME__dt_col_63,2018-07-01 22:29:41,DEFAULT
from_DATE_TIME__dt_col_63,2020-08-28 03:58:08,DEFAULT
from_DATE_TIME__dt_col_64,2019/01/29 12:28,DEFAULT
from_DATE_TIME__dt_col_64,2017-04-11 12:12:04,DEFAULT
from_DATE_TIME__dt_col_64,2016/11/03 21:19,DEFAULT
from_DATE_TIME__dt_col_64,2016-02-23 04:29:56,DEFAULT
from_DATE_TIME__dt_col_64,2016-03-27 07:01:57,DEFAULT
from_DATE_TIME__dt_col_64,2017/12/28 00:30,DEFAULT
from_DATE_TIME__dt_col_64,2018/12/12 08:07,DEFAULT
from_DATE_TIME__dt_col_64,2018-12-22 13:13:09,DEFAULT
from_DATE_TIME__dt_col_64,2019-10-31 16:21:03,DEFAULT
from_DATE_TIME__dt_col_64,2019-02-23 03:03:41,DEFAULT
from_DATE_TIME__dt_col_65,2019-09-27 06:18:12,DEFAULT
from_DATE_TIME__dt_col_65,2021-08-30 08:33:38,DEFAULT
from_DATE_TIME__dt_col_65,2019/11/11 03:43,DEFAULT
from_DATE_TIME__dt_col_65,2016/03/30 07:07,DEFAULT
from_DATE_TIME__dt_col_65,2021/06/14 08:15,DEFAULT
from_DATE_TIME__dt_col_65,2018/02/02 07:56,DEFAULT
from_DATE_TIME__dt_col_65,2019-07-16 12:25:06,DEFAULT
from_DATE_TIME__dt_col_65,2024-03-29 22:17:31,DEFAULT
from_DATE_TIME__dt_col_65,2023-10-24 06:22:40,DEFAULT
from_DATE_TIME__dt_col_65,2021-09-08 09:46:00,DEFAULT
from_DATE_TIME__dt_col_66,2020/08/23 22:39,DEFAULT
from_DATE_TIME__dt_col_66,2024-07-24 22:15:10,DEFAULT
from_DATE_TIME__dt_col_66,2015/10/12 05:11,DEFAULT
from_DATE_TIME__dt_col_66,2016-08-03 00:42:30,DEFAULT
from_DATE_TIME__dt_col_66,2015-03-27 05:16:56,DEFAULT
from_DATE_TIME__dt_col_66,2022/08/14 00:38,DEFAULT
from_DATE_TIME__dt_col_66,2021-07-16 00:31:55,DEFAULT
from_DATE_TIME__dt_col_66,2016/03/24 01:52,DEFAULT
from_DATE_TIME__dt_col_66,2018-04-05 07:33:32,DEFAULT
from_DATE_TIME__dt_col_66,2016/08/23 03:06,DEFAULT
from_DATE_TIME__dt_col_67,2018-10-06 14:31:47,DEFAULT
from_DATE_TIME__dt_col_67,2021-02-13 08:42:31,DEFAULT
from_DATE_TIME__dt_col_67,2020-02-23 00:52:22,DEFAULT
from_DATE_TIME__dt_col_67,2018/09/28 16:49,DEFAULT
from_DATE_TIME__dt_col_67,2024-06-17 19:30:07,DEFAULT
from_DATE_TIME__dt_col_67,2020-10-28 23:40:01,DEFAULT
from_DATE_TIME__dt_col_67,2019-08-08 07:42:09,DEFAULT
from_DATE_TIME__dt_col_67,2015/05/07 07:36,DEFAULT
from_DATE_TIME__dt_col_67,2019-10-31 11:13:47,DEFAULT
from_DATE_TIME__dt_col_67,2019/03/28 20:06,DEFAULT
from_DATE_TIME__dt_col_68,2022-08-12 17:57:58,DEFAULT
from_DATE_TIME__dt_col_68,2024/10/28 16:11,DEFAULT
from_EMAIL__email_col_1,test@example.com,DEFAULT
from_EMAIL__email_col_1,user123@gmail.com,DEFAULT
from_EMAIL__email_col_1,admin@openai.com,DEFAULT
from_EMAIL__email_col_1,contact@company.cn,DEFAULT
from_EMAIL__email_col_1,info@test.org,DEFAULT
from_EMAIL__email_col_1,user.name+tag@gmail.com,DEFAULT
from_EMAIL__email_col_1,someone@domain.com,DEFAULT
from_EMAIL__email_col_1,email@subdomain.example,DEFAULT
from_EMAIL__email_col_2,john.doe@yahoo.com,DEFAULT
from_EMAIL__email_col_2,alice_99@qq.com,DEFAULT
from_EMAIL__email_col_2,bob-smith@outlook.com,DEFAULT
from_EMAIL__email_col_2,support@service.net,DEFAULT
from_EMAIL__email_col_2,sales@shop.cn,DEFAULT
from_EMAIL__email_col_2,info@company.org,DEFAULT
from_EMAIL__email_col_2,alice@example.com,DEFAULT
from_EMAIL__email_col_2,john.doe@domain.com,DEFAULT
from_EMAIL__email_col_2,test.user@subdomain.com,DEFAULT
from_EMAIL__email_col_2,support@website.net,DEFAULT
from_EMAIL__email_col_2,example@company.us,DEFAULT
from_EMAIL__email_col_2,service@store.biz,DEFAULT
from_EMAIL__email_col_2,contact@mywebsite.co,DEFAULT
from_EMAIL__email_col_2,test@domain.org,DEFAULT
from_EMAIL__email_col_3,user1@domain.com,DEFAULT
from_EMAIL__email_col_3,user2@domain.com,DEFAULT
from_EMAIL__email_col_3,user3@domain.com,DEFAULT
from_EMAIL__email_col_3,user4@domain.com,DEFAULT
from_EMAIL__email_col_3,user5@domain.com,DEFAULT
from_EMAIL__email_col_3,user@example.co.uk,DEFAULT
from_EMAIL__email_col_3,marketing@company.edu,DEFAULT
from_EMAIL__email_col_3,sales@business.com,DEFAULT
from_EMAIL__email_col_3,bob.smith@website.biz,DEFAULT
from_EMAIL__email_col_3,customer.support@shop.com,DEFAULT
from_EMAIL__email_col_3,jane.doe@domain.co,DEFAULT
from_EMAIL__email_col_3,newsletter@company.org,DEFAULT
from_EMAIL__email_col_3,admin@service.com,DEFAULT
from_EMAIL__email_col_3,support@product.org,DEFAULT
from_EMAIL__email_col_3,service@website.tv,DEFAULT
from_EMAIL__email_col_4,admin@server.local,DEFAULT
from_EMAIL__email_col_4,dev@project.io,DEFAULT
from_EMAIL__email_col_4,team@startup.ai,DEFAULT
from_EMAIL__email_col_4,mail@sample.co,DEFAULT
from_EMAIL__email_col_4,office@enterprise.org,DEFAULT
from_EMAIL__email_col_4,webmaster@webpage.com,DEFAULT
from_EMAIL__email_col_4,hr@corporation.org,DEFAULT
from_EMAIL__email_col_4,feedback@company.us,DEFAULT
from_EMAIL__email_col_4,hello@domain.info,DEFAULT
from_EMAIL__email_col_4,contact@storeplace.com,DEFAULT
from_EMAIL__email_col_4,abc.def@subdomain.co,DEFAULT
from_EMAIL__email_col_4,info@storefront.org,DEFAULT
from_EMAIL__email_col_4,customer@online.biz,DEFAULT
from_EMAIL__email_col_4,test@online.net,DEFAULT
from_EMAIL__email_col_4,service@companyplace.com,DEFAULT
from_EMAIL__email_col_5,contact@company.com,DEFAULT
from_EMAIL__email_col_5,hr@company.com,DEFAULT
from_EMAIL__email_col_5,it@company.com,DEFAULT
from_EMAIL__email_col_5,finance@company.com,DEFAULT
from_EMAIL__email_col_5,service@company.com,DEFAULT
from_EMAIL__email_col_5,team@startup.com,DEFAULT
from_EMAIL__email_col_5,newsletter@company.co.uk,DEFAULT
from_EMAIL__email_col_5,support@shopplace.org,DEFAULT
from_EMAIL__email_col_5,admin@webservice.net,DEFAULT
from_EMAIL__email_col_5,help@mywebsite.info,DEFAULT
from_EMAIL__email_col_5,test123@example.com,DEFAULT
from_EMAIL__email_col_5,abc@xyz.com,DEFAULT
from_EMAIL__email_col_5,xyz123@domain.co,DEFAULT
from_EMAIL__email_col_5,support@websiteplace.org,DEFAULT
from_EMAIL__email_col_5,example@subdomain.net,DEFAULT
from_EMAIL__email_col_6,abc.def@domain.cn,DEFAULT
from_EMAIL__email_col_6,info_mail@test.net,DEFAULT
from_EMAIL__email_col_6,first-last@shop.com,DEFAULT
from_EMAIL__email_col_6,helpdesk@support.org,DEFAULT
from_EMAIL__email_col_7,example@domain.com,DEFAULT
from_EMAIL__email_col_7,sample@test.cn,DEFAULT
from_EMAIL__email_col_7,person@company.org,DEFAULT
from_EMAIL__email_col_7,account@service.net,DEFAULT
from_EMAIL__email_col_7,email@test.com,DEFAULT
from_EMAIL__email_col_8,user001@demo.com,DEFAULT
from_EMAIL__email_col_8,user002@demo.com,DEFAULT
from_EMAIL__email_col_8,user003@demo.com,DEFAULT
from_EMAIL__email_col_8,user004@demo.com,DEFAULT
from_EMAIL__email_col_8,user005@demo.com,DEFAULT
from_EMAIL__email_col_9,admin@test.com,DEFAULT
from_EMAIL__email_col_9,root@server.net,DEFAULT
from_EMAIL__email_col_9,guest@host.cn,DEFAULT
from_EMAIL__email_col_9,mailbox@site.org,DEFAULT
from_EMAIL__email_col_9,contact@web.com,DEFAULT
from_EMAIL__email_col_10,customer@store.com,DEFAULT
from_EMAIL__email_col_10,member@club.org,DEFAULT
from_EMAIL__email_col_10,user@platform.net,DEFAULT
from_EMAIL__email_col_10,team@workspace.ai,DEFAULT
from_EMAIL__email_col_10,office@mail.cn,DEFAULT
from_EMAIL__email_col_11,bob42@corp.com,DEFAULT
from_EMAIL__email_col_11,test_user45@test.com,DEFAULT
from_EMAIL__email_col_11,test_user97@test.com,DEFAULT
from_EMAIL__email_col_12,bob61@example.org,DEFAULT
from_EMAIL__email_col_12,wangwu60@example.org,DEFAULT
from_EMAIL__email_col_12,zhangsan78@example.org,DEFAULT
from_EMAIL__email_col_12,test_user21@test.com,DEFAULT
from_EMAIL__email_col_12,alice40@test.com,DEFAULT
from_EMAIL__email_col_12,lisi92@corp.com,DEFAULT
from_EMAIL__email_col_12,test_user14@example.org,DEFAULT
from_EMAIL__email_col_12,zhangsan73@test.com,DEFAULT
from_EMAIL__email_col_13,zhangsan85@corp.com,DEFAULT
from_EMAIL__email_col_13,wangwu2@mail.cn,DEFAULT
from_EMAIL__email_col_13,lisi56@test.com,DEFAULT
from_EMAIL__email_col_13,test_user91@corp.com,DEFAULT
from_EMAIL__email_col_13,test_user79@mail.cn,DEFAULT
from_EMAIL__email_col_13,wangwu60@corp.com,DEFAULT
from_EMAIL__email_col_13,test_user42@mail.cn,DEFAULT
from_EMAIL__email_col_13,alice58@mail.cn,DEFAULT
from_EMAIL__email_col_14,test_user44@corp.com,DEFAULT
from_EMAIL__email_col_14,zhangsan36@mail.cn,DEFAULT
from_EMAIL__email_col_14,test_user72@mail.cn,DEFAULT
from_EMAIL__email_col_14,wangwu89@example.org,DEFAULT
from_EMAIL__email_col_14,test_user58@corp.com,DEFAULT
from_EMAIL__email_col_14,alice29@mail.cn,DEFAULT
from_EMAIL__email_col_15,bob85@mail.cn,DEFAULT
from_EMAIL__email_col_15,lisi55@mail.cn,DEFAULT
from_EMAIL__email_col_15,wangwu46@mail.cn,DEFAULT
from_EMAIL__email_col_15,zhangsan33@mail.cn,DEFAULT
from_EMAIL__email_col_15,test_user25@example.org,DEFAULT
from_EMAIL__email_col_15,wangwu13@mail.cn,DEFAULT
from_EMAIL__email_col_16,zhangsan47@example.org,DEFAULT
from_EMAIL__email_col_16,bob6@mail.cn,DEFAULT
from_EMAIL__email_col_16,wangwu90@mail.cn,DEFAULT
from_EMAIL__email_col_16,test_user14@corp.com,DEFAULT
from_EMAIL__email_col_16,wangwu61@mail.cn,DEFAULT
from_EMAIL__email_col_16,zhangsan7@example.org,DEFAULT
from_EMAIL__email_col_16,alice20@test.com,DEFAULT
from_EMAIL__email_col_17,alice16@example.org,DEFAULT
from_EMAIL__email_col_17,lisi67@example.org,DEFAULT
from_EMAIL__email_col_17,lisi76@mail.cn,DEFAULT
from_EMAIL__email_col_17,zhangsan79@test.com,DEFAULT
from_EMAIL__email_col_17,alice81@example.org,DEFAULT
from_EMAIL__email_col_18,wangwu38@corp.com,DEFAULT
from_EMAIL__email_col_18,test_user10@corp.com,DEFAULT
from_EMAIL__email_col_18,zhangsan55@example.org,DEFAULT
from_EMAIL__email_col_18,zhangsan10@example.org,DEFAULT
from_EMAIL__email_col_18,wangwu57@mail.cn,DEFAULT
from_EMAIL__email_col_19,wangwu57@corp.com,DEFAULT
from_EMAIL__email_col_19,test_user78@mail.cn,DEFAULT
from_EMAIL__email_col_19,wangwu98@test.com,DEFAULT
from_EMAIL__email_col_19,zhangsan98@test.com,DEFAULT
from_EMAIL__email_col_19,lisi36@corp.com,DEFAULT
from_EMAIL__email_col_19,lisi61@test.com,DEFAULT
from_EMAIL__email_col_20,zhangsan89@corp.com,DEFAULT
from_EMAIL__email_col_20,test_user98@corp.com,DEFAULT
from_EMAIL__email_col_20,lisi41@test.com,DEFAULT
from_EMAIL__email_col_20,lisi85@test.com,DEFAULT
from_EMAIL__email_col_20,lisi7@corp.com,DEFAULT
from_EMAIL__email_col_20,lisi98@corp.com,DEFAULT
from_EMAIL__email_col_21,zhangsan90@corp.com,DEFAULT
from_EMAIL__email_col_21,alice91@example.org,DEFAULT
from_EMAIL__email_col_21,alice64@example.org,DEFAULT
from_EMAIL__email_col_21,zhangsan54@mail.cn,DEFAULT
from_EMAIL__email_col_21,lisi59@example.org,DEFAULT
from_EMAIL__email_col_21,lisi77@example.org,DEFAULT
from_EMAIL__email_col_22,bob36@test.com,DEFAULT
from_EMAIL__email_col_22,lisi65@mail.cn,DEFAULT
from_EMAIL__email_col_22,wangwu20@corp.com,DEFAULT
from_EMAIL__email_col_22,lisi43@mail.cn,DEFAULT
from_EMAIL__email_col_22,wangwu59@corp.com,DEFAULT
from_EMAIL__email_col_22,bob74@example.org,DEFAULT
from_EMAIL__email_col_22,test_user50@corp.com,DEFAULT
from_EMAIL__email_col_23,test_user64@example.org,DEFAULT
from_EMAIL__email_col_23,bob13@mail.cn,DEFAULT
from_EMAIL__email_col_23,lisi68@test.com,DEFAULT
from_EMAIL__email_col_23,alice53@example.org,DEFAULT
from_EMAIL__email_col_23,bob61@test.com,DEFAULT
from_EMAIL__email_col_23,zhangsan80@mail.cn,DEFAULT
from_EMAIL__email_col_23,test_user43@test.com,DEFAULT
from_EMAIL__email_col_23,wangwu41@corp.com,DEFAULT
from_EMAIL__email_col_23,lisi80@test.com,DEFAULT
from_EMAIL__email_col_24,zhangsan96@example.org,DEFAULT
from_EMAIL__email_col_24,test_user57@test.com,DEFAULT
from_EMAIL__email_col_24,alice8@mail.cn,DEFAULT
from_EMAIL__email_col_24,bob73@corp.com,DEFAULT
from_EMAIL__email_col_24,bob23@example.org,DEFAULT
from_EMAIL__email_col_24,bob75@corp.com,DEFAULT
from_EMAIL__email_col_25,lisi86@mail.cn,DEFAULT
from_EMAIL__email_col_25,test_user10@example.org,DEFAULT
from_EMAIL__email_col_25,zhangsan82@mail.cn,DEFAULT
from_EMAIL__email_col_25,test_user59@mail.cn,DEFAULT
from_EMAIL__email_col_25,bob62@corp.com,DEFAULT
from_EMAIL__email_col_26,alice78@test.com,DEFAULT
from_EMAIL__email_col_26,bob80@example.org,DEFAULT
from_EMAIL__email_col_26,test_user81@example.org,DEFAULT
from_EMAIL__email_col_26,zhangsan5@corp.com,DEFAULT
from_EMAIL__email_col_26,test_user12@example.org,DEFAULT
from_EMAIL__email_col_26,zhangsan23@corp.com,DEFAULT
from_EMAIL__email_col_27,zhangsan22@mail.cn,DEFAULT
from_EMAIL__email_col_27,zhangsan15@mail.cn,DEFAULT
from_EMAIL__email_col_27,alice97@example.org,DEFAULT
from_EMAIL__email_col_27,test_user72@corp.com,DEFAULT
from_EMAIL__email_col_27,lisi34@test.com,DEFAULT
from_EMAIL__email_col_27,lisi87@mail.cn,DEFAULT
from_EMAIL__email_col_27,zhangsan82@corp.com,DEFAULT
from_EMAIL__email_col_27,alice61@example.org,DEFAULT
from_EMAIL__email_col_28,lisi84@mail.cn,DEFAULT
from_EMAIL__email_col_28,bob5@test.com,DEFAULT
from_EMAIL__email_col_28,bob59@corp.com,DEFAULT
from_EMAIL__email_col_28,test_user76@corp.com,DEFAULT
from_EMAIL__email_col_28,bob84@corp.com,DEFAULT
from_EMAIL__email_col_29,zhangsan89@test.com,DEFAULT
from_EMAIL__email_col_29,lisi31@corp.com,DEFAULT
from_EMAIL__email_col_29,alice70@mail.cn,DEFAULT
from_EMAIL__email_col_29,test_user8@mail.cn,DEFAULT
from_EMAIL__email_col_29,bob59@test.com,DEFAULT
from_EMAIL__email_col_29,wangwu7@test.com,DEFAULT
from_EMAIL__email_col_29,bob73@example.org,DEFAULT
from_EMAIL__email_col_30,bob19@mail.cn,DEFAULT
from_EMAIL__email_col_30,wangwu36@test.com,DEFAULT
from_EMAIL__email_col_30,bob70@example.org,DEFAULT
from_EMAIL__email_col_30,bob3@mail.cn,DEFAULT
from_EMAIL__email_col_30,test_user61@test.com,DEFAULT
from_EMAIL__email_col_31,zhangsan58@test.com,DEFAULT
from_EMAIL__email_col_31,wangwu94@test.com,DEFAULT
from_EMAIL__email_col_31,alice62@test.com,DEFAULT
from_EMAIL__email_col_31,lisi63@test.com,DEFAULT
from_EMAIL__email_col_31,lisi11@test.com,DEFAULT
from_EMAIL__email_col_31,wangwu49@mail.cn,DEFAULT
from_EMAIL__email_col_31,wangwu59@mail.cn,DEFAULT
from_EMAIL__email_col_32,lisi90@test.com,DEFAULT
from_EMAIL__email_col_32,wangwu56@example.org,DEFAULT
from_EMAIL__email_col_32,bob44@corp.com,DEFAULT
from_EMAIL__email_col_32,lisi94@corp.com,DEFAULT
from_EMAIL__email_col_32,bob9@corp.com,DEFAULT
from_EMAIL__email_col_33,zhangsan72@example.org,DEFAULT
from_EMAIL__email_col_33,test_user53@test.com,DEFAULT
from_EMAIL__email_col_33,test_user93@corp.com,DEFAULT
from_EMAIL__email_col_33,zhangsan74@test.com,DEFAULT
from_EMAIL__email_col_33,bob29@corp.com,DEFAULT
from_EMAIL__email_col_33,wangwu55@example.org,DEFAULT
from_EMAIL__email_col_33,wangwu78@test.com,DEFAULT
from_EMAIL__email_col_34,test_user4@mail.cn,DEFAULT
from_EMAIL__email_col_34,zhangsan1@mail.cn,DEFAULT
from_EMAIL__email_col_34,lisi19@test.com,DEFAULT
from_EMAIL__email_col_34,alice96@test.com,DEFAULT
from_EMAIL__email_col_34,lisi59@corp.com,DEFAULT
from_EMAIL__email_col_35,wangwu54@corp.com,DEFAULT
from_EMAIL__email_col_35,lisi6@mail.cn,DEFAULT
from_EMAIL__email_col_36,zhangsan42@mail.cn,DEFAULT
from_EMAIL__email_col_36,bob49@example.org,DEFAULT
from_EMAIL__email_col_36,bob10@mail.cn,DEFAULT
from_EMAIL__email_col_36,test_user56@test.com,DEFAULT
from_EMAIL__email_col_36,wangwu74@corp.com,DEFAULT
from_EMAIL__email_col_36,test_user38@corp.com,DEFAULT
from_EMAIL__email_col_37,bob89@corp.com,DEFAULT
from_EMAIL__email_col_37,alice14@corp.com,DEFAULT
from_EMAIL__email_col_37,alice40@corp.com,DEFAULT
from_EMAIL__email_col_37,bob22@mail.cn,DEFAULT
from_EMAIL__email_col_37,test_user31@example.org,DEFAULT
from_EMAIL__email_col_38,wangwu88@corp.com,DEFAULT
from_EMAIL__email_col_38,wangwu81@mail.cn,DEFAULT
from_EMAIL__email_col_38,zhangsan46@test.com,DEFAULT
from_EMAIL__email_col_38,zhangsan58@corp.com,DEFAULT
from_EMAIL__email_col_39,alice79@test.com,DEFAULT
from_EMAIL__email_col_39,lisi75@corp.com,DEFAULT
from_EMAIL__email_col_39,test_user58@test.com,DEFAULT
from_EMAIL__email_col_39,wangwu42@example.org,DEFAULT
from_EMAIL__email_col_39,wangwu8@example.org,DEFAULT
from_EMAIL__email_col_39,zhangsan65@test.com,DEFAULT
from_EMAIL__email_col_39,lisi47@example.org,DEFAULT
from_EMAIL__email_col_39,zhangsan53@corp.com,DEFAULT
from_EMAIL__email_col_39,test_user81@test.com,DEFAULT
from_EMAIL__email_col_40,alice13@mail.cn,DEFAULT
from_EMAIL__email_col_40,lisi33@mail.cn,DEFAULT
from_EMAIL__email_col_40,test_user43@example.org,DEFAULT
from_EMAIL__email_col_40,alice72@mail.cn,DEFAULT
from_EMAIL__email_col_40,zhangsan86@example.org,DEFAULT
from_EMAIL__email_col_40,test_user83@test.com,DEFAULT
from_EMAIL__email_col_41,wangwu3@mail.cn,DEFAULT
from_EMAIL__email_col_41,bob44@example.org,DEFAULT
from_EMAIL__email_col_41,lisi29@example.org,DEFAULT
from_EMAIL__email_col_41,bob38@test.com,DEFAULT
from_EMAIL__email_col_41,alice85@test.com,DEFAULT
from_EMAIL__email_col_41,wangwu93@example.org,DEFAULT
from_EMAIL__email_col_42,lisi97@mail.cn,DEFAULT
from_EMAIL__email_col_42,lisi69@example.org,DEFAULT
from_EMAIL__email_col_42,bob87@mail.cn,DEFAULT
from_EMAIL__email_col_42,lisi99@corp.com,DEFAULT
from_EMAIL__email_col_42,lisi26@example.org,DEFAULT
from_EMAIL__email_col_42,bob7@mail.cn,DEFAULT
from_EMAIL__email_col_42,zhangsan92@test.com,DEFAULT
from_EMAIL__email_col_42,alice11@mail.cn,DEFAULT
from_EMAIL__email_col_43,zhangsan66@corp.com,DEFAULT
from_EMAIL__email_col_43,zhangsan54@test.com,DEFAULT
from_EMAIL__email_col_43,lisi48@test.com,DEFAULT
from_EMAIL__email_col_43,test_user19@mail.cn,DEFAULT
from_EMAIL__email_col_43,lisi98@example.org,DEFAULT
from_EMAIL__email_col_44,wangwu15@corp.com,DEFAULT
from_EMAIL__email_col_44,bob16@mail.cn,DEFAULT
from_EMAIL__email_col_44,wangwu9@corp.com,DEFAULT
from_EMAIL__email_col_44,alice92@example.org,DEFAULT
from_EMAIL__email_col_45,wangwu50@test.com,DEFAULT
from_EMAIL__email_col_45,alice48@corp.com,DEFAULT
from_EMAIL__email_col_45,alice31@mail.cn,DEFAULT
from_EMAIL__email_col_45,test_user99@test.com,DEFAULT
from_EMAIL__email_col_45,zhangsan6@example.org,DEFAULT
from_EMAIL__email_col_46,zhangsan88@example.org,DEFAULT
from_EMAIL__email_col_46,test_user81@corp.com,DEFAULT
from_EMAIL__email_col_46,zhangsan66@mail.cn,DEFAULT
from_EMAIL__email_col_46,wangwu33@corp.com,DEFAULT
from_EMAIL__email_col_47,alice35@mail.cn,DEFAULT
from_EMAIL__email_col_47,lisi50@corp.com,DEFAULT
from_EMAIL__email_col_47,lisi67@mail.cn,DEFAULT
from_EMAIL__email_col_47,alice78@corp.com,DEFAULT
from_EMAIL__email_col_47,bob42@mail.cn,DEFAULT
from_EMAIL__email_col_47,zhangsan78@corp.com,DEFAULT
from_EMAIL__email_col_48,bob45@corp.com,DEFAULT
from_EMAIL__email_col_48,zhangsan10@test.com,DEFAULT
from_EMAIL__email_col_48,lisi66@mail.cn,DEFAULT
from_EMAIL__email_col_48,test_user4@example.org,DEFAULT
from_EMAIL__email_col_48,lisi17@test.com,DEFAULT
from_EMAIL__email_col_48,lisi78@test.com,DEFAULT
from_EMAIL__email_col_49,zhangsan98@corp.com,DEFAULT
from_EMAIL__email_col_49,test_user28@corp.com,DEFAULT
from_EMAIL__email_col_49,zhangsan26@corp.com,DEFAULT
from_EMAIL__email_col_49,test_user12@corp.com,DEFAULT
from_EMAIL__email_col_50,zhangsan91@mail.cn,DEFAULT
from_EMAIL__email_col_50,test_user47@example.org,DEFAULT
from_EMAIL__email_col_50,alice18@example.org,DEFAULT
from_EMAIL__email_col_50,lisi79@example.org,DEFAULT
from_EMAIL__email_col_50,alice51@mail.cn,DEFAULT
from_EMAIL__email_col_50,test_user68@corp.com,DEFAULT
from_EMAIL__email_col_51,wangwu17@mail.cn,DEFAULT
from_EMAIL__email_col_51,wangwu99@example.org,DEFAULT
from_EMAIL__email_col_51,lisi16@test.com,DEFAULT
from_EMAIL__email_col_51,zhangsan21@example.org,DEFAULT
from_EMAIL__email_col_51,alice26@mail.cn,DEFAULT
from_EMAIL__email_col_52,wangwu65@test.com,DEFAULT
from_EMAIL__email_col_52,wangwu22@example.org,DEFAULT
from_EMAIL__email_col_52,test_user73@mail.cn,DEFAULT
from_EMAIL__email_col_52,zhangsan99@example.org,DEFAULT
from_EMAIL__email_col_52,wangwu64@test.com,DEFAULT
from_EMAIL__email_col_52,wangwu83@mail.cn,DEFAULT
from_EMAIL__email_col_52,lisi88@example.org,DEFAULT
from_EMAIL__email_col_52,lisi89@test.com,DEFAULT
from_EMAIL__email_col_53,lisi44@example.org,DEFAULT
from_EMAIL__email_col_53,zhangsan94@mail.cn,DEFAULT
from_EMAIL__email_col_53,zhangsan17@corp.com,DEFAULT
from_EMAIL__email_col_53,wangwu41@test.com,DEFAULT
from_EMAIL__email_col_53,lisi21@example.org,DEFAULT
from_EMAIL__email_col_54,wangwu25@mail.cn,DEFAULT
from_EMAIL__email_col_54,lisi64@corp.com,DEFAULT
from_EMAIL__email_col_54,lisi12@test.com,DEFAULT
from_EMAIL__email_col_54,wangwu31@corp.com,DEFAULT
from_EMAIL__email_col_54,test_user37@corp.com,DEFAULT
from_EMAIL__email_col_54,alice18@corp.com,DEFAULT
from_EMAIL__email_col_54,test_user98@mail.cn,DEFAULT
from_EMAIL__email_col_54,alice7@corp.com,DEFAULT
from_EMAIL__email_col_55,bob71@mail.cn,DEFAULT
from_EMAIL__email_col_55,wangwu80@mail.cn,DEFAULT
from_EMAIL__email_col_55,alice13@example.org,DEFAULT
from_EMAIL__email_col_56,user654@mail.cn,DEFAULT
from_EMAIL__email_col_56,user655@mail.cn,DEFAULT
from_EMAIL__email_col_56,user656@corp.com,DEFAULT
from_EMAIL__email_col_56,user657@demo.net,DEFAULT
from_EMAIL__email_col_56,user658@corp.com,DEFAULT
from_EMAIL__email_col_56,user659@mail.cn,DEFAULT
from_EMAIL__email_col_56,user660@mail.cn,DEFAULT
from_EMAIL__email_col_56,user661@example.org,DEFAULT
from_EMAIL__email_col_56,user662@test.com,DEFAULT
from_EMAIL__email_col_56,user663@demo.net,DEFAULT
from_EMAIL__email_col_57,user664@demo.net,DEFAULT
from_EMAIL__email_col_57,user665@mail.cn,DEFAULT
from_EMAIL__email_col_57,user666@demo.net,DEFAULT
from_EMAIL__email_col_57,user667@test.com,DEFAULT
from_EMAIL__email_col_57,user668@corp.com,DEFAULT
from_EMAIL__email_col_57,user669@corp.com,DEFAULT
from_EMAIL__email_col_57,user670@demo.net,DEFAULT
from_EMAIL__email_col_57,user671@mail.cn,DEFAULT
from_EMAIL__email_col_57,user672@mail.cn,DEFAULT
from_EMAIL__email_col_57,user673@test.com,DEFAULT
from_EMAIL__email_col_58,user674@test.com,DEFAULT
from_EMAIL__email_col_58,user675@corp.com,DEFAULT
from_EMAIL__email_col_58,user676@example.org,DEFAULT
from_EMAIL__email_col_58,user677@corp.com,DEFAULT
from_EMAIL__email_col_58,user678@example.org,DEFAULT
from_EMAIL__email_col_58,user679@demo.net,DEFAULT
from_EMAIL__email_col_58,user680@mail.cn,DEFAULT
from_EMAIL__email_col_58,user681@demo.net,DEFAULT
from_EMAIL__email_col_58,user682@demo.net,DEFAULT
from_EMAIL__email_col_58,user683@example.org,DEFAULT
from_EMAIL__email_col_59,user684@mail.cn,DEFAULT
from_EMAIL__email_col_59,user685@corp.com,DEFAULT
from_EMAIL__email_col_59,user686@mail.cn,DEFAULT
from_EMAIL__email_col_59,user687@test.com,DEFAULT
from_EMAIL__email_col_59,user688@mail.cn,DEFAULT
from_EMAIL__email_col_59,user689@test.com,DEFAULT
from_EMAIL__email_col_59,user690@corp.com,DEFAULT
from_EMAIL__email_col_59,user691@test.com,DEFAULT
from_EMAIL__email_col_59,user692@example.org,DEFAULT
from_EMAIL__email_col_59,user693@mail.cn,DEFAULT
from_EMAIL__email_col_60,user694@demo.net,DEFAULT
from_EMAIL__email_col_60,user695@test.com,DEFAULT
from_EMAIL__email_col_60,user696@test.com,DEFAULT
from_EMAIL__email_col_60,user697@corp.com,DEFAULT
from_EMAIL__email_col_60,user698@mail.cn,DEFAULT
from_EMAIL__email_col_60,user699@test.com,DEFAULT
from_EMAIL__email_col_60,user700@corp.com,DEFAULT
from_EMAIL__email_col_60,user701@mail.cn,DEFAULT
from_EMAIL__email_col_60,user702@test.com,DEFAULT
from_EMAIL__email_col_60,user703@test.com,DEFAULT
from_EMAIL__email_col_61,user704@mail.cn,DEFAULT
from_EMAIL__email_col_61,user705@example.org,DEFAULT
from_EMAIL__email_col_61,user706@mail.cn,DEFAULT
from_EMAIL__email_col_61,user707@mail.cn,DEFAULT
from_EMAIL__email_col_61,user708@demo.net,DEFAULT
from_EMAIL__email_col_61,user709@demo.net,DEFAULT
from_EMAIL__email_col_61,user710@example.org,DEFAULT
from_EMAIL__email_col_61,user711@test.com,DEFAULT
from_EMAIL__email_col_61,user712@mail.cn,DEFAULT
from_EMAIL__email_col_61,user713@example.org,DEFAULT
from_EMAIL__email_col_62,user714@example.org,DEFAULT
from_EMAIL__email_col_62,user715@corp.com,DEFAULT
from_EMAIL__email_col_62,user716@demo.net,DEFAULT
from_EMAIL__email_col_62,user717@test.com,DEFAULT
from_EMAIL__email_col_62,user718@mail.cn,DEFAULT
from_EMAIL__email_col_62,user719@example.org,DEFAULT
from_EMAIL__email_col_62,user720@test.com,DEFAULT
from_EMAIL__email_col_62,user721@corp.com,DEFAULT
from_EMAIL__email_col_62,user722@mail.cn,DEFAULT
from_EMAIL__email_col_62,user723@example.org,DEFAULT
from_EMAIL__email_col_63,user724@corp.com,DEFAULT
from_EMAIL__email_col_63,user725@corp.com,DEFAULT
from_EMAIL__email_col_63,user726@corp.com,DEFAULT
from_EMAIL__email_col_63,user727@test.com,DEFAULT
from_EMAIL__email_col_63,user728@mail.cn,DEFAULT
from_EMAIL__email_col_63,user729@mail.cn,DEFAULT
from_EMAIL__email_col_63,user730@demo.net,DEFAULT
from_EMAIL__email_col_63,user731@mail.cn,DEFAULT
from_EMAIL__email_col_63,user732@example.org,DEFAULT
from_EMAIL__email_col_63,user733@demo.net,DEFAULT
from_EMAIL__email_col_64,user734@corp.com,DEFAULT
from_EMAIL__email_col_64,user735@mail.cn,DEFAULT
from_EMAIL__email_col_64,user736@demo.net,DEFAULT
from_EMAIL__email_col_64,user737@example.org,DEFAULT
from_EMAIL__email_col_64,user738@example.org,DEFAULT
from_EMAIL__email_col_64,user739@mail.cn,DEFAULT
from_EMAIL__email_col_64,user740@example.org,DEFAULT
from_EMAIL__email_col_64,user741@corp.com,DEFAULT
from_EMAIL__email_col_64,user742@demo.net,DEFAULT
from_EMAIL__email_col_64,user743@example.org,DEFAULT
from_EMAIL__email_col_65,user744@mail.cn,DEFAULT
from_EMAIL__email_col_65,user745@mail.cn,DEFAULT
from_EMAIL__email_col_65,user746@test.com,DEFAULT
from_EMAIL__email_col_65,user747@mail.cn,DEFAULT
from_EMAIL__email_col_65,user748@demo.net,DEFAULT
from_EMAIL__email_col_65,user749@corp.com,DEFAULT
from_EMAIL__email_col_65,user750@demo.net,DEFAULT
from_EMAIL__email_col_65,user751@example.org,DEFAULT
from_EMAIL__email_col_65,user752@corp.com,DEFAULT
from_EMAIL__email_col_65,user753@corp.com,DEFAULT
from_EMAIL__email_col_66,user754@test.com,DEFAULT
from_EMAIL__email_col_66,user755@example.org,DEFAULT
from_EMAIL__email_col_66,user756@demo.net,DEFAULT
from_EMAIL__email_col_66,user757@corp.com,DEFAULT
from_EMAIL__email_col_66,user758@mail.cn,DEFAULT
from_EMAIL__email_col_66,user759@demo.net,DEFAULT
from_EMAIL__email_col_66,user760@mail.cn,DEFAULT
from_EMAIL__email_col_66,user761@corp.com,DEFAULT
from_EMAIL__email_col_66,user762@mail.cn,DEFAULT
from_EMAIL__email_col_66,user763@corp.com,DEFAULT
from_EMAIL__email_col_67,user764@corp.com,DEFAULT
from_EMAIL__email_col_67,user765@corp.com,DEFAULT
from_EMAIL__email_col_67,user766@corp.com,DEFAULT
from_EMAIL__email_col_67,user767@corp.com,DEFAULT
from_EMAIL__email_col_67,user768@test.com,DEFAULT
from_EMAIL__email_col_67,user769@demo.net,DEFAULT
from_EMAIL__email_col_67,user770@test.com,DEFAULT
from_EMAIL__email_col_67,user771@corp.com,DEFAULT
from_EMAIL__email_col_67,user772@test.com,DEFAULT
from_EMAIL__email_col_67,user773@example.org,DEFAULT
from_EMAIL__email_col_68,user774@demo.net,DEFAULT
from_EMAIL__email_col_68,user775@mail.cn,DEFAULT
from_EMAIL__email_col_68,user776@example.org,DEFAULT
from_EMAIL__email_col_68,user777@demo.net,DEFAULT
from_EMAIL__email_col_68,user778@demo.net,DEFAULT
from_EMAIL__email_col_68,user779@mail.cn,DEFAULT
from_EMAIL__email_col_68,user780@example.org,DEFAULT
from_EMAIL__email_col_68,user781@demo.net,DEFAULT
from_EMAIL__email_col_68,user782@demo.net,DEFAULT
from_EMAIL__email_col_68,user783@demo.net,DEFAULT
from_EMAIL__email_col_69,user784@mail.cn,DEFAULT
from_EMAIL__email_col_69,user785@test.com,DEFAULT
from_EMAIL__email_col_69,user786@corp.com,DEFAULT
from_EMAIL__email_col_69,user787@example.org,DEFAULT
from_EMAIL__email_col_69,user788@corp.com,DEFAULT
from_EMAIL__email_col_69,user789@test.com,DEFAULT
from_EMAIL__email_col_69,user790@corp.com,DEFAULT
from_EMAIL__email_col_69,user791@demo.net,DEFAULT
from_EMAIL__email_col_69,user792@corp.com,DEFAULT
from_EMAIL__email_col_69,user793@test.com,DEFAULT
from_EMAIL__email_col_70,user794@test.com,DEFAULT
from_EMAIL__email_col_70,user795@test.com,DEFAULT
from_EMAIL__email_col_70,user796@mail.cn,DEFAULT
from_EMAIL__email_col_70,user797@test.com,DEFAULT
from_EMAIL__email_col_70,user798@mail.cn,DEFAULT
from_EMAIL__email_col_70,user799@demo.net,DEFAULT
from_EMAIL__email_col_70,user800@test.com,DEFAULT
from_EMAIL__email_col_70,user801@mail.cn,DEFAULT
from_EMAIL__email_col_70,user802@demo.net,DEFAULT
from_EMAIL__email_col_70,user803@corp.com,DEFAULT
from_EMAIL__email_col_71,user804@mail.cn,DEFAULT
from_EMAIL__email_col_71,user805@test.com,DEFAULT
from_EMAIL__email_col_71,user806@test.com,DEFAULT
from_EMAIL__email_col_71,user807@demo.net,DEFAULT
from_EMAIL__email_col_71,user808@demo.net,DEFAULT
from_EMAIL__email_col_71,user809@test.com,DEFAULT
from_EMAIL__email_col_71,user810@example.org,DEFAULT
from_EMAIL__email_col_71,user811@demo.net,DEFAULT
from_EMAIL__email_col_71,user812@example.org,DEFAULT
from_EMAIL__email_col_71,user813@demo.net,DEFAULT
from_EMAIL__email_col_72,user814@corp.com,DEFAULT
from_EMAIL__email_col_72,user815@example.org,DEFAULT
from_EMAIL__email_col_72,user816@example.org,DEFAULT
from_EMAIL__email_col_72,user817@example.org,DEFAULT
from_EMAIL__email_col_72,user818@mail.cn,DEFAULT
from_EMAIL__email_col_72,user819@mail.cn,DEFAULT
from_EMAIL__email_col_72,user820@test.com,DEFAULT
from_EMAIL__email_col_72,user821@corp.com,DEFAULT
from_EMAIL__email_col_72,user822@demo.net,DEFAULT
from_EMAIL__email_col_72,user823@example.org,DEFAULT
from_EMAIL__email_col_73,user824@test.com,DEFAULT
from_EMAIL__email_col_73,user825@test.com,DEFAULT
from_EMAIL__email_col_73,user826@test.com,DEFAULT
from_EMAIL__email_col_73,user827@example.org,DEFAULT
from_EMAIL__email_col_73,user828@demo.net,DEFAULT
from_EMAIL__email_col_73,user829@test.com,DEFAULT
from_EMAIL__email_col_73,user830@demo.net,DEFAULT
from_EMAIL__email_col_73,user831@test.com,DEFAULT
from_EMAIL__email_col_73,user832@example.org,DEFAULT
from_EMAIL__email_col_73,user833@example.org,DEFAULT
from_EMAIL__email_col_74,user834@test.com,DEFAULT
from_EMAIL__email_col_74,user835@corp.com,DEFAULT
from_EMAIL__email_col_74,user836@test.com,DEFAULT
from_EMAIL__email_col_74,user837@demo.net,DEFAULT
from_EMAIL__email_col_74,user838@corp.com,DEFAULT
from_EMAIL__email_col_74,user839@corp.com,DEFAULT
from_FUNDS_NAME__fund_name_col_1,华夏成长混合,DEFAULT
from_FUNDS_NAME__fund_name_col_1,中海可转债债券A,DEFAULT
from_FUNDS_NAME__fund_name_col_1,南方中证500ETF,DEFAULT
from_FUNDS_NAME__fund_name_col_1,易方达消费行业股票,DEFAULT
from_FUNDS_NAME__fund_name_col_1,广发稳健增长混合,DEFAULT
from_FUNDS_NAME__fund_name_col_1,华夏成长,DEFAULT
from_FUNDS_NAME__fund_name_col_1,易方达蓝筹,DEFAULT
from_FUNDS_NAME__fund_name_col_1,测试数据,DEFAULT
from_FUNDS_NAME__fund_name_col_2,华夏纯债债券C,DEFAULT
from_FUNDS_NAME__fund_name_col_2,招商安心收益债券,DEFAULT
from_FUNDS_NAME__fund_name_col_2,嘉实成长收益混合,DEFAULT
from_FUNDS_NAME__fund_name_col_2,富国天惠精选成长,DEFAULT
from_FUNDS_NAME__fund_name_col_2,中欧医疗健康混合,DEFAULT
from_FUNDS_NAME__fund_name_col_2,粤B12345,DEFAULT
from_FUNDS_NAME__fund_name_col_3,博时主题行业混合,DEFAULT
from_FUNDS_NAME__fund_name_col_3,鹏华创新未来混合,DEFAULT
from_FUNDS_NAME__fund_name_col_3,汇添富价值精选混合,DEFAULT
from_FUNDS_NAME__fund_name_col_3,银华富裕主题混合,DEFAULT
from_FUNDS_NAME__fund_name_col_3,中银策略混合,DEFAULT
from_FUNDS_NAME__fund_name_col_4,华安优选成长混合,DEFAULT
from_FUNDS_NAME__fund_name_col_4,大成景阳领先混合,DEFAULT
from_FUNDS_NAME__fund_name_col_4,交银精选混合,DEFAULT
from_FUNDS_NAME__fund_name_col_4,工银瑞信创新动力股票,DEFAULT
from_FUNDS_NAME__fund_name_col_4,景顺长城新兴成长混合,DEFAULT
from_FUNDS_NAME__fund_name_col_5,天弘余额宝货币,DEFAULT
from_FUNDS_NAME__fund_name_col_5,广发双擎升级混合,DEFAULT
from_FUNDS_NAME__fund_name_col_5,华泰柏瑞沪深300ETF,DEFAULT
from_FUNDS_NAME__fund_name_col_5,易方达蓝筹精选混合,DEFAULT
from_FUNDS_NAME__fund_name_col_5,中信保诚新兴产业混合,DEFAULT
from_FUNDS_NAME__fund_name_col_5,粤A88888,DEFAULT
from_FUNDS_NAME__fund_name_col_6,华宝中证科技龙头ETF,DEFAULT
from_FUNDS_NAME__fund_name_col_6,国泰中证全指证券公司ETF,DEFAULT
from_FUNDS_NAME__fund_name_col_6,华夏上证50ETF,DEFAULT
from_FUNDS_NAME__fund_name_col_6,南方原油LOF,DEFAULT
from_FUNDS_NAME__fund_name_col_6,易方达中小盘混合,DEFAULT
from_FUNDS_NAME__fund_name_col_7,华商新趋势优选混合,DEFAULT
from_FUNDS_NAME__fund_name_col_7,建信优选成长混合,DEFAULT
from_FUNDS_NAME__fund_name_col_7,兴全合润混合,DEFAULT
from_FUNDS_NAME__fund_name_col_7,中欧时代先锋股票,DEFAULT
from_FUNDS_NAME__fund_name_col_7,富国低碳环保混合,DEFAULT
from_FUNDS_NAME__fund_name_col_7,测试123,DEFAULT
from_FUNDS_NAME__fund_name_col_8,招商中证白酒指数分级,DEFAULT
from_FUNDS_NAME__fund_name_col_8,华安黄金ETF,DEFAULT
from_FUNDS_NAME__fund_name_col_8,国联安中证全指半导体ETF,DEFAULT
from_FUNDS_NAME__fund_name_col_8,广发科技先锋混合,DEFAULT
from_FUNDS_NAME__fund_name_col_8,嘉实新兴产业股票,DEFAULT
from_FUNDS_NAME__fund_name_col_9,华夏医疗健康混合,DEFAULT
from_FUNDS_NAME__fund_name_col_9,中欧互联网先锋混合,DEFAULT
from_FUNDS_NAME__fund_name_col_9,银华中证新能源指数,DEFAULT
from_FUNDS_NAME__fund_name_col_9,汇添富中证主要消费ETF,DEFAULT
from_FUNDS_NAME__fund_name_col_9,易方达中证红利ETF,DEFAULT
from_FUNDS_NAME__fund_name_col_10,华泰柏瑞量化增强混合,DEFAULT
from_FUNDS_NAME__fund_name_col_10,易方达稳健收益债券,DEFAULT
from_FUNDS_NAME__fund_name_col_10,南方创新成长混合,DEFAULT
from_FUNDS_NAME__fund_name_col_10,广发中证传媒ETF,DEFAULT
from_FUNDS_NAME__fund_name_col_10,博时信用债纯债,DEFAULT
from_FUNDS_NAME__fund_name_col_10,粤C12345,DEFAULT
from_FUNDS_NAME__fund_name_col_11,博时裕顺纯债债券A,DEFAULT
from_FUNDS_NAME__fund_name_col_11,易方达混合,DEFAULT
from_FUNDS_NAME__fund_name_col_11,南方成长混合,DEFAULT
from_FUNDS_NAME__fund_name_col_11,汇添富弘盛回报混合发起式C,DEFAULT
from_FUNDS_NAME__fund_name_col_11,交银稳利中短债债券C,DEFAULT
from_FUNDS_NAME__fund_name_col_11,富国瑞丰纯债债券A,DEFAULT
from_FUNDS_NAME__fund_name_col_12,易方达债券C,DEFAULT
from_FUNDS_NAME__fund_name_col_12,华夏股票,DEFAULT
from_FUNDS_NAME__fund_name_col_12,广发货币,DEFAULT
from_FUNDS_NAME__fund_name_col_12,华宝中证A500指数增强A,DEFAULT
from_FUNDS_NAME__fund_name_col_12,工银瑞信添慧债券A,DEFAULT
from_FUNDS_NAME__fund_name_col_13,长盛盛康纯债E,DEFAULT
from_FUNDS_NAME__fund_name_col_13,泓德战略转型股票,DEFAULT
from_FUNDS_NAME__fund_name_col_13,博时双月乐60天持有期债券A,DEFAULT
from_FUNDS_NAME__fund_name_col_13,南方债券C,DEFAULT
from_FUNDS_NAME__fund_name_col_13,南方混合,DEFAULT
from_FUNDS_NAME__fund_name_col_13,博时创新驱动混合A,DEFAULT
from_FUNDS_NAME__fund_name_col_13,华夏货币,DEFAULT
from_FUNDS_NAME__fund_name_col_14,广发中证A50ETF联接A,DEFAULT
from_FUNDS_NAME__fund_name_col_14,华夏臻选回报混合A,DEFAULT
from_FUNDS_NAME__fund_name_col_14,红塔红土瑞祥纯债C,DEFAULT
from_FUNDS_NAME__fund_name_col_14,海富通新内需混合D,DEFAULT
from_FUNDS_NAME__fund_name_col_14,南方上证180ETF发起联接C,DEFAULT
from_FUNDS_NAME__fund_name_col_14,宝盈货币B,DEFAULT
from_FUNDS_NAME__fund_name_col_14,安信深圳科技指数(LOF)A,DEFAULT
from_FUNDS_NAME__fund_name_col_15,交银双轮动债券C,DEFAULT
from_FUNDS_NAME__fund_name_col_15,方正富邦瑞实90天持有期债券A,DEFAULT
from_FUNDS_NAME__fund_name_col_15,诺德短债D,DEFAULT
from_FUNDS_NAME__fund_name_col_15,摩根安通回报混合A,DEFAULT
from_FUNDS_NAME__fund_name_col_15,东海祥龙(LOF)A,DEFAULT
from_FUNDS_NAME__fund_name_col_15,万家民瑞祥明6个月持有混合C,DEFAULT
from_FUNDS_NAME__fund_name_col_16,华夏精选混合,DEFAULT
from_FUNDS_NAME__fund_name_col_16,嘉实商业银行精选债券A,DEFAULT
from_FUNDS_NAME__fund_name_col_16,浙商汇金聚瑞债券A,DEFAULT
from_FUNDS_NAME__fund_name_col_16,汇添富短债债券D,DEFAULT
from_FUNDS_NAME__fund_name_col_16,华安恒生港股通中国央企红利ETF,DEFAULT
from_FUNDS_NAME__fund_name_col_16,嘉实现金宝货币A,DEFAULT
from_FUNDS_NAME__fund_name_col_16,易方达财富快线货币C,DEFAULT
from_FUNDS_NAME__fund_name_col_17,农银汇理金穗纯债3个月定开债,DEFAULT
from_FUNDS_NAME__fund_name_col_17,天弘悦利债券C,DEFAULT
from_FUNDS_NAME__fund_name_col_17,华夏中证500自由现金流ETF联接C,DEFAULT
from_FUNDS_NAME__fund_name_col_17,中欧丰利债券A,DEFAULT
from_FUNDS_NAME__fund_name_col_17,银华富裕主题混合A,DEFAULT
from_FUNDS_NAME__fund_name_col_17,华夏新兴经济一年持有混合A,DEFAULT
from_FUNDS_NAME__fund_name_col_18,博时上证科创板100ETF联接A,DEFAULT
from_FUNDS_NAME__fund_name_col_18,中信保诚货币E,DEFAULT
from_FUNDS_NAME__fund_name_col_18,广发债券A,DEFAULT
from_FUNDS_NAME__fund_name_col_18,南方债券A,DEFAULT
from_FUNDS_NAME__fund_name_col_19,弘毅远方汽车产业升级混合A,DEFAULT
from_FUNDS_NAME__fund_name_col_19,国联融誉双华6个月持有债券C,DEFAULT
from_FUNDS_NAME__fund_name_col_19,华富中债1-3年国开债C,DEFAULT
from_FUNDS_NAME__fund_name_col_19,富国创业板软件ETF,DEFAULT
from_FUNDS_NAME__fund_name_col_19,华夏融盛可持续一年持有混合C,DEFAULT
from_FUNDS_NAME__fund_name_col_19,博时恒生医疗保健(QDII-ETF),DEFAULT
from_FUNDS_NAME__fund_name_col_19,国融稳泰纯债债券A,DEFAULT
from_FUNDS_NAME__fund_name_col_19,天弘上证科创板100指数增强发起A,DEFAULT
from_FUNDS_NAME__fund_name_col_19,招商股票,DEFAULT
from_FUNDS_NAME__fund_name_col_20,华夏创业板价值ETF,DEFAULT
from_FUNDS_NAME__fund_name_col_20,中欧债券C,DEFAULT
from_FUNDS_NAME__fund_name_col_20,易方达股票,DEFAULT
from_FUNDS_NAME__fund_name_col_20,广发集轩债券A,DEFAULT
from_FUNDS_NAME__fund_name_col_20,建信信用增强债券(LOF)C,DEFAULT
from_FUNDS_NAME__fund_name_col_20,国联恒通纯债A,DEFAULT
from_FUNDS_NAME__fund_name_col_21,建信泓利一年持有期债券,DEFAULT
from_FUNDS_NAME__fund_name_col_21,华夏债券A,DEFAULT
from_FUNDS_NAME__fund_name_col_21,浦银安盛安裕回报一年持有混合A,DEFAULT
from_FUNDS_NAME__fund_name_col_21,广发ETF,DEFAULT
from_FUNDS_NAME__fund_name_col_21,中欧上证科创板综合指数C,DEFAULT
from_FUNDS_NAME__fund_name_col_21,南方浩升稳健优选6个月持有混合(FOF)C,DEFAULT
from_FUNDS_NAME__fund_name_col_22,光大专精特新混合A,DEFAULT
from_FUNDS_NAME__fund_name_col_22,汇添富稳进双盈一年持有混合,DEFAULT
from_FUNDS_NAME__fund_name_col_22,鹏华创新升级混合C,DEFAULT
from_FUNDS_NAME__fund_name_col_22,中欧债券A,DEFAULT
from_FUNDS_NAME__fund_name_col_22,招商景气精选股票C,DEFAULT
from_FUNDS_NAME__fund_name_col_22,国泰中证光伏产业ETF发起联接C,DEFAULT
from_FUNDS_NAME__fund_name_col_22,永赢数字经济智选混合发起C,DEFAULT
from_FUNDS_NAME__fund_name_col_23,安信宝利债券(LOF)C,DEFAULT
from_FUNDS_NAME__fund_name_col_23,招商债券C,DEFAULT
from_FUNDS_NAME__fund_name_col_23,南方上海金ETF联接I,DEFAULT
from_FUNDS_NAME__fund_name_col_23,同泰恒利纯债C,DEFAULT
from_FUNDS_NAME__fund_name_col_23,南方创业板ETF联接A,DEFAULT
from_FUNDS_NAME__fund_name_col_23,东方红中证优势成长指数发起A,DEFAULT
from_FUNDS_NAME__fund_name_col_24,诺安鼎利混合A,DEFAULT
from_FUNDS_NAME__fund_name_col_24,鹏华产业精选混合C,DEFAULT
from_FUNDS_NAME__fund_name_col_24,长城国企优选混合发起式C,DEFAULT
from_FUNDS_NAME__fund_name_col_24,中信建投稳裕定开债C,DEFAULT
from_FUNDS_NAME__fund_name_col_24,华安日日鑫货币A,DEFAULT
from_FUNDS_NAME__fund_name_col_24,中欧国证消费电子主题指数发起A,DEFAULT
from_FUNDS_NAME__fund_name_col_24,国富港股通远见价值混合A,DEFAULT
from_FUNDS_NAME__fund_name_col_24,创金合信先进装备股票C,DEFAULT
from_FUNDS_NAME__fund_name_col_24,富国中证绿色电力ETF,DEFAULT
from_FUNDS_NAME__fund_name_col_25,中信保诚嘉盛三个月定开债券A,DEFAULT
from_FUNDS_NAME__fund_name_col_25,合煦智远欣悦利率债A,DEFAULT
from_FUNDS_NAME__fund_name_col_25,永赢北证50成份指数发起A,DEFAULT
from_FUNDS_NAME__fund_name_col_25,嘉实恒生科技ETF(QDII),DEFAULT
from_FUNDS_NAME__fund_name_col_25,尚正新能源产业混合C,DEFAULT
from_FUNDS_NAME__fund_name_col_25,兴业稳泰66个月定开债券,DEFAULT
from_FUNDS_NAME__fund_name_col_25,兴银聚丰债券E,DEFAULT
from_FUNDS_NAME__fund_name_col_25,万家稳航90天持有期债券A,DEFAULT
from_FUNDS_NAME__fund_name_col_25,博时货币,DEFAULT
from_FUNDS_NAME__fund_name_col_25,中银智能制造股票C,DEFAULT
from_FUNDS_NAME__fund_name_col_26,国寿安保安弘纯债一年定开债,DEFAULT
from_FUNDS_NAME__fund_name_col_26,南方ETF,DEFAULT
from_FUNDS_NAME__fund_name_col_26,博时精选混合,DEFAULT
from_FUNDS_NAME__fund_name_col_26,融通医疗保健行业混合A/B(后端),DEFAULT
from_FUNDS_NAME__fund_name_col_26,创金合信利泽纯债债券C,DEFAULT
from_FUNDS_NAME__fund_name_col_27,上银医疗创新混合发起式C,DEFAULT
from_FUNDS_NAME__fund_name_col_27,嘉实新兴科技100ETF联接A,DEFAULT
from_FUNDS_NAME__fund_name_col_27,易方达ETF,DEFAULT
from_FUNDS_NAME__fund_name_col_27,平安上证科创板50成份ETF,DEFAULT
from_FUNDS_NAME__fund_name_col_27,中邮货币C,DEFAULT
from_FUNDS_NAME__fund_name_col_28,华宝安元债券D,DEFAULT
from_FUNDS_NAME__fund_name_col_28,易方达中证龙头企业指数A,DEFAULT
from_FUNDS_NAME__fund_name_col_28,天弘沪深300指数增强发起E,DEFAULT
from_FUNDS_NAME__fund_name_col_28,易方达货币,DEFAULT
from_FUNDS_NAME__fund_name_col_28,浙商日添金货币B,DEFAULT
from_FUNDS_NAME__fund_name_col_29,国寿安保研究精选混合A,DEFAULT
from_FUNDS_NAME__fund_name_col_29,国金安和债券C,DEFAULT
from_FUNDS_NAME__fund_name_col_29,兴银稳建90天持有期中短债C,DEFAULT
from_FUNDS_NAME__fund_name_col_29,大成恒丰宝货币A,DEFAULT
from_FUNDS_NAME__fund_name_col_30,宏利转型机遇股票A,DEFAULT
from_FUNDS_NAME__fund_name_col_30,长盛成长精选混合C,DEFAULT
from_FUNDS_NAME__fund_name_col_30,中银新机遇混合A,DEFAULT
from_FUNDS_NAME__fund_name_col_30,南方中证机器人ETF发起联接I,DEFAULT
from_FUNDS_NAME__fund_name_col_30,鹏华国证石油天然气ETF联接A,DEFAULT
from_FUNDS_NAME__fund_name_col_31,博时精选混合C,DEFAULT
from_FUNDS_NAME__fund_name_col_31,招商安泰平衡混合,DEFAULT
from_FUNDS_NAME__fund_name_col_31,广发全球精选股票(QDII)人民币F,DEFAULT
from_FUNDS_NAME__fund_name_col_31,浦银安盛数字经济混合C,DEFAULT
from_FUNDS_NAME__fund_name_col_31,财通资管鸿睿12个月定开债A,DEFAULT
from_FUNDS_NAME__fund_name_col_31,华泰保兴产业升级混合发起C,DEFAULT
from_FUNDS_NAME__fund_name_col_32,中银证券凌瑞6个月持有期混合A,DEFAULT
from_FUNDS_NAME__fund_name_col_32,浦银均衡优选6个月持有混合C,DEFAULT
from_FUNDS_NAME__fund_name_col_32,广发沪港深精选混合A,DEFAULT
from_FUNDS_NAME__fund_name_col_32,益民创新优势混合A,DEFAULT
from_FUNDS_NAME__fund_name_col_32,淳厚瑞和债券C,DEFAULT
from_FUNDS_NAME__fund_name_col_33,中欧成长混合,DEFAULT
from_FUNDS_NAME__fund_name_col_33,宏利沪深300指数A,DEFAULT
from_FUNDS_NAME__fund_name_col_33,国寿安保沪港深300ETF联接A,DEFAULT
from_FUNDS_NAME__fund_name_col_34,南方货币,DEFAULT
from_FUNDS_NAME__fund_name_col_34,华安CES港股通ETF,DEFAULT
from_FUNDS_NAME__fund_name_col_34,广发景明中短债A,DEFAULT
from_FUNDS_NAME__fund_name_col_34,中欧量化动力混合A,DEFAULT
from_FUNDS_NAME__fund_name_col_34,中信嘉鑫3个月定开债,DEFAULT
from_FUNDS_NAME__fund_name_col_34,南方精选混合,DEFAULT
from_FUNDS_NAME__fund_name_col_34,易方达裕如灵活配置混合C,DEFAULT
from_FUNDS_NAME__fund_name_col_34,华夏债券C,DEFAULT
from_FUNDS_NAME__fund_name_col_35,申万菱信安泰丰利债券A,DEFAULT
from_FUNDS_NAME__fund_name_col_35,易方达成长领航混合A,DEFAULT
from_FUNDS_NAME__fund_name_col_35,易方达成长混合,DEFAULT
from_FUNDS_NAME__fund_name_col_35,华泰柏瑞益享债券,DEFAULT
from_FUNDS_NAME__fund_name_col_35,太平日日金货币E,DEFAULT
from_FUNDS_NAME__fund_name_col_35,华泰柏瑞稳健收益债券C,DEFAULT
from_FUNDS_NAME__fund_name_col_36,银华盛泓债券E,DEFAULT
from_FUNDS_NAME__fund_name_col_36,华安中小盘成长混合,DEFAULT
from_FUNDS_NAME__fund_name_col_36,中欧价值优选混合A,DEFAULT
from_FUNDS_NAME__fund_name_col_36,中欧新能源主题混合发起A,DEFAULT
from_FUNDS_NAME__fund_name_col_36,富国资源精选混合发起式C,DEFAULT
from_FUNDS_NAME__fund_name_col_36,富国医疗保健行业混合A(后端),DEFAULT
from_FUNDS_NAME__fund_name_col_36,金鹰中小盘精选混合C,DEFAULT
from_FUNDS_NAME__fund_name_col_36,融通产业趋势臻选股票A,DEFAULT
from_FUNDS_NAME__fund_name_col_37,浙商智选价值混合A,DEFAULT
from_FUNDS_NAME__fund_name_col_37,博时富顺纯债债券C,DEFAULT
from_FUNDS_NAME__fund_name_col_37,易方达信用债债券D,DEFAULT
from_FUNDS_NAME__fund_name_col_37,中信建投景信债券A,DEFAULT
from_FUNDS_NAME__fund_name_col_37,西部利得量化成长混合A,DEFAULT
from_FUNDS_NAME__fund_name_col_37,招商ETF,DEFAULT
from_FUNDS_NAME__fund_name_col_37,国投瑞银北证50成份指数发起式C,DEFAULT
from_FUNDS_NAME__fund_name_col_38,东财光伏C,DEFAULT
from_FUNDS_NAME__fund_name_col_38,华夏ESG可持续投资一年持有混合C,DEFAULT
from_FUNDS_NAME__fund_name_col_38,农银汇理丰盈三年定开债,DEFAULT
from_FUNDS_NAME__fund_name_col_38,中欧精选混合,DEFAULT
from_FUNDS_NAME__fund_name_col_38,中欧国证2000指数增强A,DEFAULT
from_FUNDS_NAME__fund_name_col_38,百嘉百兴纯债债券A,DEFAULT
from_FUNDS_NAME__fund_name_col_39,交银境尚收益债券C,DEFAULT
from_FUNDS_NAME__fund_name_col_39,中欧恒生消费指数发起(QDII)C,DEFAULT
from_FUNDS_NAME__fund_name_col_39,东方红60天持有纯债A,DEFAULT
from_FUNDS_NAME__fund_name_col_39,华安中证国有企业红利ETF发起式联接A,DEFAULT
from_FUNDS_NAME__fund_name_col_39,万家欣远混合A,DEFAULT
from_FUNDS_NAME__fund_name_col_40,华安逆向策略混合C,DEFAULT
from_FUNDS_NAME__fund_name_col_40,富国全球健康生活主题混合(QDII)人民币C,DEFAULT
from_FUNDS_NAME__fund_name_col_40,广发债券C,DEFAULT
from_FUNDS_NAME__fund_name_col_40,中欧股票,DEFAULT
from_FUNDS_NAME__fund_name_col_40,万家国证港股通科技ETF发起式联接A,DEFAULT
from_FUNDS_NAME__fund_name_col_41,招商货币,DEFAULT
from_FUNDS_NAME__fund_name_col_41,招商成长混合,DEFAULT
from_FUNDS_NAME__fund_name_col_41,银华多利宝货币B,DEFAULT
from_FUNDS_NAME__fund_name_col_41,汇安嘉鑫纯债债券C,DEFAULT
from_FUNDS_NAME__fund_name_col_41,中欧ETF,DEFAULT
from_FUNDS_NAME__fund_name_col_42,金鹰增益货币E,DEFAULT
from_FUNDS_NAME__fund_name_col_42,景顺长城周期优选混合C,DEFAULT
from_FUNDS_NAME__fund_name_col_42,长安鑫悦消费混合A,DEFAULT
from_FUNDS_NAME__fund_name_col_42,汇添富高质量成长精选2年持有混合,DEFAULT
from_FUNDS_NAME__fund_name_col_42,上银慧享利30天滚动持有中短债发起C,DEFAULT
from_FUNDS_NAME__fund_name_col_42,中欧货币,DEFAULT
from_FUNDS_NAME__fund_name_col_42,华泰柏瑞沪深300ETF联接A,DEFAULT
from_FUNDS_NAME__fund_name_col_43,广发股票,DEFAULT
from_FUNDS_NAME__fund_name_col_43,嘉实商业银行精选债券D,DEFAULT
from_FUNDS_NAME__fund_name_col_43,华商医药医疗行业股票,DEFAULT
from_FUNDS_NAME__fund_name_col_43,民生加银品质消费股票A,DEFAULT
from_FUNDS_NAME__fund_name_col_43,建信中国制造2025股票A,DEFAULT
from_FUNDS_NAME__fund_name_col_43,华宸未来稳健添利债券C,DEFAULT
from_FUNDS_NAME__fund_name_col_44,长信金利趋势混合A(后端),DEFAULT
from_FUNDS_NAME__fund_name_col_44,博时中证港股通互联网ETF发起式联接C,DEFAULT
from_FUNDS_NAME__fund_name_col_44,鹏华中证金融科技主题ETF,DEFAULT
from_FUNDS_NAME__fund_name_col_44,富国亚洲收益债券(QDII)人民币A,DEFAULT
from_FUNDS_NAME__fund_name_col_44,易方达精选混合,DEFAULT
from_FUNDS_NAME__fund_name_col_44,中欧量化动能混合A,DEFAULT
from_FUNDS_NAME__fund_name_col_44,汇添富稳利60天短债A,DEFAULT
from_FUNDS_NAME__fund_name_col_45,鹏华中债-0-3年AA+优选信用债指数D,DEFAULT
from_FUNDS_NAME__fund_name_col_45,国联多元配置3个月持有混合(FOF)A,DEFAULT
from_FUNDS_NAME__fund_name_col_45,大成绝对收益策略混合C,DEFAULT
from_FUNDS_NAME__fund_name_col_45,南方优选价值混合H,DEFAULT
from_FUNDS_NAME__fund_name_col_45,国投瑞银创新医疗混合C,DEFAULT
from_FUNDS_NAME__fund_name_col_45,工银科创ETF联接E,DEFAULT
from_FUNDS_NAME__fund_name_col_45,中欧产业优选混合A,DEFAULT
from_FUNDS_NAME__fund_name_col_45,路博迈中债优选投资级信用债指数C,DEFAULT
from_FUNDS_NAME__fund_name_col_46,鑫元得利债券,DEFAULT
from_FUNDS_NAME__fund_name_col_47,平安中证汽车零部件主题ETF联接C,DEFAULT
from_FUNDS_NAME__fund_name_col_47,广发精选混合,DEFAULT
from_FUNDS_NAME__fund_name_col_47,交银趋势混合C,DEFAULT
from_FUNDS_NAME__fund_name_col_47,华泰柏瑞中证红利低波ETF,DEFAULT
from_FUNDS_NAME__fund_name_col_47,景顺长城景泰丰利纯债债券A,DEFAULT
from_FUNDS_NAME__fund_name_col_47,德邦价值优选混合C,DEFAULT
from_FUNDS_NAME__fund_name_col_48,国寿安保稳诚混合C,DEFAULT
from_FUNDS_NAME__fund_name_col_48,嘉实季季惠享3个月持有期纯债C,DEFAULT
from_FUNDS_NAME__fund_name_col_49,招商盛合灵活混合C,DEFAULT
from_FUNDS_NAME__fund_name_col_49,南方ESG股票C,DEFAULT
from_FUNDS_NAME__fund_name_col_49,前海开源量化优选A,DEFAULT
from_FUNDS_NAME__fund_name_col_49,财通资管优质研选混合发起式C,DEFAULT
from_FUNDS_NAME__fund_name_col_50,中信保诚稳达A,DEFAULT
from_FUNDS_NAME__fund_name_col_50,中银研究精选灵活配置混合C,DEFAULT
from_FUNDS_NAME__fund_name_col_50,富国宏观策略灵活配置混合C,DEFAULT
from_FUNDS_NAME__fund_name_col_50,招商中证A500ETF发起式联接C,DEFAULT
from_FUNDS_NAME__fund_name_col_50,景顺长城景气优选一年持有期混合C,DEFAULT
from_FUNDS_NAME__fund_name_col_51,兴业嘉福一年定开债券发起式,DEFAULT
from_FUNDS_NAME__fund_name_col_51,鹏华全球中短债(QDII)人民币A,DEFAULT
from_FUNDS_NAME__fund_name_col_51,万家港股通精选混合A,DEFAULT
from_FUNDS_NAME__fund_name_col_51,华富裕诚一年持有期债券D,DEFAULT
from_FUNDS_NAME__fund_name_col_51,博时债券C,DEFAULT
from_FUNDS_NAME__fund_name_col_51,金鹰灵活配置混合A,DEFAULT
from_FUNDS_NAME__fund_name_col_51,东兴兴利债券A,DEFAULT
from_FUNDS_NAME__fund_name_col_51,中欧混合,DEFAULT
from_FUNDS_NAME__fund_name_col_51,银河银信债券A,DEFAULT
from_FUNDS_NAME__fund_name_col_52,南华丰汇混合A,DEFAULT
from_FUNDS_NAME__fund_name_col_52,长城国证自由现金流指数A,DEFAULT
from_FUNDS_NAME__fund_name_col_52,兴业养老2035(FOF)A,DEFAULT
from_FUNDS_NAME__fund_name_col_52,摩根核心优选混合C,DEFAULT
from_FUNDS_NAME__fund_name_col_53,万家鑫橙纯债A,DEFAULT
from_FUNDS_NAME__fund_name_col_53,鑫元国证2000指数增强C,DEFAULT
from_FUNDS_NAME__fund_name_col_53,平安盈享多元配置6个月持有混合发起式(FOF)A,DEFAULT
from_FUNDS_NAME__fund_name_col_53,博时周期优选混合A,DEFAULT
from_FUNDS_NAME__fund_name_col_53,招商资管北证50成份指数发起C,DEFAULT
from_FUNDS_NAME__fund_name_col_53,平安惠复纯债A,DEFAULT
from_FUNDS_NAME__fund_name_col_54,建信睿享纯债债券A,DEFAULT
from_FUNDS_NAME__fund_name_col_54,广发港股通成长精选股票C,DEFAULT
from_FUNDS_NAME__fund_name_col_54,华夏MSCI中国A50互联互通ETF发起式联接A,DEFAULT
from_FUNDS_NAME__fund_name_col_54,兴银现金收益C,DEFAULT
from_FUNDS_NAME__fund_name_col_54,鹏扬聚利六个月持有期债券A,DEFAULT
from_FUNDS_NAME__fund_name_col_54,天弘中证科技100指数增强发起C,DEFAULT
from_FUNDS_NAME__fund_name_col_55,建信战略精选灵活配置混合C,DEFAULT
from_FUNDS_NAME__fund_name_col_55,信澳科技创新一年定开混合A,DEFAULT
from_FUNDS_NAME__fund_name_col_55,中信建投科技主题6个月持有混合C,DEFAULT
from_FUNDS_NAME__fund_name_col_55,景顺长城红利量化选股股票A,DEFAULT
from_FUNDS_NAME__fund_name_col_56,永赢国企机遇慧选混合发起A,DEFAULT
from_FUNDS_NAME__fund_name_col_56,长江智选3个月持有混合(FOF)A,DEFAULT
from_FUNDS_NAME__fund_name_col_56,财通资管睿盈债券A,DEFAULT
from_FUNDS_NAME__fund_name_col_56,鹏扬景泓回报灵活配置混合C,DEFAULT
from_FUNDS_NAME__fund_name_col_57,招商中国机遇股票A,DEFAULT
from_FUNDS_NAME__fund_name_col_57,建信上证50ETF,DEFAULT
from_FUNDS_NAME__fund_name_col_57,招商混合,DEFAULT
from_FUNDS_NAME__fund_name_col_57,东方红信用债债券C,DEFAULT
from_FUNDS_NAME__fund_name_col_57,国新国证鑫和利率债C,DEFAULT
from_FUNDS_NAME__fund_name_col_57,银华上证180ETF发起式联接A,DEFAULT
from_FUNDS_NAME__fund_name_col_57,博时债券A,DEFAULT
from_FUNDS_NAME__fund_name_col_57,浦银安盛新经济结构混合A,DEFAULT
from_FUNDS_NAME__fund_name_col_58,西部利得中债1-3年政金债指数C,DEFAULT
from_FUNDS_NAME__fund_name_col_58,平安合瑞定开债,DEFAULT
from_FUNDS_NAME__fund_name_col_58,融通人工智能指数(LOF)C,DEFAULT
from_FUNDS_NAME__fund_name_col_58,汇添富美丽30混合D,DEFAULT
from_FUNDS_NAME__fund_name_col_58,长江汇智量化选股混合发起C,DEFAULT
from_FUNDS_NAME__fund_name_col_58,富国均衡成长三年持有期混合A,DEFAULT
from_FUNDS_NAME__fund_name_col_59,博时富祥纯债债券C,DEFAULT
from_FUNDS_NAME__fund_name_col_60,博时46ETF,DEFAULT
from_FUNDS_NAME__fund_name_col_60,南方47债券C,DEFAULT
from_FUNDS_NAME__fund_name_col_60,富国48债券A,DEFAULT
from_FUNDS_NAME__fund_name_col_60,国泰聚信价值优势混合C,DEFAULT
from_FUNDS_NAME__fund_name_col_60,平安策略优选1年持有混合C,DEFAULT
from_FUNDS_NAME__fund_name_col_60,嘉实49精选混合,DEFAULT
from_FUNDS_NAME__fund_name_col_60,九泰天奕量化价值混合A,DEFAULT
from_FUNDS_NAME__fund_name_col_60,南方中证物联网主题ETF发起联接A,DEFAULT
from_FUNDS_NAME__fund_name_col_60,长信利信混合A,DEFAULT
from_FUNDS_NAME__fund_name_col_60,易方达中证科技50ETF联接A,DEFAULT
from_FUNDS_NAME__fund_name_col_61,华安大安全主题混合A,DEFAULT
from_FUNDS_NAME__fund_name_col_61,博时中证汽车零部件主题指数发起式A,DEFAULT
from_FUNDS_NAME__fund_name_col_61,华润元大润丰纯债债券D,DEFAULT
from_FUNDS_NAME__fund_name_col_61,汇添富鑫添盈一年持有混合(FOF)A,DEFAULT
from_FUNDS_NAME__fund_name_col_61,工银黄金ETF联接A,DEFAULT
from_FUNDS_NAME__fund_name_col_61,华夏50股票,DEFAULT
from_FUNDS_NAME__fund_name_col_61,工银聚润6个月持有混合C,DEFAULT
from_FUNDS_NAME__fund_name_col_61,宏利嘉利债券C,DEFAULT
from_FUNDS_NAME__fund_name_col_61,易方达如意安和一年持有混合(FOF)C,DEFAULT
from_FUNDS_NAME__fund_name_col_61,银华心怡灵活配置混合A,DEFAULT
from_FUNDS_NAME__fund_name_col_62,招商安泽稳利9个月持有期混合C,DEFAULT
from_FUNDS_NAME__fund_name_col_62,南方梦元短债A,DEFAULT
from_FUNDS_NAME__fund_name_col_62,国联恒阳纯债A,DEFAULT
from_FUNDS_NAME__fund_name_col_62,易方达51股票,DEFAULT
from_FUNDS_NAME__fund_name_col_62,南方52债券A,DEFAULT
from_FUNDS_NAME__fund_name_col_62,嘉实薪金宝货币E,DEFAULT
from_FUNDS_NAME__fund_name_col_62,华夏53混合,DEFAULT
from_FUNDS_NAME__fund_name_col_62,富国54纯债债券C,DEFAULT
from_FUNDS_NAME__fund_name_col_62,华夏55成长混合,DEFAULT
from_FUNDS_NAME__fund_name_col_62,华夏56货币,DEFAULT
from_FUNDS_NAME__fund_name_col_63,银华中证A50ETF联接I,DEFAULT
from_FUNDS_NAME__fund_name_col_63,易方达全球优质企业混合(QDII)A(人民币份额),DEFAULT
from_FUNDS_NAME__fund_name_col_63,宏利医药健康混合发起A,DEFAULT
from_FUNDS_NAME__fund_name_col_63,光大尊丰纯债定开债,DEFAULT
from_FUNDS_NAME__fund_name_col_63,易方达57成长混合,DEFAULT
from_FUNDS_NAME__fund_name_col_63,嘉实58ETF,DEFAULT
from_FUNDS_NAME__fund_name_col_63,中欧匠心两年持有期混合C,DEFAULT
from_FUNDS_NAME__fund_name_col_63,易方达59货币,DEFAULT
from_FUNDS_NAME__fund_name_col_63,广发60债券A,DEFAULT
from_FUNDS_NAME__fund_name_col_63,摩根天添宝货币C,DEFAULT
from_FUNDS_NAME__fund_name_col_64,中银鑫盛一年持有债券C,DEFAULT
from_FUNDS_NAME__fund_name_col_64,富国61债券A,DEFAULT
from_FUNDS_NAME__fund_name_col_64,中欧62混合,DEFAULT
from_FUNDS_NAME__fund_name_col_64,银华国证港股通创新药ETF,DEFAULT
from_FUNDS_NAME__fund_name_col_64,中欧63股票,DEFAULT
from_FUNDS_NAME__fund_name_col_64,华夏64混合,DEFAULT
from_FUNDS_NAME__fund_name_col_64,民生加银中证全指指数增强C,DEFAULT
from_FUNDS_NAME__fund_name_col_64,东方红招盈甄选一年混合C,DEFAULT
from_FUNDS_NAME__fund_name_col_64,招商65成长混合,DEFAULT
from_FUNDS_NAME__fund_name_col_64,国联聚锦一年定开债券,DEFAULT
from_FUNDS_NAME__fund_name_col_65,招商66债券C,DEFAULT
from_FUNDS_NAME__fund_name_col_65,南方智慧混合,DEFAULT
from_FUNDS_NAME__fund_name_col_65,广发67混合,DEFAULT
from_FUNDS_NAME__fund_name_col_65,渤海汇金优选稳健6个月持有混合发起(FOF)A,DEFAULT
from_FUNDS_NAME__fund_name_col_65,浙商科创一个月滚动持有混合C,DEFAULT
from_FUNDS_NAME__fund_name_col_65,华夏68精选混合,DEFAULT
from_FUNDS_NAME__fund_name_col_65,博时69股票,DEFAULT
from_FUNDS_NAME__fund_name_col_65,嘉实70纯债债券C,DEFAULT
from_FUNDS_NAME__fund_name_col_65,南方71ETF,DEFAULT
from_FUNDS_NAME__fund_name_col_65,招商72成长混合,DEFAULT
from_FUNDS_NAME__fund_name_col_66,华泰柏瑞中证全指自由现金流ETF联接A,DEFAULT
from_FUNDS_NAME__fund_name_col_66,广发景宏债券A,DEFAULT
from_FUNDS_NAME__fund_name_col_66,富国智优精选3个月持有混合(FOF)A,DEFAULT
from_FUNDS_NAME__fund_name_col_66,汇安成长优选混合A,DEFAULT
from_FUNDS_NAME__fund_name_col_66,招商73精选混合,DEFAULT
from_FUNDS_NAME__fund_name_col_66,中欧74股票,DEFAULT
from_FUNDS_NAME__fund_name_col_66,易方达75债券C,DEFAULT
from_FUNDS_NAME__fund_name_col_66,中信保诚新兴产业混合C,DEFAULT
from_FUNDS_NAME__fund_name_col_66,中欧76精选混合,DEFAULT
from_FUNDS_NAME__fund_name_col_66,嘉实77成长混合,DEFAULT
from_FUNDS_NAME__fund_name_col_67,广发78混合,DEFAULT
from_FUNDS_NAME__fund_name_col_67,上银聚泽益债券,DEFAULT
from_FUNDS_NAME__fund_name_col_67,易方达中证消费电子主题ETF,DEFAULT
from_FUNDS_NAME__fund_name_col_67,永赢鑫享混合D,DEFAULT
from_FUNDS_NAME__fund_name_col_67,招商79货币,DEFAULT
from_FUNDS_NAME__fund_name_col_67,博时中证有色金属矿业主题指数A,DEFAULT
from_FUNDS_NAME__fund_name_col_67,华泰柏瑞港股通时代机遇混合A,DEFAULT
from_FUNDS_NAME__fund_name_col_67,招商80成长混合,DEFAULT
from_FUNDS_NAME__fund_name_col_67,中欧81混合,DEFAULT
from_FUNDS_NAME__fund_name_col_67,广发富信优选六个月持有混合(FOF)A,DEFAULT
from_FUNDS_NAME__fund_name_col_68,蜂巢添汇纯债C,DEFAULT
from_FUNDS_NAME__fund_name_col_68,富国中证智选船舶产业ETF,DEFAULT
from_FUNDS_NAME__fund_name_col_68,中欧82债券C,DEFAULT
from_FUNDS_NAME__fund_name_col_68,华夏83混合,DEFAULT
from_FUNDS_NAME__fund_name_col_68,易方达84货币,DEFAULT
from_FUNDS_NAME__fund_name_col_68,富国85债券A,DEFAULT
from_FUNDS_NAME__fund_name_col_68,富国86股票,DEFAULT
from_FUNDS_NAME__fund_name_col_68,建信科技创新混合C,DEFAULT
from_FUNDS_NAME__fund_name_col_68,富国87精选混合,DEFAULT
from_FUNDS_NAME__fund_name_col_68,广发88ETF,DEFAULT
from_FUNDS_NAME__fund_name_col_69,中欧89货币,DEFAULT
from_FUNDS_NAME__fund_name_col_69,国泰海通创新医药混合发起C,DEFAULT
from_FUNDS_NAME__fund_name_col_69,华夏90混合,DEFAULT
from_FUNDS_NAME__fund_name_col_69,富国91债券A,DEFAULT
from_FUNDS_NAME__fund_name_col_69,西部利得新动力混合A,DEFAULT
from_FUNDS_NAME__fund_name_col_69,京管泰富中债京津冀综合A,DEFAULT
from_FUNDS_NAME__fund_name_col_69,前海开源国家比较优势混合A,DEFAULT
from_FUNDS_NAME__fund_name_col_69,汇添富收益快线货币A,DEFAULT
from_FUNDS_NAME__fund_name_col_69,华夏92ETF,DEFAULT
from_FUNDS_NAME__fund_name_col_69,博时93精选混合,DEFAULT
from_FUNDS_NAME__fund_name_col_70,摩根纯债债券A,DEFAULT
from_FUNDS_NAME__fund_name_col_70,易方达94债券A,DEFAULT
from_FUNDS_NAME__fund_name_col_70,招商双债增强债券(LOF)C,DEFAULT
from_FUNDS_NAME__fund_name_col_70,博时95混合,DEFAULT
from_FUNDS_NAME__fund_name_col_70,富国鑫汇养老目标日期2035三年持有期混合发起式(FOF)Y,DEFAULT
from_FUNDS_NAME__fund_name_col_70,南方96债券A,DEFAULT
from_FUNDS_NAME__fund_name_col_70,博时97股票,DEFAULT
from_FUNDS_NAME__fund_name_col_70,招商98货币,DEFAULT
from_FUNDS_NAME__fund_name_col_70,华泰柏瑞行业领先混合,DEFAULT
from_FUNDS_NAME__fund_name_col_70,广发价值增长混合A,DEFAULT
from_FUNDS_NAME__fund_name_col_71,银华惠添益货币C,DEFAULT
from_FUNDS_NAME__fund_name_col_71,广发信息产业股票发起式A,DEFAULT
from_FUNDS_NAME__fund_name_col_71,长盛盛裕纯债D,DEFAULT
from_FUNDS_NAME__fund_name_col_71,新华鼎利债券A,DEFAULT
from_FUNDS_NAME__fund_name_col_71,国金量化多因子股票C,DEFAULT
from_FUNDS_NAME__fund_name_col_71,摩根全球天然资源混合(QDII)C,DEFAULT
from_FUNDS_NAME__fund_name_col_71,华泰柏瑞创业板50ETF,DEFAULT
from_FUNDS_NAME__fund_name_col_71,宝盈优质成长混合C,DEFAULT
from_FUNDS_NAME__fund_name_col_71,太平先进制造混合发起式A,DEFAULT
from_FUNDS_NAME__fund_name_col_71,中欧99纯债债券C,DEFAULT
from_FUNDS_NAME__fund_name_col_72,嘉实100股票,DEFAULT
from_FUNDS_NAME__fund_name_col_72,宝盈新兴产业混合A,DEFAULT
from_FUNDS_NAME__fund_name_col_72,太平睿安混合A,DEFAULT
from_FUNDS_NAME__fund_name_col_72,易方达平衡视野混合A2,DEFAULT
from_FUNDS_NAME__fund_name_col_72,长信盈安三个月持有混合发起式(FOF)C,DEFAULT
from_FUNDS_NAME__fund_name_col_72,嘉实互通精选股票,DEFAULT
from_FUNDS_NAME__fund_name_col_72,易方达101债券A,DEFAULT
from_FUNDS_NAME__fund_name_col_72,长城中债3-5年国开债指数A,DEFAULT
from_FUNDS_NAME__fund_name_col_72,嘉实102股票,DEFAULT
from_FUNDS_NAME__fund_name_col_72,长城永利债券C,DEFAULT
from_FUNDS_NAME__fund_name_col_73,嘉实103纯债债券C,DEFAULT
from_FUNDS_NAME__fund_name_col_73,广发104混合,DEFAULT
from_FUNDS_NAME__fund_name_col_73,招商105精选混合,DEFAULT
from_FUNDS_NAME__fund_name_col_73,国联恒泽纯债A,DEFAULT
from_FUNDS_NAME__fund_name_col_73,华夏106货币,DEFAULT
from_FUNDS_NAME__fund_name_col_73,博时107混合,DEFAULT
from_FUNDS_NAME__fund_name_col_73,招商瑞恒一年持有期混合C,DEFAULT
from_FUNDS_NAME__fund_name_col_73,嘉实108纯债债券C,DEFAULT
from_FUNDS_NAME__fund_name_col_73,国泰创业板新能源ETF发起联接C,DEFAULT
from_FUNDS_NAME__fund_name_col_73,景顺长城中小创精选股票C,DEFAULT
from_FUNDS_NAME__fund_name_col_74,富国109纯债债券C,DEFAULT
from_FUNDS_NAME__fund_name_col_74,易方达110债券A,DEFAULT
from_FUNDS_NAME__fund_name_col_74,新沃通利纯债C,DEFAULT
from_FUNDS_NAME__fund_name_col_74,易方达中证港股通医药卫生综合ETF,DEFAULT
from_FUNDS_NAME__fund_name_col_74,嘉实多益债券C,DEFAULT
from_FUNDS_NAME__fund_name_col_74,南方111股票,DEFAULT
from_FUNDS_NAME__fund_name_col_74,中银证券汇享定开债,DEFAULT
from_FUNDS_NAME__fund_name_col_74,达诚致益债券发起式A,DEFAULT
from_FUNDS_NAME__fund_name_col_74,东吴中短债债券发起B,DEFAULT
from_FUNDS_NAME__fund_name_col_74,嘉实112债券C,DEFAULT
from_FUNDS_NAME__fund_name_col_75,富国113精选混合,DEFAULT
from_FUNDS_NAME__fund_name_col_75,同泰数字经济股票C,DEFAULT
from_FUNDS_NAME__fund_name_col_75,汇添富中证800ETF联接A,DEFAULT
from_FUNDS_NAME__fund_name_col_75,招商114纯债债券C,DEFAULT
from_FUNDS_NAME__fund_name_col_75,中加安盈一年定开债发起,DEFAULT
from_FUNDS_NAME__fund_name_col_75,东方红中证竞争力指数A,DEFAULT
from_FUNDS_NAME__fund_name_col_75,国投瑞银顺昌纯债债券C,DEFAULT
from_FUNDS_NAME__fund_name_col_75,中欧115纯债债券C,DEFAULT
from_FUNDS_NAME__fund_name_col_75,嘉实116成长混合,DEFAULT
from_FUNDS_NAME__fund_name_col_75,广发恒享一年持有期混合C,DEFAULT
from_FUNDS_NAME__fund_name_col_76,南方117债券C,DEFAULT
from_FUNDS_NAME__fund_name_col_76,大成深证成长40ETF联接C,DEFAULT
from_FUNDS_NAME__fund_name_col_76,南方富元稳健养老目标一年持有混合(FOF)Y,DEFAULT
from_FUNDS_NAME__fund_name_col_76,中银睿泽稳健3个月持有混合(FOF)A,DEFAULT
from_FUNDS_NAME__fund_name_col_76,工银金融地产混合A,DEFAULT
from_FUNDS_NAME__fund_name_col_76,汇安信利债券C,DEFAULT
from_FUNDS_NAME__fund_name_col_76,东兴未来价值混合A,DEFAULT
from_FUNDS_NAME__fund_name_col_76,中欧瑾添混合A,DEFAULT
from_FUNDS_NAME__fund_name_col_76,易方达成长进取混合A,DEFAULT
from_FUNDS_NAME__fund_name_col_76,华夏鼎淳债券C,DEFAULT
from_FUNDS_NAME__fund_name_col_77,博时中证全指自由现金流ETF联接C,DEFAULT
from_FUNDS_NAME__fund_name_col_77,华泰柏瑞创新升级混合C,DEFAULT
from_FUNDS_NAME__fund_name_col_77,工银绝对收益混合发起A,DEFAULT
from_FUNDS_NAME__fund_name_col_77,招商118ETF,DEFAULT
from_FUNDS_NAME__fund_name_col_77,博时119ETF,DEFAULT
from_FUNDS_NAME__fund_name_col_77,万家品质生活混合A,DEFAULT
from_FUNDS_NAME__fund_name_col_77,广发聚鸿六个月持有期混合A,DEFAULT
from_FUNDS_NAME__fund_name_col_77,天弘中证500指数量化增强A,DEFAULT
from_FUNDS_NAME__fund_name_col_77,易方达120债券C,DEFAULT
from_FUNDS_NAME__fund_name_col_77,汇添富医疗积极成长一年持有混合A,DEFAULT
from_FUNDS_NAME__fund_name_col_78,华泰柏瑞景气优选C,DEFAULT
from_FUNDS_NAME__fund_name_col_78,汇添富创新医药混合A,DEFAULT
from_FUNDS_NAME__fund_name_col_78,博时121货币,DEFAULT
from_FUNDS_NAME__fund_name_col_78,中海中证A500指数增强A,DEFAULT
from_FUNDS_NAME__fund_name_col_78,嘉实122股票,DEFAULT
from_FUNDS_NAME__fund_name_col_78,富国MSCI中国A50互联互通增强策略ETF,DEFAULT
from_FUNDS_NAME__fund_name_col_78,中邮核心成长混合C,DEFAULT
from_FUNDS_NAME__fund_name_col_78,鹏扬中证500质量成长ETF联接C,DEFAULT
from_FUNDS_NAME__fund_name_col_78,易方达天天理财货币B,DEFAULT
from_FUNDS_NAME__fund_name_col_78,建信弘利灵活配置混合A,DEFAULT
from_FUNDS_NAME__fund_name_col_79,长江乐睿纯债一年定期开放债券发起A,DEFAULT
from_FUNDS_NAME__fund_name_col_79,上银国企红利混合发起式C,DEFAULT
from_FUNDS_NAME__fund_name_col_79,广发123纯债债券C,DEFAULT
from_FUNDS_NAME__fund_name_col_79,华泰柏瑞恒生消费ETF,DEFAULT
from_FUNDS_NAME__fund_name_col_79,长城核心优选混合C,DEFAULT
from_FUNDS_NAME__fund_name_col_79,中信保诚稳鸿D,DEFAULT
from_FUNDS_NAME__fund_name_col_79,宏利京元宝货币A,DEFAULT
from_FUNDS_NAME__fund_name_col_79,广发124债券C,DEFAULT
from_FUNDS_NAME__fund_name_col_79,招商125债券C,DEFAULT
from_FUNDS_NAME__fund_name_col_79,富国126成长混合,DEFAULT
from_IP__ip_col_1,192.168.1.1,DEFAULT
from_IP__ip_col_1,10.0.0.5,DEFAULT
from_IP__ip_col_1,172.16.0.100,DEFAULT
from_IP__ip_col_1,8.8.8.8,DEFAULT
from_IP__ip_col_1,127.0.0.1,DEFAULT
from_IP__ip_col_1,10.0.0.1,DEFAULT
from_IP__ip_col_1,172.16.5.4,DEFAULT
from_IP__ip_col_1,114.114.114.114,DEFAULT
from_IP__ip_col_1,223.5.5.5,DEFAULT
from_IP__ip_col_1,1.1.1.1,DEFAULT
from_IP__ip_col_1,203.106.93.94,DEFAULT
from_IP__ip_col_1,256.1.1.1,DEFAULT
from_IP__ip_col_1,192.168.1,DEFAULT
from_IP__ip_col_1,192.168.1.2,DEFAULT
from_IP__ip_col_1,192.168.1.3,DEFAULT
from_IP__ip_col_1,192.168.1.4,DEFAULT
from_IP__ip_col_1,192.168.1.5,DEFAULT
from_IP__ip_col_1,192.168.1.6,DEFAULT
from_IP__ip_col_1,192.168.1.7,DEFAULT
from_IP__ip_col_1,192.168.1.8,DEFAULT
from_IP__ip_col_1,256.168.1.1,DEFAULT
from_IP__ip_col_2,192.168.10.23,DEFAULT
from_IP__ip_col_2,10.10.10.10,DEFAULT
from_IP__ip_col_2,172.20.30.40,DEFAULT
from_IP__ip_col_2,192.168.10.10,DEFAULT
from_IP__ip_col_2,8.8.4.4,DEFAULT
from_IP__ip_col_2,114.114.115.115,DEFAULT
from_IP__ip_col_2,223.6.6.6,DEFAULT
from_IP__ip_col_2,1.0.0.1,DEFAULT
from_IP__ip_col_2,203.0.113.1,DEFAULT
from_IP__ip_col_2,300.1.1.1,DEFAULT
from_IP__ip_col_2,192.168.10.10.1,DEFAULT
from_IP__ip_col_2,10.0.0.2,DEFAULT
from_IP__ip_col_2,10.0.0.3,DEFAULT
from_IP__ip_col_2,10.0.0.4,DEFAULT
from_IP__ip_col_2,10.0.0.6,DEFAULT
from_IP__ip_col_2,10.0.0.7,DEFAULT
from_IP__ip_col_2,10.0.0.8,DEFAULT
from_IP__ip_col_2,10.0.0.256,DEFAULT
from_IP__ip_col_2,10.0.0,DEFAULT
from_IP__ip_col_3,192.168.2.2,DEFAULT
from_IP__ip_col_3,10.1.1.1,DEFAULT
from_IP__ip_col_3,172.16.100.1,DEFAULT
from_IP__ip_col_3,9.9.9.9,DEFAULT
from_IP__ip_col_3,123.123.123.123,DEFAULT
from_IP__ip_col_3,223.7.7.7,DEFAULT
from_IP__ip_col_3,11.22.33.44,DEFAULT
from_IP__ip_col_3,202.96.134.133,DEFAULT
from_IP__ip_col_3,abc.def.1.1,DEFAULT
from_IP__ip_col_3,192.168.2.,DEFAULT
from_IP__ip_col_3,172.16.0.1,DEFAULT
from_IP__ip_col_3,172.16.0.2,DEFAULT
from_IP__ip_col_3,172.16.0.3,DEFAULT
from_IP__ip_col_3,172.16.0.4,DEFAULT
from_IP__ip_col_3,172.16.0.5,DEFAULT
from_IP__ip_col_3,172.16.0.6,DEFAULT
from_IP__ip_col_3,172.16.0.7,DEFAULT
from_IP__ip_col_3,172.16.0.8,DEFAULT
from_IP__ip_col_3,172.16.300.1,DEFAULT
from_IP__ip_col_3,172.16.0.,DEFAULT
from_IP__ip_col_3,2001:0db8:85a3:0000:0000:8a2e:0370:7334,DEFAULT
from_IP__ip_col_3,2001:db8:85a3::8a2e:370:7334,DEFAULT
from_IP__ip_col_3,fe80::1ff:fe23:4567:890a,DEFAULT
from_IP__ip_col_3,::1,DEFAULT
from_IP__ip_col_3,2408:8000:0000:0000:0000:0000:0000:0001,DEFAULT
from_IP__ip_col_4,192.168.3.3,DEFAULT
from_IP__ip_col_4,10.2.2.2,DEFAULT
from_IP__ip_col_4,172.17.0.1,DEFAULT
from_IP__ip_col_4,4.4.4.4,DEFAULT
from_IP__ip_col_4,101.6.6.6,DEFAULT
from_IP__ip_col_4,223.8.8.8,DEFAULT
from_IP__ip_col_4,66.66.66.66,DEFAULT
from_IP__ip_col_4,180.76.76.76,DEFAULT
from_IP__ip_col_4,192.168.3.256,DEFAULT
from_IP__ip_col_4,10.2.2,DEFAULT
from_IP__ip_col_4,8.8.8.1,DEFAULT
from_IP__ip_col_4,8.8.8.2,DEFAULT
from_IP__ip_col_4,8.8.8.3,DEFAULT
from_IP__ip_col_4,8.8.8.4,DEFAULT
from_IP__ip_col_4,8.8.8.5,DEFAULT
from_IP__ip_col_4,8.8.8.6,DEFAULT
from_IP__ip_col_4,8.8.8.7,DEFAULT
from_IP__ip_col_4,8.8.8.999,DEFAULT
from_IP__ip_col_4,8.8.8,DEFAULT
from_IP__ip_col_4,2001:db8::1,DEFAULT
from_IP__ip_col_4,fe80::abcd:1234:5678:9abc,DEFAULT
from_IP__ip_col_4,240e:1234:5678:9abc:def0:1234:5678:9abc,DEFAULT
from_IP__ip_col_4,::ffff:192.168.1.1,DEFAULT
from_IP__ip_col_4,2001:4860:4860::8888,DEFAULT
from_IP__ip_col_5,192.168.4.4,DEFAULT
from_IP__ip_col_5,10.3.3.3,DEFAULT
from_IP__ip_col_5,172.18.1.1,DEFAULT
from_IP__ip_col_5,5.5.5.5,DEFAULT
from_IP__ip_col_5,222.222.222.222,DEFAULT
from_IP__ip_col_5,223.9.9.9,DEFAULT
from_IP__ip_col_5,77.88.99.100,DEFAULT
from_IP__ip_col_5,183.60.83.19,DEFAULT
from_IP__ip_col_5,999.1.1.1,DEFAULT
from_IP__ip_col_5,10.3.3.A,DEFAULT
from_IP__ip_col_5,114.114.114.1,DEFAULT
from_IP__ip_col_5,114.114.114.2,DEFAULT
from_IP__ip_col_5,114.114.114.3,DEFAULT
from_IP__ip_col_5,114.114.114.4,DEFAULT
from_IP__ip_col_5,114.114.114.5,DEFAULT
from_IP__ip_col_5,114.114.114.6,DEFAULT
from_IP__ip_col_5,114.114.114.7,DEFAULT
from_IP__ip_col_5,114.114.114.8,DEFAULT
from_IP__ip_col_5,114.114.114.256,DEFAULT
from_IP__ip_col_5,114.114.114,DEFAULT
from_IP__ip_col_5,192.168.0.1,DEFAULT
from_IP__ip_col_5,2001:db8::2,DEFAULT
from_IP__ip_col_5,10.0.1.2,DEFAULT
from_IP__ip_col_5,fe80::1234,DEFAULT
from_IP__ip_col_5,172.31.255.254,DEFAULT
from_IP__ip_col_6,2001:4860:4860::8844,DEFAULT
from_IP__ip_col_6,192.0.2.1,DEFAULT
from_IP__ip_col_6,2001:db8:1234::1,DEFAULT
from_IP__ip_col_6,203.0.113.5,DEFAULT
from_IP__ip_col_7,fe80::1,DEFAULT
from_IP__ip_col_7,2001:db8:abcd::1234,DEFAULT
from_IP__ip_col_7,192.168.100.200,DEFAULT
from_IP__ip_col_8,192.168.50.50,DEFAULT
from_IP__ip_col_8,2001:db8::abcd,DEFAULT
from_IP__ip_col_8,10.0.0.254,DEFAULT
from_IP__ip_col_9,2408:8000::1,DEFAULT
from_IP__ip_col_9,192.168.200.1,DEFAULT
from_IP__ip_col_9,2001:db8:0:0:0:0:2:1,DEFAULT
from_IP__ip_col_9,172.18.0.1,DEFAULT
from_IP__ip_col_10,10.10.0.1,DEFAULT
from_IP__ip_col_10,2001:db8:aaaa::1,DEFAULT
from_IP__ip_col_10,fe80::abcd,DEFAULT
from_IP__ip_col_informix_1,.A0000.00000.00001.,DEFAULT
from_IP__ip_col_informix_1,.A0000.00000.00002.,DEFAULT
from_IP__ip_col_informix_1,.A0000.00000.00100.,DEFAULT
from_IP__ip_col_informix_1,.B0000.00000.00001.,DEFAULT
from_IP__ip_col_informix_1,.C0000.00000.00001.,DEFAULT
from_IP__ip_col_informix_1,.6400.00000.00001.,DEFAULT
from_IP__ip_col_informix_1,.FF00.00000.00001.,DEFAULT
from_IP__ip_col_informix_1,.A0000.00001.00001.,DEFAULT
from_IP__ip_col_informix_1,.A0000.00000.00010.,DEFAULT
from_IP__ip_col_informix_1,.A0000.00000.00255.,DEFAULT
from_IP__ip_col_informix_2,.A0000.00000.00003.,DEFAULT
from_IP__ip_col_informix_2,.A0000.00000.00004.,DEFAULT
from_IP__ip_col_informix_2,.A0000.00000.00005.,DEFAULT
from_IP__ip_col_informix_2,.A0000.00000.00128.,DEFAULT
from_IP__ip_col_informix_2,.A0000.00002.00001.,DEFAULT
from_IP__ip_col_informix_2,.A0000.00000.00011.,DEFAULT
from_IP__ip_col_informix_2,.A0000.00000.00012.,DEFAULT
from_IP__ip_col_informix_2,.A0000.00000.00013.,DEFAULT
from_IP__ip_col_informix_3,.D0000.00000.00001.,DEFAULT
from_IP__ip_col_informix_3,.E0000.00000.00001.,DEFAULT
from_IP__ip_col_informix_3,.F0000.00000.00001.,DEFAULT
from_IP__ip_col_informix_3,.1000.00000.00001.,DEFAULT
from_IP__ip_col_informix_3,.2000.00000.00001.,DEFAULT
from_IP__ip_col_informix_3,.3000.00000.00001.,DEFAULT
from_IP__ip_col_informix_3,.4000.00000.00001.,DEFAULT
from_IP__ip_col_informix_3,.5000.00000.00001.,DEFAULT
from_IP__ip_col_informix_3,.A0001.00000.00001.,DEFAULT
from_IP__ip_col_informix_3,.A0000.00003.00001.,DEFAULT
from_IP__ip_col_informix_4,.A0000.00004.00001.,DEFAULT
from_IP__ip_col_informix_4,.A0000.00005.00001.,DEFAULT
from_IP__ip_col_informix_4,.A0000.00010.00001.,DEFAULT
from_IP__ip_col_informix_4,.A0000.00100.00001.,DEFAULT
from_IP__ip_col_informix_4,.B0000.00001.00001.,DEFAULT
from_IP__ip_col_informix_4,.B0000.00000.00002.,DEFAULT
from_IP__ip_col_informix_4,.C0000.00000.00002.,DEFAULT
from_IP__ip_col_informix_4,.C0000.00001.00001.,DEFAULT
from_IP__ip_col_informix_4,.6400.00001.00001.,DEFAULT
from_IP__ip_col_informix_4,.FF00.00000.00002.,DEFAULT
from_IP__ip_col_informix_5,.A0000.00000.00014.,DEFAULT
from_IP__ip_col_informix_5,.A0000.00000.00015.,DEFAULT
from_IP__ip_col_informix_5,.A0000.00000.00016.,DEFAULT
from_IP__ip_col_informix_5,.A0000.00000.00017.,DEFAULT
from_IP__ip_col_informix_5,.A0000.00000.00018.,DEFAULT
from_IP__ip_col_informix_5,.A0000.00000.00019.,DEFAULT
from_IP__ip_col_informix_5,.A0000.00000.00020.,DEFAULT
from_IP__ip_col_informix_5,.A0000.00000.00021.,DEFAULT
from_IP__ip_col_informix_5,.A0000.00000.00022.,DEFAULT
from_IP__ip_col_informix_5,.A0000.00000.00023.,DEFAULT
from_IP__ip_col_informix_6,.A0000.00000.00024.,DEFAULT
from_IP__ip_col_informix_6,.A0000.00000.00025.,DEFAULT
from_IP__ip_col_informix_6,.A0000.00000.00026.,DEFAULT
from_IP__ip_col_informix_6,.A0000.00000.00027.,DEFAULT
from_IP__ip_col_informix_6,.A0000.00000.00028.,DEFAULT
from_IP__ip_col_informix_6,.A0000.00000.00029.,DEFAULT
from_IP__ip_col_informix_6,.A0000.00000.00030.,DEFAULT
from_IP__ip_col_informix_6,.A0000.00000.00031.,DEFAULT
from_IP__ip_col_informix_6,.A0000.00000.00032.,DEFAULT
from_IP__ip_col_informix_6,.A0000.00000.00033.,DEFAULT
from_IP__ip_col_informix_7,.A0000.00000.00034.,DEFAULT
from_IP__ip_col_informix_7,.A0000.00000.00035.,DEFAULT
from_IP__ip_col_informix_7,.A0000.00000.00036.,DEFAULT
from_IP__ip_col_informix_7,.A0000.00000.00037.,DEFAULT
from_IP__ip_col_informix_7,.A0000.00000.00038.,DEFAULT
from_IP__ip_col_informix_7,.A0000.00000.00039.,DEFAULT
from_IP__ip_col_informix_7,.A0000.00000.00040.,DEFAULT
from_IP__ip_col_informix_7,.A0000.00000.00041.,DEFAULT
from_IP__ip_col_informix_7,.A0000.00000.00042.,DEFAULT
from_IP__ip_col_informix_7,.A0000.00000.00043.,DEFAULT
from_IP__ip_col_informix_8,.A0000.00000.00044.,DEFAULT
from_IP__ip_col_informix_8,.A0000.00000.00045.,DEFAULT
from_IP__ip_col_informix_8,.A0000.00000.00046.,DEFAULT
from_IP__ip_col_informix_8,.A0000.00000.00047.,DEFAULT
from_IP__ip_col_informix_8,.A0000.00000.00048.,DEFAULT
from_IP__ip_col_informix_8,.A0000.00000.00049.,DEFAULT
from_IP__ip_col_informix_8,.A0000.00000.00050.,DEFAULT
from_IP__ip_col_informix_8,.A0000.00000.00051.,DEFAULT
from_IP__ip_col_informix_8,.A0000.00000.00052.,DEFAULT
from_IP__ip_col_informix_8,.A0000.00000.00053.,DEFAULT
from_IP__ip_col_informix_8,.A0000.00000.00054.,DEFAULT
from_IP__ip_col_informix_9,.A0000.00000.00055.,DEFAULT
from_IP__ip_col_informix_9,.A0000.00000.00056.,DEFAULT
from_IP__ip_col_informix_9,.A0000.00000.00057.,DEFAULT
from_IP__ip_col_informix_9,.A0000.00000.00058.,DEFAULT
from_IP__ip_col_informix_9,.A0000.00000.00059.,DEFAULT
from_IP__ip_col_informix_9,.A0000.00000.00060.,DEFAULT
from_IP__ip_col_informix_9,.A0000.00000.00061.,DEFAULT
from_IP__ip_col_informix_9,.A0000.00000.00062.,DEFAULT
from_IP__ip_col_informix_9,.A0000.00000.00063.,DEFAULT
from_IP__ip_col_informix_9,.A0000.00000.00064.,DEFAULT
from_IP__ip_col_informix_10,.A0000.00000.00065.,DEFAULT
from_IP__ip_col_informix_10,.A0000.00000.00066.,DEFAULT
from_IP__ip_col_informix_10,.A0000.00000.00067.,DEFAULT
from_IP__ip_col_informix_10,.A0000.00000.00068.,DEFAULT
from_IP__ip_col_informix_10,.A0000.00000.00069.,DEFAULT
from_IP__ip_col_informix_10,.A0000.00000.00070.,DEFAULT
from_IP__ip_col_informix_10,.A0000.00000.00071.,DEFAULT
from_IP__ip_col_informix_10,.A0000.00000.00072.,DEFAULT
from_IP__ip_col_informix_10,.A0000.00000.00073.,DEFAULT
from_IP__ip_col_informix_10,.A0000.00000.00074.,DEFAULT
from_IP__ip_col_informix_11,.A0000.00000.00075.,DEFAULT
from_IP__ip_col_informix_11,.A0000.00000.00076.,DEFAULT
from_IP__ip_col_informix_11,.A0000.00000.00077.,DEFAULT
from_IP__ip_col_informix_11,.A0000.00000.00078.,DEFAULT
from_IP__ip_col_informix_11,.A0000.00000.00079.,DEFAULT
from_IP__ip_col_informix_11,.A0000.00000.00080.,DEFAULT
from_IP__ip_col_informix_11,.A0000.00000.00081.,DEFAULT
from_IP__ip_col_informix_11,.A0000.00000.00082.,DEFAULT
from_IP__ip_col_informix_11,.A0000.00000.00083.,DEFAULT
from_IP__ip_col_informix_11,.A0000.00000.00084.,DEFAULT
from_IP__ip_col_informix_12,.A0000.00000.00085.,DEFAULT
from_IP__ip_col_informix_12,.A0000.00000.00086.,DEFAULT
from_IP__ip_col_informix_12,.A0000.00000.00087.,DEFAULT
from_IP__ip_col_informix_12,.A0000.00000.00088.,DEFAULT
from_IP__ip_col_informix_12,.A0000.00000.00089.,DEFAULT
from_IP__ip_col_informix_12,.A0000.00000.00090.,DEFAULT
from_IP__ip_col_informix_12,.A0000.00000.00091.,DEFAULT
from_IP__ip_col_informix_12,.A0000.00000.00092.,DEFAULT
from_IP__ip_col_informix_12,.A0000.00000.00093.,DEFAULT
from_IP__ip_col_informix_12,.A0000.00000.00094.,DEFAULT
from_IP__ip_col_11,10.239.49.117,DEFAULT
from_IP__ip_col_11,192.168.118.243,DEFAULT
from_IP__ip_col_11,202.166.232.125,DEFAULT
from_IP__ip_col_11,192.168.178.155,DEFAULT
from_IP__ip_col_12,10.54.166.143,DEFAULT
from_IP__ip_col_12,103.211.122.159,DEFAULT
from_IP__ip_col_12,192.168.174.54,DEFAULT
from_IP__ip_col_12,112.175.120.45,DEFAULT
from_IP__ip_col_12,192.168.249.30,DEFAULT
from_IP__ip_col_12,192.168.49.211,DEFAULT
from_IP__ip_col_12,192.168.207.18,DEFAULT
from_IP__ip_col_12,210.194.167.127,DEFAULT
from_IP__ip_col_12,192.168.111.210,DEFAULT
from_IP__ip_col_13,10.75.76.116,DEFAULT
from_IP__ip_col_13,192.168.228.51,DEFAULT
from_IP__ip_col_13,192.168.222.184,DEFAULT
from_IP__ip_col_13,192.168.45.150,DEFAULT
from_IP__ip_col_13,192.168.150.16,DEFAULT
from_IP__ip_col_13,10.183.56.221,DEFAULT
from_IP__ip_col_14,104.195.222.140,DEFAULT
from_IP__ip_col_14,192.168.196.216,DEFAULT
from_IP__ip_col_14,10.64.68.3,DEFAULT
from_IP__ip_col_14,10.70.212.221,DEFAULT
from_IP__ip_col_14,109.92.232.131,DEFAULT
from_IP__ip_col_15,10.115.95.109,DEFAULT
from_IP__ip_col_15,61.137.210.238,DEFAULT
from_IP__ip_col_15,192.168.19.146,DEFAULT
from_IP__ip_col_15,192.168.246.247,DEFAULT
from_IP__ip_col_15,192.168.143.120,DEFAULT
from_IP__ip_col_15,63.241.39.176,DEFAULT
from_IP__ip_col_15,10.27.175.137,DEFAULT
from_IP__ip_col_15,192.168.240.147,DEFAULT
from_IP__ip_col_15,192.168.150.75,DEFAULT
from_IP__ip_col_16,145.133.31.162,DEFAULT
from_IP__ip_col_16,192.168.26.169,DEFAULT
from_IP__ip_col_16,74.248.42.33,DEFAULT
from_IP__ip_col_16,10.67.143.71,DEFAULT
from_IP__ip_col_16,192.168.57.155,DEFAULT
from_IP__ip_col_16,10.89.133.201,DEFAULT
from_IP__ip_col_16,192.168.16.88,DEFAULT
from_IP__ip_col_16,211.78.253.193,DEFAULT
from_IP__ip_col_16,10.225.85.54,DEFAULT
from_IP__ip_col_17,10.135.59.14,DEFAULT
from_IP__ip_col_17,192.168.119.98,DEFAULT
from_IP__ip_col_17,192.168.134.38,DEFAULT
from_IP__ip_col_17,192.168.147.238,DEFAULT
from_IP__ip_col_17,192.168.161.247,DEFAULT
from_IP__ip_col_17,10.181.221.157,DEFAULT
from_IP__ip_col_17,10.136.50.66,DEFAULT
from_IP__ip_col_17,192.168.123.188,DEFAULT
from_IP__ip_col_17,174.92.160.141,DEFAULT
from_IP__ip_col_18,192.168.50.135,DEFAULT
from_IP__ip_col_18,10.17.12.159,DEFAULT
from_IP__ip_col_18,164.62.61.23,DEFAULT
from_IP__ip_col_18,192.168.94.230,DEFAULT
from_IP__ip_col_18,192.168.232.237,DEFAULT
from_IP__ip_col_19,171.165.131.42,DEFAULT
from_IP__ip_col_19,192.168.31.98,DEFAULT
from_IP__ip_col_19,10.135.91.113,DEFAULT
from_IP__ip_col_19,192.168.251.28,DEFAULT
from_IP__ip_col_19,10.226.132.27,DEFAULT
from_IP__ip_col_19,192.168.228.5,DEFAULT
from_IP__ip_col_19,192.168.0.239,DEFAULT
from_IP__ip_col_20,126.244.223.104,DEFAULT
from_IP__ip_col_20,139.115.1.99,DEFAULT
from_IP__ip_col_20,10.183.170.175,DEFAULT
from_IP__ip_col_20,10.174.41.216,DEFAULT
from_IP__ip_col_20,46.20.196.170,DEFAULT
from_IP__ip_col_21,192.168.183.125,DEFAULT
from_IP__ip_col_21,192.168.18.50,DEFAULT
from_IP__ip_col_21,192.168.230.248,DEFAULT
from_IP__ip_col_21,192.168.28.87,DEFAULT
from_IP__ip_col_21,192.168.60.55,DEFAULT
from_IP__ip_col_21,10.76.119.237,DEFAULT
from_IP__ip_col_22,192.168.25.232,DEFAULT
from_IP__ip_col_23,10.103.218.87,DEFAULT
from_IP__ip_col_23,84.61.70.83,DEFAULT
from_IP__ip_col_23,152.88.171.17,DEFAULT
from_IP__ip_col_23,192.168.189.142,DEFAULT
from_IP__ip_col_23,192.168.51.203,DEFAULT
from_IP__ip_col_23,5.249.41.2,DEFAULT
from_IP__ip_col_23,10.243.64.53,DEFAULT
from_IP__ip_col_24,192.168.89.157,DEFAULT
from_IP__ip_col_24,157.45.154.90,DEFAULT
from_IP__ip_col_24,10.48.185.221,DEFAULT
from_IP__ip_col_24,10.106.141.14,DEFAULT
from_IP__ip_col_24,192.168.22.14,DEFAULT
from_IP__ip_col_24,192.168.222.65,DEFAULT
from_IP__ip_col_25,192.168.53.190,DEFAULT
from_IP__ip_col_25,10.101.166.59,DEFAULT
from_IP__ip_col_25,192.168.50.61,DEFAULT
from_IP__ip_col_25,10.112.37.121,DEFAULT
from_IP__ip_col_25,192.168.223.38,DEFAULT
from_IP__ip_col_26,192.168.69.118,DEFAULT
from_IP__ip_col_26,52.171.65.9,DEFAULT
from_IP__ip_col_26,192.168.69.29,DEFAULT
from_IP__ip_col_26,192.168.87.195,DEFAULT
from_IP__ip_col_26,157.87.117.23,DEFAULT
from_IP__ip_col_26,56.242.236.72,DEFAULT
from_IP__ip_col_26,192.168.167.112,DEFAULT
from_IP__ip_col_26,39.2.213.251,DEFAULT
from_IP__ip_col_27,10.201.245.208,DEFAULT
from_IP__ip_col_27,10.123.42.143,DEFAULT
from_IP__ip_col_27,10.111.67.92,DEFAULT
from_IP__ip_col_27,192.168.156.42,DEFAULT
from_IP__ip_col_27,7.232.237.198,DEFAULT
from_IP__ip_col_27,10.237.0.221,DEFAULT
from_IP__ip_col_27,192.168.170.136,DEFAULT
from_IP__ip_col_28,148.106.41.159,DEFAULT
from_IP__ip_col_28,10.186.26.29,DEFAULT
from_IP__ip_col_28,192.168.20.94,DEFAULT
from_IP__ip_col_28,144.104.70.252,DEFAULT
from_IP__ip_col_28,180.107.115.83,DEFAULT
from_IP__ip_col_28,192.168.216.71,DEFAULT
from_IP__ip_col_29,10.149.231.159,DEFAULT
from_IP__ip_col_29,17.96.234.23,DEFAULT
from_IP__ip_col_29,161.11.150.107,DEFAULT
from_IP__ip_col_29,10.177.215.114,DEFAULT
from_IP__ip_col_29,192.168.96.17,DEFAULT
from_IP__ip_col_30,192.168.175.168,DEFAULT
from_IP__ip_col_30,192.168.227.118,DEFAULT
from_IP__ip_col_30,192.168.133.59,DEFAULT
from_IP__ip_col_30,13.75.180.73,DEFAULT
from_IP__ip_col_30,192.168.82.183,DEFAULT
from_IP__ip_col_30,192.168.89.215,DEFAULT
from_IP__ip_col_30,42.121.59.11,DEFAULT
from_IP__ip_col_31,10.189.94.53,DEFAULT
from_IP__ip_col_31,192.168.162.251,DEFAULT
from_IP__ip_col_31,32.12.207.239,DEFAULT
from_IP__ip_col_31,192.168.234.238,DEFAULT
from_IP__ip_col_31,166.151.242.230,DEFAULT
from_IP__ip_col_31,10.226.173.177,DEFAULT
from_IP__ip_col_32,192.168.59.79,DEFAULT
from_IP__ip_col_32,192.168.47.84,DEFAULT
from_IP__ip_col_32,101.99.251.82,DEFAULT
from_IP__ip_col_32,10.184.203.38,DEFAULT
from_IP__ip_col_33,192.168.197.96,DEFAULT
from_IP__ip_col_33,23.110.227.190,DEFAULT
from_IP__ip_col_33,10.217.212.36,DEFAULT
from_IP__ip_col_33,10.155.243.254,DEFAULT
from_IP__ip_col_33,10.192.45.2,DEFAULT
from_IP__ip_col_33,10.236.70.52,DEFAULT
from_IP__ip_col_34,192.168.1.40,DEFAULT
from_IP__ip_col_34,192.168.147.107,DEFAULT
from_IP__ip_col_34,192.168.141.127,DEFAULT
from_IP__ip_col_34,192.168.185.149,DEFAULT
from_IP__ip_col_34,192.168.132.161,DEFAULT
from_IP__ip_col_34,96.8.132.42,DEFAULT
from_IP__ip_col_35,192.168.236.225,DEFAULT
from_IP__ip_col_35,192.168.27.70,DEFAULT
from_IP__ip_col_35,13.148.149.136,DEFAULT
from_IP__ip_col_35,192.168.99.197,DEFAULT
from_IP__ip_col_35,43.165.161.212,DEFAULT
from_IP__ip_col_35,10.185.49.137,DEFAULT
from_IP__ip_col_35,10.144.190.200,DEFAULT
from_IP__ip_col_35,192.168.83.27,DEFAULT
from_IP__ip_col_36,135.58.213.118,DEFAULT
from_IP__ip_col_36,192.168.67.237,DEFAULT
from_IP__ip_col_36,88.88.155.8,DEFAULT
from_IP__ip_col_36,192.168.65.220,DEFAULT
from_IP__ip_col_36,10.107.66.252,DEFAULT
from_IP__ip_col_36,192.168.9.199,DEFAULT
from_IP__ip_col_37,192.168.100.28,DEFAULT
from_IP__ip_col_37,192.168.60.233,DEFAULT
from_IP__ip_col_37,53.102.94.172,DEFAULT
from_IP__ip_col_37,192.168.142.243,DEFAULT
from_IP__ip_col_37,192.168.123.130,DEFAULT
from_IP__ip_col_37,192.168.7.136,DEFAULT
from_IP__ip_col_38,63.234.20.20,DEFAULT
from_IP__ip_col_38,84.190.19.38,DEFAULT
from_IP__ip_col_38,156.51.195.132,DEFAULT
from_IP__ip_col_38,186.40.172.238,DEFAULT
from_IP__ip_col_38,164.154.216.103,DEFAULT
from_IP__ip_col_38,6.94.131.185,DEFAULT
from_IP__ip_col_38,168.40.221.248,DEFAULT
from_IP__ip_col_38,30.98.133.78,DEFAULT
from_IP__ip_col_38,158.124.25.96,DEFAULT
from_IP__ip_col_38,147.242.110.195,DEFAULT
from_IP__ip_col_39,112.140.95.71,DEFAULT
from_IP__ip_col_39,129.23.204.233,DEFAULT
from_IP__ip_col_39,47.145.139.2,DEFAULT
from_IP__ip_col_39,105.106.9.201,DEFAULT
from_IP__ip_col_39,107.66.140.69,DEFAULT
from_IP__ip_col_39,119.162.49.57,DEFAULT
from_IP__ip_col_39,58.9.166.57,DEFAULT
from_IP__ip_col_39,17.147.235.151,DEFAULT
from_IP__ip_col_39,108.168.199.122,DEFAULT
from_IP__ip_col_39,143.6.175.88,DEFAULT
from_IP__ip_col_40,82.177.227.39,DEFAULT
from_IP__ip_col_40,119.255.107.137,DEFAULT
from_IP__ip_col_40,179.87.199.66,DEFAULT
from_IP__ip_col_40,104.16.40.162,DEFAULT
from_IP__ip_col_40,125.176.42.54,DEFAULT
from_IP__ip_col_40,192.189.155.75,DEFAULT
from_IP__ip_col_40,193.161.231.173,DEFAULT
from_IP__ip_col_40,120.15.79.160,DEFAULT
from_IP__ip_col_40,150.85.180.145,DEFAULT
from_IP__ip_col_40,111.212.11.193,DEFAULT
from_IP__ip_col_41,73.251.120.97,DEFAULT
from_IP__ip_col_41,138.67.193.156,DEFAULT
from_IP__ip_col_41,218.63.49.102,DEFAULT
from_IP__ip_col_41,56.108.56.147,DEFAULT
from_IP__ip_col_41,75.91.81.197,DEFAULT
from_IP__ip_col_41,200.205.209.91,DEFAULT
from_IP__ip_col_41,193.111.214.231,DEFAULT
from_IP__ip_col_41,154.142.163.198,DEFAULT
from_IP__ip_col_41,93.54.162.129,DEFAULT
from_IP__ip_col_41,138.200.115.220,DEFAULT
from_IP__ip_col_42,104.253.237.74,DEFAULT
from_IP__ip_col_42,212.230.80.237,DEFAULT
from_IP__ip_col_42,46.204.147.1,DEFAULT
from_IP__ip_col_42,137.171.237.168,DEFAULT
from_IP__ip_col_42,45.50.196.149,DEFAULT
from_IP__ip_col_42,168.214.214.106,DEFAULT
from_IP__ip_col_42,49.14.114.36,DEFAULT
from_IP__ip_col_42,157.41.209.243,DEFAULT
from_IP__ip_col_42,6.166.127.43,DEFAULT
from_IP__ip_col_42,146.241.46.244,DEFAULT
from_IP__ip_col_43,95.11.199.142,DEFAULT
from_IP__ip_col_43,131.98.82.118,DEFAULT
from_IP__ip_col_43,95.122.89.121,DEFAULT
from_IP__ip_col_43,183.102.165.34,DEFAULT
from_IP__ip_col_43,76.33.15.53,DEFAULT
from_IP__ip_col_43,148.236.235.63,DEFAULT
from_IP__ip_col_43,176.227.123.204,DEFAULT
from_IP__ip_col_43,46.236.56.206,DEFAULT
from_IP__ip_col_43,155.169.81.63,DEFAULT
from_IP__ip_col_43,119.35.3.192,DEFAULT
from_IP__ip_col_44,9.208.240.221,DEFAULT
from_IP__ip_col_44,99.36.213.246,DEFAULT
from_IP__ip_col_44,67.61.12.113,DEFAULT
from_IP__ip_col_44,124.30.149.208,DEFAULT
from_IP__ip_col_44,102.20.186.103,DEFAULT
from_IP__ip_col_44,184.225.219.202,DEFAULT
from_IP__ip_col_44,32.53.74.217,DEFAULT
from_IP__ip_col_44,68.57.86.94,DEFAULT
from_IP__ip_col_44,106.173.72.234,DEFAULT
from_IP__ip_col_44,63.247.107.68,DEFAULT
from_IP__ip_col_45,25.168.37.118,DEFAULT
from_IP__ip_col_45,182.251.125.194,DEFAULT
from_IP__ip_col_45,67.175.151.177,DEFAULT
from_IP__ip_col_45,114.169.230.180,DEFAULT
from_IP__ip_col_45,67.140.18.195,DEFAULT
from_IP__ip_col_45,36.75.147.7,DEFAULT
from_IP__ip_col_45,57.189.185.183,DEFAULT
from_IP__ip_col_45,75.157.81.146,DEFAULT
from_IP__ip_col_45,163.156.243.183,DEFAULT
from_IP__ip_col_45,113.150.79.191,DEFAULT
from_IP__ip_col_46,207.65.75.156,DEFAULT
from_IP__ip_col_46,75.196.131.164,DEFAULT
from_IP__ip_col_46,59.14.108.150,DEFAULT
from_IP__ip_col_46,78.75.6.67,DEFAULT
from_IP__ip_col_46,94.207.244.159,DEFAULT
from_IP__ip_col_46,44.176.79.151,DEFAULT
from_IP__ip_col_46,219.160.191.97,DEFAULT
from_IP__ip_col_46,222.248.86.223,DEFAULT
from_IP__ip_col_46,135.246.89.124,DEFAULT
from_IP__ip_col_46,98.7.33.88,DEFAULT
from_IP__ip_col_47,58.158.105.58,DEFAULT
from_IP__ip_col_47,39.142.61.167,DEFAULT
from_IP__ip_col_47,51.182.255.118,DEFAULT
from_IP__ip_col_47,146.6.116.190,DEFAULT
from_IP__ip_col_47,52.186.16.103,DEFAULT
from_IP__ip_col_47,161.50.168.130,DEFAULT
from_IP__ip_col_47,18.138.40.249,DEFAULT
from_IP__ip_col_47,205.28.228.146,DEFAULT
from_IP__ip_col_47,134.126.125.66,DEFAULT
from_IP__ip_col_47,205.93.125.59,DEFAULT
from_IP__ip_col_48,177.233.90.11,DEFAULT
from_IP__ip_col_48,156.136.142.24,DEFAULT
from_IP__ip_col_48,191.97.32.232,DEFAULT
from_IP__ip_col_48,34.155.31.54,DEFAULT
from_IP__ip_col_48,59.124.244.119,DEFAULT
from_IP__ip_col_48,26.26.163.203,DEFAULT
from_IP__ip_col_48,163.37.100.123,DEFAULT
from_IP__ip_col_48,30.226.42.122,DEFAULT
from_IP__ip_col_48,51.51.110.154,DEFAULT
from_IP__ip_col_48,125.153.4.149,DEFAULT
from_IP__ip_col_49,111.57.226.200,DEFAULT
from_IP__ip_col_49,165.99.233.1,DEFAULT
from_IP__ip_col_49,65.208.138.127,DEFAULT
from_IP__ip_col_49,162.90.168.130,DEFAULT
from_IP__ip_col_49,124.145.153.68,DEFAULT
from_IP__ip_col_49,223.127.174.71,DEFAULT
from_IP__ip_col_49,174.158.225.29,DEFAULT
from_IP__ip_col_49,194.93.249.2,DEFAULT
from_IP__ip_col_49,82.240.253.42,DEFAULT
from_IP__ip_col_49,46.33.221.173,DEFAULT
from_IP__ip_col_50,78.48.226.88,DEFAULT
from_IP__ip_col_50,164.93.99.200,DEFAULT
from_MAC__mac_col_1,00:1A:2B:3C:4D:5E,DEFAULT
from_MAC__mac_col_1,10:9A:BC:DE:F0:11,DEFAULT
from_MAC__mac_col_1,AA:BB:CC:DD:EE:01,DEFAULT
from_MAC__mac_col_1,12-34-56-78-9A-BC,DEFAULT
from_MAC__mac_col_1,FE:DC:BA:98:76:54,DEFAULT
from_MAC__mac_col_1,001A2B3C4D5F,DEFAULT
from_MAC__mac_col_1,AB-CD-EF-12-34-56,DEFAULT
from_MAC__mac_col_1,DE:AD:BE:EF:00:01,DEFAULT
from_MAC__mac_col_1,00:1A:2B:3C:4D,DEFAULT
from_MAC__mac_col_1,GG:1A:2B:3C:4D:5E,DEFAULT
from_MAC__mac_col_1,AA:BB:CC:DD:EE:FF,DEFAULT
from_MAC__mac_col_1,12:34:56:78:9A:BC,DEFAULT
from_MAC__mac_col_1,01:23:45:67:89:AB,DEFAULT
from_MAC__mac_col_1,00:11:22:33:44:55,DEFAULT
from_MAC__mac_col_1,01:22:33:44:55:66,DEFAULT
from_MAC__mac_col_1,helloWorld,DEFAULT
from_MAC__mac_col_2,00:1B:2C:3D:4E:5F,DEFAULT
from_MAC__mac_col_2,20:AA:BB:CC:DD:EE,DEFAULT
from_MAC__mac_col_2,BA:AD:F0:0D:12:34,DEFAULT
from_MAC__mac_col_2,22-33-44-55-66-77,DEFAULT
from_MAC__mac_col_2,FF:EE:DD:CC:BB:AA,DEFAULT
from_MAC__mac_col_2,001B2C3D4E6A,DEFAULT
from_MAC__mac_col_2,AC-DC-12-34-56-78,DEFAULT
from_MAC__mac_col_2,20:AA:BB:CC:DD,DEFAULT
from_MAC__mac_col_2,ZZ:23:45:67:89:AB,DEFAULT
from_MAC__mac_col_2,02:11:22:33:44:55,DEFAULT
from_MAC__mac_col_2,66:77:88:99:AA:BB,DEFAULT
from_MAC__mac_col_2,CC:DD:EE:FF:00:11,DEFAULT
from_MAC__mac_col_2,22:33:44:55:66:77,DEFAULT
from_MAC__mac_col_2,88:99:AA:BB:CC:DD,DEFAULT
from_MAC__mac_col_2,EE:FF:00:11:22:33,DEFAULT
from_MAC__mac_col_2,44:55:66:77:88:99,DEFAULT
from_MAC__mac_col_2,AB:CD:EF:12:34:56,DEFAULT
from_MAC__mac_col_2,110105199001011234,DEFAULT
from_MAC__mac_col_2,China,DEFAULT
from_MAC__mac_col_3,00:1C:2D:3E:4F:60,DEFAULT
from_MAC__mac_col_3,30:BB:CC:DD:EE:FF,DEFAULT
from_MAC__mac_col_3,BE:EF:CA:FE:12:35,DEFAULT
from_MAC__mac_col_3,33-44-55-66-77-88,DEFAULT
from_MAC__mac_col_3,11:22:33:44:55:66,DEFAULT
from_MAC__mac_col_3,001C2D3E4F70,DEFAULT
from_MAC__mac_col_3,AA-BB-11-22-33-44,DEFAULT
from_MAC__mac_col_3,00:1C:2D:3E:4F,DEFAULT
from_MAC__mac_col_3,HH:22:33:44:55:66,DEFAULT
from_MAC__mac_col_3,0A-1B-2C-3D-4E-5F,DEFAULT
from_MAC__mac_col_3,1C-2D-3E-4F-50-61,DEFAULT
from_MAC__mac_col_3,AB-CD-EF-01-23-45,DEFAULT
from_MAC__mac_col_3,67-89-AB-CD-EF-01,DEFAULT
from_MAC__mac_col_3,23-45-67-89-AB-CD,DEFAULT
from_MAC__mac_col_3,EF-10-20-30-40-50,DEFAULT
from_MAC__mac_col_3,99-88-77-66-55-44,DEFAULT
from_MAC__mac_col_3,88888888,DEFAULT
from_MAC__mac_col_3,https://openai.com,DEFAULT
from_MAC__mac_col_3,粤B12345,DEFAULT
from_MAC__mac_col_4,00:1D:2E:3F:40:61,DEFAULT
from_MAC__mac_col_4,40:CC:DD:EE:FF:00,DEFAULT
from_MAC__mac_col_4,AB:CD:EF:FE:DC:BA,DEFAULT
from_MAC__mac_col_4,44-55-66-77-88-99,DEFAULT
from_MAC__mac_col_4,001D2E3F4061,DEFAULT
from_MAC__mac_col_4,CD-EF-12-34-56-79,DEFAULT
from_MAC__mac_col_4,89:AB:CD:EF:01:23,DEFAULT
from_MAC__mac_col_4,40:CC:DD:EE:FF,DEFAULT
from_MAC__mac_col_4,XY:AB:CD:EF:01:23,DEFAULT
from_MAC__mac_col_4,AABBCCDDEEFF,DEFAULT
from_MAC__mac_col_4,112233445566,DEFAULT
from_MAC__mac_col_4,FFEEDDCCBBAA,DEFAULT
from_MAC__mac_col_4,ABCDEF123456,DEFAULT
from_MAC__mac_col_4,123456ABCDEF,DEFAULT
from_MAC__mac_col_4,0F1E2D3C4B5A,DEFAULT
from_MAC__mac_col_4,4500元,DEFAULT
from_MAC__mac_col_4,上海市浦东新区,DEFAULT
from_MAC__mac_col_4,config_value,DEFAULT
from_MAC__mac_col_5,00:1E:2F:30:41:62,DEFAULT
from_MAC__mac_col_5,50:DD:EE:FF:00:11,DEFAULT
from_MAC__mac_col_5,CA:FE:BA:BE:12:36,DEFAULT
from_MAC__mac_col_5,55-66-77-88-99-AA,DEFAULT
from_MAC__mac_col_5,33:44:55:66:77:88,DEFAULT
from_MAC__mac_col_5,001E2F304162,DEFAULT
from_MAC__mac_col_5,DE-AD-00-11-22-33,DEFAULT
from_MAC__mac_col_5,98:76:54:32:10:FF,DEFAULT
from_MAC__mac_col_5,50:DD:EE:FF:00,DEFAULT
from_MAC__mac_col_5,QQ:44:55:66:77:88,DEFAULT
from_MAC__mac_col_5,03:AA:BB:CC:DD:EE,DEFAULT
from_MAC__mac_col_5,04:BB:CC:DD:EE:FF,DEFAULT
from_MAC__mac_col_5,05:CC:DD:EE:FF:00,DEFAULT
from_MAC__mac_col_5,06:DD:EE:FF:00:11,DEFAULT
from_MAC__mac_col_5,07:EE:FF:00:11:22,DEFAULT
from_MAC__mac_col_5,08:FF:00:11:22:33,DEFAULT
from_MAC__mac_col_5,09:00:11:22:33:44,DEFAULT
from_MAC__mac_col_5,20230101,DEFAULT
from_MAC__mac_col_5,raw-data,DEFAULT
from_MAC__mac_col_5,测试文本,DEFAULT
from_MAC__mac_col_6,0B:1C:2D:3E:4F:60,DEFAULT
from_MAC__mac_col_6,61:72:83:94:A5:B6,DEFAULT
from_MAC__mac_col_6,C7:D8:E9:F0:11:22,DEFAULT
from_MAC__mac_col_6,99:AA:BB:CC:DD:EE,DEFAULT
from_MAC__mac_col_6,55:66:77:88:99:AA,DEFAULT
from_MAC__mac_col_6,1234567890,DEFAULT
from_MAC__mac_col_6,Li Ming,DEFAULT
from_MAC__mac_col_6,华夏成长混合,DEFAULT
from_MAC__mac_col_7,0C-2D-3E-4F-5A-6B,DEFAULT
from_MAC__mac_col_7,1D-3E-4F-5A-6B-7C,DEFAULT
from_MAC__mac_col_7,2E-4F-5A-6B-7C-8D,DEFAULT
from_MAC__mac_col_7,3F-5A-6B-7C-8D-9E,DEFAULT
from_MAC__mac_col_7,4A-6B-7C-8D-9E-AF,DEFAULT
from_MAC__mac_col_7,5B-7C-8D-9E-AF-B0,DEFAULT
from_MAC__mac_col_7,6C-8D-9E-AF-B0-C1,DEFAULT
from_MAC__mac_col_7,1HGCM82633A004352,DEFAULT
from_MAC__mac_col_7,1,DEFAULT
from_MAC__mac_col_7,¥3000,DEFAULT
from_MAC__mac_col_8,0D1E2F3A4B5C,DEFAULT
from_MAC__mac_col_8,1E2F3A4B5C6D,DEFAULT
from_MAC__mac_col_8,2F3A4B5C6D7E,DEFAULT
from_MAC__mac_col_8,3A4B5C6D7E8F,DEFAULT
from_MAC__mac_col_8,4B5C6D7E8F90,DEFAULT
from_MAC__mac_col_8,5C6D7E8F9011,DEFAULT
from_MAC__mac_col_8,6D7E8F901122,DEFAULT
from_MAC__mac_col_8,United States,DEFAULT
from_MAC__mac_col_8,2019-05-05 05:05:05,DEFAULT
from_MAC__mac_col_8,alpha-beta,DEFAULT
from_MAC__mac_col_9,77:88:99:AA:BB:CC,DEFAULT
from_MAC__mac_col_9,330102197902307777,DEFAULT
from_MAC__mac_col_9,博时信用债纯债,DEFAULT
from_MAC__mac_col_9,sys.config,DEFAULT
from_MAC__mac_col_10,12-23-34-45-56-67,DEFAULT
from_MAC__mac_col_10,23-34-45-56-67-78,DEFAULT
from_MAC__mac_col_10,34-45-56-67-78-89,DEFAULT
from_MAC__mac_col_10,45-56-67-78-89-9A,DEFAULT
from_MAC__mac_col_10,56-67-78-89-9A-AB,DEFAULT
from_MAC__mac_col_10,67-78-89-9A-AB-BC,DEFAULT
from_MAC__mac_col_10,78-89-9A-AB-BC-CD,DEFAULT
from_MAC__mac_col_10,configA,DEFAULT
from_MAC__mac_col_10,200000,DEFAULT
from_MAC__mac_col_10,李娜,DEFAULT
from_MAC__mac_col_11,1122AABB3344,DEFAULT
from_MAC__mac_col_11,2233BBCC4455,DEFAULT
from_MAC__mac_col_11,3344CCDD5566,DEFAULT
from_MAC__mac_col_11,4455DDEE6677,DEFAULT
from_MAC__mac_col_11,5566EEFF7788,DEFAULT
from_MAC__mac_col_11,6677FF001199,DEFAULT
from_MAC__mac_col_11,7788001122AA,DEFAULT
from_MAC__mac_col_11,20221231,DEFAULT
from_MAC__mac_col_11,hello123,DEFAULT
from_MAC__mac_col_11,深圳市南山区,DEFAULT
from_MAC__mac_col_12,AA11BB22CC33,DEFAULT
from_MAC__mac_col_12,BB22CC33DD44,DEFAULT
from_MAC__mac_col_12,CC33DD44EE55,DEFAULT
from_MAC__mac_col_12,DD44EE55FF66,DEFAULT
from_MAC__mac_col_12,EE55FF667788,DEFAULT
from_MAC__mac_col_12,FF66778899AA,DEFAULT
from_MAC__mac_col_12,001122334455,DEFAULT
from_MAC__mac_col_12,苏A12345D,DEFAULT
from_MAC__mac_col_12,alpha123,DEFAULT
from_MAC__mac_col_12,2020-06-18,DEFAULT
from_MAC__mac_col_13,21:32:43:54:65:76,DEFAULT
from_MAC__mac_col_13,32:43:54:65:76:87,DEFAULT
from_MAC__mac_col_13,43:54:65:76:87:98,DEFAULT
from_MAC__mac_col_13,54:65:76:87:98:A9,DEFAULT
from_MAC__mac_col_13,65:76:87:98:A9:BA,DEFAULT
from_MAC__mac_col_13,76:87:98:A9:BA:CB,DEFAULT
from_MAC__mac_col_13,87:98:A9:BA:CB:DC,DEFAULT
from_MAC__mac_col_13,测试A,DEFAULT
from_MAC__mac_col_13,110011,DEFAULT
from_MAC__mac_col_13,https://www.test.com,DEFAULT
from_MAC__mac_col_14,98-87-76-65-54-43,DEFAULT
from_MAC__mac_col_14,87-76-65-54-43-32,DEFAULT
from_MAC__mac_col_14,76-65-54-43-32-21,DEFAULT
from_MAC__mac_col_14,65-54-43-32-21-10,DEFAULT
from_MAC__mac_col_14,54-43-32-21-10-FF,DEFAULT
from_MAC__mac_col_14,43-32-21-10-FF-EE,DEFAULT
from_MAC__mac_col_14,32-21-10-FF-EE-DD,DEFAULT
from_MAC__mac_col_14,JP,DEFAULT
from_MAC__mac_col_14,2023.03.20,DEFAULT
from_MAC__mac_col_14,raw_data_01,DEFAULT
from_MAC__mac_col_15,ABCDEFABCDEF,DEFAULT
from_MAC__mac_col_15,123ABC456DEF,DEFAULT
from_MAC__mac_col_15,DEF456ABC123,DEFAULT
from_MAC__mac_col_15,FEDCBA654321,DEFAULT
from_MAC__mac_col_15,13579BDF2468,DEFAULT
from_MAC__mac_col_15,2468ACE13579,DEFAULT
from_MAC__mac_col_15,FACEB00C1234,DEFAULT
from_MAC__mac_col_15,粤C88888,DEFAULT
from_MAC__mac_col_15,sys.meta,DEFAULT
from_MAC__mac_col_15,3万元,DEFAULT
from_MAC__mac_col_16,14:25:36:47:58:69,DEFAULT
from_MAC__mac_col_16,25:36:47:58:69:7A,DEFAULT
from_MAC__mac_col_16,36:47:58:69:7A:8B,DEFAULT
from_MAC__mac_col_16,47:58:69:7A:8B:9C,DEFAULT
from_MAC__mac_col_16,58:69:7A:8B:9C:AD,DEFAULT
from_MAC__mac_col_16,69:7A:8B:9C:AD:BE,DEFAULT
from_MAC__mac_col_16,7A:8B:9C:AD:BE:CF,DEFAULT
from_MAC__mac_col_16,configB,DEFAULT
from_MAC__mac_col_16,2018-01-01,DEFAULT
from_MAC__mac_col_16,王伟,DEFAULT
from_MAC__mac_col_17,BB-CC-22-33-44-55,DEFAULT
from_MAC__mac_col_17,CC-DD-33-44-55-66,DEFAULT
from_MAC__mac_col_17,DD-EE-44-55-66-77,DEFAULT
from_MAC__mac_col_17,EE-FF-55-66-77-88,DEFAULT
from_MAC__mac_col_17,FF-00-66-77-88-99,DEFAULT
from_MAC__mac_col_17,00-11-77-88-99-AA,DEFAULT
from_MAC__mac_col_17,2024-12-31,DEFAULT
from_MAC__mac_col_17,meta.info,DEFAULT
from_MAC__mac_col_17,广州市天河区,DEFAULT
from_MAC__mac_col_18,CAFEBABE1234,DEFAULT
from_MAC__mac_col_18,DEADC0DE5678,DEFAULT
from_MAC__mac_col_18,BADF00D98765,DEFAULT
from_MAC__mac_col_18,FEEDFACE1111,DEFAULT
from_MAC__mac_col_18,ABCD1234EF56,DEFAULT
from_MAC__mac_col_18,7890ABCD1234,DEFAULT
from_MAC__mac_col_18,13572468ACE0,DEFAULT
from_MAC__mac_col_18,1M8GDM9AXKP042788,DEFAULT
from_MAC__mac_col_18,浦东新区,DEFAULT
from_MAC__mac_col_18,8888,DEFAULT
from_MAC__mac_col_19,18:29:3A:4B:5C:6D,DEFAULT
from_MAC__mac_col_19,29:3A:4B:5C:6D:7E,DEFAULT
from_MAC__mac_col_19,3A:4B:5C:6D:7E:8F,DEFAULT
from_MAC__mac_col_19,4B:5C:6D:7E:8F:90,DEFAULT
from_MAC__mac_col_19,5C:6D:7E:8F:90:A1,DEFAULT
from_MAC__mac_col_19,6D:7E:8F:90:A1:B2,DEFAULT
from_MAC__mac_col_19,7E:8F:90:A1:B2:C3,DEFAULT
from_MAC__mac_col_19,2025-01-01 00:00:00,DEFAULT
from_MAC__mac_col_19,股票,DEFAULT
from_MAC__mac_col_19,rawValue,DEFAULT
from_MAC__mac_col_20,90-81-72-63-54-45,DEFAULT
from_MAC__mac_col_20,81-72-63-54-45-36,DEFAULT
from_MAC__mac_col_20,72-63-54-45-36-27,DEFAULT
from_MAC__mac_col_20,63-54-45-36-27-18,DEFAULT
from_MAC__mac_col_20,54-45-36-27-18-09,DEFAULT
from_MAC__mac_col_20,45-36-27-18-09-FA,DEFAULT
from_MAC__mac_col_20,36-27-18-09-FA-EB,DEFAULT
from_MAC__mac_col_20,系统参数A,DEFAULT
from_MAC__mac_col_20,100000,DEFAULT
from_MAC__mac_col_20,邮箱@test.cn,DEFAULT
from_MAC__mac_col_21,E3:5F:7C:46:16:1E,DEFAULT
from_MAC__mac_col_21,B79F4A4BF09E,DEFAULT
from_MAC__mac_col_21,4A:1D:79:1B:D8:B0,DEFAULT
from_MAC__mac_col_21,6723AE60F3EF,DEFAULT
from_MAC__mac_col_21,AB-99-D6-A8-53-35,DEFAULT
from_MAC__mac_col_21,15-FD-70-01-72-75,DEFAULT
from_MAC__mac_col_21,7A:F6:A9:C0:69:CC,DEFAULT
from_MAC__mac_col_22,03B90525B70F,DEFAULT
from_MAC__mac_col_22,B8:16:0F:65:65:91,DEFAULT
from_MAC__mac_col_22,AD-7D-5B-64-0B-5A,DEFAULT
from_MAC__mac_col_22,0A-46-C2-38-AD-6B,DEFAULT
from_MAC__mac_col_22,BD:BE:57:DE:21:3C,DEFAULT
from_MAC__mac_col_22,426162C1BFA2,DEFAULT
from_MAC__mac_col_22,7D:17:60:96:4C:A7,DEFAULT
from_MAC__mac_col_23,FA6B29F02155,DEFAULT
from_MAC__mac_col_23,BFFFED5BA4BF,DEFAULT
from_MAC__mac_col_23,FD:F2:89:CD:12:6A,DEFAULT
from_MAC__mac_col_23,E7-78-CA-6F-9C-D9,DEFAULT
from_MAC__mac_col_23,BF-82-2B-44-2B-97,DEFAULT
from_MAC__mac_col_23,75-15-EE-AC-DA-E6,DEFAULT
from_MAC__mac_col_23,BC:FE:A2:8B:C3:0C,DEFAULT
from_MAC__mac_col_23,87-26-B7-2A-96-28,DEFAULT
from_MAC__mac_col_23,32-3C-24-B8-13-66,DEFAULT
from_MAC__mac_col_24,61-46-85-04-99-90,DEFAULT
from_MAC__mac_col_24,CE:CF:06:F1:4C:CB,DEFAULT
from_MAC__mac_col_24,EF-EC-AE-2B-A0-60,DEFAULT
from_MAC__mac_col_24,D5:6B:E0:E6:0F:BF,DEFAULT
from_MAC__mac_col_24,41:9C:04:FF:B5:AD,DEFAULT
from_MAC__mac_col_24,CE:99:A6:0B:10:47,DEFAULT
from_MAC__mac_col_24,A9C8C368C820,DEFAULT
from_MAC__mac_col_24,F3:37:A8:E7:9B:2F,DEFAULT
from_MAC__mac_col_25,0D:5F:65:23:C5:91,DEFAULT
from_MAC__mac_col_25,E8-1D-BC-05-57-A7,DEFAULT
from_MAC__mac_col_25,38:42:D6:F4:23:C7,DEFAULT
from_MAC__mac_col_25,51:9E:67:EA:8D:67,DEFAULT
from_MAC__mac_col_25,E4-20-CC-7E-A8-FB,DEFAULT
from_MAC__mac_col_26,14-2E-93-E9-B1-98,DEFAULT
from_MAC__mac_col_26,59-D4-7F-5B-DD-EA,DEFAULT
from_MAC__mac_col_26,5D-30-C9-16-7A-50,DEFAULT
from_MAC__mac_col_26,95-22-6F-FC-D2-3E,DEFAULT
from_MAC__mac_col_26,A6D1E654816A,DEFAULT
from_MAC__mac_col_26,EC:C3:AF:CC:63:CB,DEFAULT
from_MAC__mac_col_27,45:A7:ED:F8:EC:22,DEFAULT
from_MAC__mac_col_27,7C:E0:47:F1:8E:52,DEFAULT
from_MAC__mac_col_27,33:5A:96:3F:C8:56,DEFAULT
from_MAC__mac_col_27,05:8B:4E:E1:B7:5B,DEFAULT
from_MAC__mac_col_27,6E-E2-18-34-C7-9D,DEFAULT
from_MAC__mac_col_27,7F-BF-7A-66-2E-08,DEFAULT
from_MAC__mac_col_28,20-70-31-55-55-16,DEFAULT
from_MAC__mac_col_28,A7:A5:61:6A:CA:DB,DEFAULT
from_MAC__mac_col_28,58:07:CD:A1:06:C7,DEFAULT
from_MAC__mac_col_28,21-8E-BC-16-22-6F,DEFAULT
from_MAC__mac_col_28,34578030A6C6,DEFAULT
from_MAC__mac_col_28,44-AA-59-A2-F6-22,DEFAULT
from_MAC__mac_col_28,77:06:77:0A:3F:9E,DEFAULT
from_MAC__mac_col_29,7C-28-1E-46-BF-FF,DEFAULT
from_MAC__mac_col_29,E3A8448EA214,DEFAULT
from_MAC__mac_col_29,D4:93:0C:75:A9:AF,DEFAULT
from_MAC__mac_col_29,7F71C3A45DE2,DEFAULT
from_MAC__mac_col_30,40-2E-58-68-78-28,DEFAULT
from_MAC__mac_col_30,9F54657DD95A,DEFAULT
from_MAC__mac_col_30,67-8B-F6-28-B8-CB,DEFAULT
from_MAC__mac_col_30,DD:4F:F6:0A:C3:DA,DEFAULT
from_MAC__mac_col_30,99-4E-59-83-C2-ED,DEFAULT
from_MAC__mac_col_30,C0:F6:24:AA:45:F0,DEFAULT
from_MAC__mac_col_31,BF-FB-CF-D4-CA-BF,DEFAULT
from_MAC__mac_col_31,24:D1:13:3F:C5:53,DEFAULT
from_MAC__mac_col_31,82-B2-FA-BC-1D-C5,DEFAULT
from_MAC__mac_col_31,7C-F4-11-B9-0E-4B,DEFAULT
from_MAC__mac_col_31,4B:82:7E:52:06:3B,DEFAULT
from_MAC__mac_col_31,C4-CB-29-60-D8-54,DEFAULT
from_MAC__mac_col_31,C3:9D:D2:2D:37:B0,DEFAULT
from_MAC__mac_col_32,CB:9D:03:56:FB:00,DEFAULT
from_MAC__mac_col_32,D5:93:DC:57:5A:BF,DEFAULT
from_MAC__mac_col_32,65:F9:5D:38:E6:6C,DEFAULT
from_MAC__mac_col_32,62:84:D1:E1:37:55,DEFAULT
from_MAC__mac_col_33,33:04:1F:88:03:15,DEFAULT
from_MAC__mac_col_33,88-F8-F2-AC-DB-AC,DEFAULT
from_MAC__mac_col_33,AFA17AB8CCC1,DEFAULT
from_MAC__mac_col_33,3301E9CD470D,DEFAULT
from_MAC__mac_col_33,7F:BC:E7:F3:D3:60,DEFAULT
from_MAC__mac_col_33,A4:08:B8:17:A6:E3,DEFAULT
from_MAC__mac_col_34,CC29B2DBF333,DEFAULT
from_MAC__mac_col_34,63-49-10-41-FE-2C,DEFAULT
from_MAC__mac_col_34,EF:56:E4:3B:F6:7B,DEFAULT
from_MAC__mac_col_34,36-DE-0E-52-A7-C4,DEFAULT
from_MAC__mac_col_34,3F45FB2EAA72,DEFAULT
from_MAC__mac_col_34,21:AF:C1:C3:DF:77,DEFAULT
from_MAC__mac_col_35,3B-BC-41-A0-C2-00,DEFAULT
from_MAC__mac_col_35,A3:BA:40:71:36:CA,DEFAULT
from_MAC__mac_col_35,EBA14A9770FF,DEFAULT
from_MAC__mac_col_35,91-4A-11-A3-9E-3F,DEFAULT
from_MAC__mac_col_35,F4-6E-FD-95-C0-1E,DEFAULT
from_MAC__mac_col_35,731A5BF9C899,DEFAULT
from_MAC__mac_col_36,51-0B-C8-AC-D8-F2,DEFAULT
from_MAC__mac_col_36,C8:24:90:90:63:C9,DEFAULT
from_MAC__mac_col_36,1B9BEA5346E2,DEFAULT
from_MAC__mac_col_36,4A6B6F6404B9,DEFAULT
from_MAC__mac_col_36,34:4B:C0:DA:56:1C,DEFAULT
from_MAC__mac_col_36,F2:5B:1A:3C:AD:DE,DEFAULT
from_MAC__mac_col_36,CE-7D-11-3C-7B-CB,DEFAULT
from_MAC__mac_col_36,C0-2D-ED-C3-8C-E3,DEFAULT
from_MAC__mac_col_37,73-0B-F5-8C-30-5C,DEFAULT
from_MAC__mac_col_37,DE984032A620,DEFAULT
from_MAC__mac_col_37,5ECF0AC9FA20,DEFAULT
from_MAC__mac_col_37,3F6A3C5C5C02,DEFAULT
from_MAC__mac_col_37,A0:3E:14:41:69:52,DEFAULT
from_MAC__mac_col_37,11-2B-3F-98-BA-57,DEFAULT
from_MAC__mac_col_37,00:7F:99:17:96:E3,DEFAULT
from_MAC__mac_col_37,A0:B4:6B:32:16:79,DEFAULT
from_MAC__mac_col_38,6E446EB78E41,DEFAULT
from_MAC__mac_col_38,26-82-85-C3-53-CC,DEFAULT
from_MAC__mac_col_38,4968248962BE,DEFAULT
from_MAC__mac_col_38,53:D6:4E:A1:DE:C2,DEFAULT
from_MAC__mac_col_38,7E:27:8A:3F:38:D0,DEFAULT
from_MAC__mac_col_38,AA:8B:4A:73:8C:05,DEFAULT
from_MAC__mac_col_38,71C1353F599C,DEFAULT
from_MAC__mac_col_39,FA:30:B2:90:8A:32,DEFAULT
from_MAC__mac_col_39,CEF44184044F,DEFAULT
from_MAC__mac_col_39,88:1B:BD:7F:D6:EA,DEFAULT
from_MAC__mac_col_39,B5-EF-92-8D-DB-75,DEFAULT
from_MAC__mac_col_39,2C:9C:D0:A0:2E:28,DEFAULT
from_MAC__mac_col_39,2F:54:1D:2B:92:FC,DEFAULT
from_MAC__mac_col_39,D9:45:F5:FE:3F:CF,DEFAULT
from_MAC__mac_col_40,03:D9:B0:7D:15:E5,DEFAULT
from_MAC__mac_col_40,73:59:26:BB:44:B4,DEFAULT
from_MAC__mac_col_40,C257BF39AD7F,DEFAULT
from_MAC__mac_col_40,3C:94:99:F7:96:87,DEFAULT
from_MAC__mac_col_40,6F-9C-12-ED-F9-1D,DEFAULT
from_MAC__mac_col_40,5F-CD-B5-04-33-DC,DEFAULT
from_MAC__mac_col_41,4ED23FF9034F,DEFAULT
from_MAC__mac_col_41,99-BA-DB-5D-89-37,DEFAULT
from_MAC__mac_col_41,E0-52-47-B5-DE-02,DEFAULT
from_MAC__mac_col_41,65-38-61-91-14-44,DEFAULT
from_MAC__mac_col_41,A9:10:52:65:F5:88,DEFAULT
from_MAC__mac_col_41,FD:41:A6:CC:C7:43,DEFAULT
from_MAC__mac_col_41,0A:40:4F:B0:06:79,DEFAULT
from_MAC__mac_col_41,AF-DB-04-DE-F5-94,DEFAULT
from_MAC__mac_col_42,DB:7E:4E:5F:7F:8F,DEFAULT
from_MAC__mac_col_42,7E:DB:65:F2:34:5C,DEFAULT
from_MAC__mac_col_42,4C-75-3D-43-CD-13,DEFAULT
from_MAC__mac_col_42,4A-DA-09-66-2E-1A,DEFAULT
from_MAC__mac_col_42,9C:76:71:AC:DA:F5,DEFAULT
from_MAC__mac_col_42,1A-9B-38-89-BA-8F,DEFAULT
from_MAC__mac_col_42,7E:A3:18:5D:14:00,DEFAULT
from_MAC__mac_col_42,A4-6C-92-F1-8F-33,DEFAULT
from_MAC__mac_col_42,9B-39-31-06-42-A9,DEFAULT
from_MAC__mac_col_43,B9:BE:79:8D:6B:C4,DEFAULT
from_MAC__mac_col_43,42:3D:15:61:62:E4,DEFAULT
from_MAC__mac_col_43,9A:F2:67:4E:16:41,DEFAULT
from_MAC__mac_col_43,81:B1:BB:E5:3C:DF,DEFAULT
from_MAC__mac_col_43,0B558C429417,DEFAULT
from_MAC__mac_col_43,2654E0C4C7CD,DEFAULT
from_MAC__mac_col_44,84:9B:70:97:89:3C,DEFAULT
from_MAC__mac_col_44,8E448A1A7F6B,DEFAULT
from_MAC__mac_col_44,A6-2A-87-44-D1-96,DEFAULT
from_MAC__mac_col_45,05:B6:70:8F:5A:83,DEFAULT
from_MAC__mac_col_45,36-C3-83-69-E2-70,DEFAULT
from_MAC__mac_col_45,CA:4F:E4:76:DE:BC,DEFAULT
from_MAC__mac_col_45,2F:FD:5C:EB:5E:5A,DEFAULT
from_MAC__mac_col_45,5C-90-0A-9E-53-5A,DEFAULT
from_MAC__mac_col_45,60-23-49-24-DA-7D,DEFAULT
from_MAC__mac_col_45,CE-33-46-06-33-C1,DEFAULT
from_MAC__mac_col_45,16437F2A8949,DEFAULT
from_MAC__mac_col_46,04-36-AD-2B-67-47,DEFAULT
from_MAC__mac_col_46,E3:53:9D:A9:F5:4F,DEFAULT
from_MAC__mac_col_46,B4:92:73:C4:39:FB,DEFAULT
from_MAC__mac_col_47,72:34:90:B6:27:AA,DEFAULT
from_MAC__mac_col_47,2B164D5BDBAB,DEFAULT
from_MAC__mac_col_47,92-B2-35-8A-FF-BC,DEFAULT
from_MAC__mac_col_47,27-01-4C-4B-A3-4B,DEFAULT
from_MAC__mac_col_47,F4:22:39:DA:8E:4A,DEFAULT
from_MAC__mac_col_47,FDD9F6D3AA46,DEFAULT
from_MAC__mac_col_48,C4:D6:FE:FC:75:C4,DEFAULT
from_MAC__mac_col_48,D7:70:2C:78:B9:01,DEFAULT
from_MAC__mac_col_48,08-B9-F2-44-38-1E,DEFAULT
from_MAC__mac_col_48,47:96:EB:49:D7:7C,DEFAULT
from_MAC__mac_col_48,1C463C49C10D,DEFAULT
from_MAC__mac_col_48,BE:1B:36:25:F4:50,DEFAULT
from_MAC__mac_col_49,4799F0D2ACE3,DEFAULT
from_MAC__mac_col_49,92384F1E1058,DEFAULT
from_MAC__mac_col_49,E8-84-9C-74-D8-50,DEFAULT
from_MAC__mac_col_49,C1-40-6C-CD-1C-70,DEFAULT
from_MAC__mac_col_49,27:EF:F4:A0:CF:C2,DEFAULT
from_MAC__mac_col_49,638A373527B9,DEFAULT
from_MAC__mac_col_49,AB:0E:7A:90:53:36,DEFAULT
from_MAC__mac_col_50,F0131F6B96BE,DEFAULT
from_MAC__mac_col_50,D450D658594D,DEFAULT
from_MAC__mac_col_50,5C:BA:38:53:0F:FE,DEFAULT
from_MAC__mac_col_50,9C:CE:BF:87:A4:0E,DEFAULT
from_MAC__mac_col_50,A9:0E:F0:11:49:D0,DEFAULT
from_MAC__mac_col_50,C1:56:50:33:07:B2,DEFAULT
from_MAC__mac_col_50,2F-D6-21-39-F3-ED,DEFAULT
from_MAC__mac_col_50,E1-44-00-9F-F3-F0,DEFAULT
from_MAC__mac_col_50,41A5BB31F4FC,DEFAULT
from_MAC__mac_col_50,644070424973,DEFAULT
from_MAC__mac_col_51,2A:30:CE:90:35:7F,DEFAULT
from_MAC__mac_col_51,80:5E:9A:A8:EC:88,DEFAULT
from_MAC__mac_col_51,A7D8BF4A11C5,DEFAULT
from_MAC__mac_col_51,18:65:5D:07:49:11,DEFAULT
from_MAC__mac_col_51,52-CB-A5-05-F6-F7,DEFAULT
from_MAC__mac_col_51,60CFE76DE886,DEFAULT
from_MAC__mac_col_51,E1-3C-8F-AC-AC-5F,DEFAULT
from_MAC__mac_col_51,AE:F9:E9:31:AF:86,DEFAULT
from_MAC__mac_col_51,BB-DA-0D-40-30-74,DEFAULT
from_MAC__mac_col_51,38-3D-97-40-B1-9D,DEFAULT
from_MAC__mac_col_52,DF2A5DCB6348,DEFAULT
from_MAC__mac_col_52,710865B54D18,DEFAULT
from_MAC__mac_col_52,B97555BF5133,DEFAULT
from_MAC__mac_col_52,54:73:4D:D9:67:8E,DEFAULT
from_MAC__mac_col_52,CD-97-C7-D7-F3-EF,DEFAULT
from_MAC__mac_col_52,45:99:00:26:80:9F,DEFAULT
from_MAC__mac_col_52,22:1E:D2:47:49:F6,DEFAULT
from_MAC__mac_col_52,7C:C8:51:D6:C8:63,DEFAULT
from_MAC__mac_col_52,B3:24:73:8D:47:CD,DEFAULT
from_MAC__mac_col_52,4D:69:E3:48:8D:A7,DEFAULT
from_MAC__mac_col_53,3C-9F-34-F1-76-E0,DEFAULT
from_MAC__mac_col_53,3F:E8:4E:24:AE:8B,DEFAULT
from_MAC__mac_col_53,C38239EEDA56,DEFAULT
from_MAC__mac_col_53,F9:95:73:34:2D:B9,DEFAULT
from_MAC__mac_col_53,FDDDD71D358F,DEFAULT
from_MAC__mac_col_53,8D:80:A8:D6:80:B6,DEFAULT
from_MAC__mac_col_53,0633F87CFD71,DEFAULT
from_MAC__mac_col_53,DE:88:35:F9:C0:C3,DEFAULT
from_MAC__mac_col_53,3732303C7AB8,DEFAULT
from_MAC__mac_col_53,D7C914B1E1EB,DEFAULT
from_MAC__mac_col_54,13:CC:DD:0D:6E:5C,DEFAULT
from_MAC__mac_col_54,A8-32-95-D3-0E-E9,DEFAULT
from_MAC__mac_col_54,B7:B0:B4:7F:8D:E4,DEFAULT
from_MAC__mac_col_54,A6EA86526BA4,DEFAULT
from_MAC__mac_col_54,CD-B2-58-FF-2D-AA,DEFAULT
from_MAC__mac_col_54,74-A2-9C-33-2E-CF,DEFAULT
from_MAC__mac_col_54,FE-5F-C3-67-87-F8,DEFAULT
from_MAC__mac_col_54,AC:E0:B9:51:56:A5,DEFAULT
from_MAC__mac_col_54,39619E975BCB,DEFAULT
from_MAC__mac_col_54,26:65:2F:2E:CF:86,DEFAULT
from_MAC__mac_col_55,AEB5CB44C535,DEFAULT
from_MAC__mac_col_55,96:2A:A5:73:E2:14,DEFAULT
from_MAC__mac_col_55,4F:8C:0D:FD:72:70,DEFAULT
from_MAC__mac_col_55,73:E1:6E:4A:06:97,DEFAULT
from_MAC__mac_col_55,0A:F7:E0:D4:62:D3,DEFAULT
from_MAC__mac_col_55,CC-C6-85-BA-86-DC,DEFAULT
from_MAC__mac_col_55,BA-78-A3-B6-27-44,DEFAULT
from_MAC__mac_col_55,7E4131F3A035,DEFAULT
from_MAC__mac_col_55,74-B2-72-EE-89-1B,DEFAULT
from_MAC__mac_col_55,E0FEDF21570B,DEFAULT
from_MAC__mac_col_56,E51DB1F44B20,DEFAULT
from_MAC__mac_col_56,B5-21-8D-81-0E-FB,DEFAULT
from_MAC__mac_col_56,44-CA-6E-E7-9E-9B,DEFAULT
from_MAC__mac_col_56,77D049A1031B,DEFAULT
from_MAC__mac_col_56,B73D2420D352,DEFAULT
from_MAC__mac_col_56,637F5B5C0FFD,DEFAULT
from_MAC__mac_col_56,3D-A9-2D-30-CE-C6,DEFAULT
from_MAC__mac_col_56,C3-F2-46-AF-5D-31,DEFAULT
from_MAC__mac_col_56,B5:5A:DC:81:FF:2E,DEFAULT
from_MAC__mac_col_56,85-CD-66-74-B3-29,DEFAULT
from_MAC__mac_col_57,E730830A1F1E,DEFAULT
from_MAC__mac_col_57,BF-30-56-00-06-02,DEFAULT
from_MAC__mac_col_57,C4:9C:0E:BF:23:58,DEFAULT
from_MAC__mac_col_57,FF5D6FB0314F,DEFAULT
from_MAC__mac_col_57,BF:5A:E1:5A:4C:E3,DEFAULT
from_MAC__mac_col_57,133D9F9537B2,DEFAULT
from_MAC__mac_col_57,5C5533FE624F,DEFAULT
from_MAC__mac_col_57,AC-E8-C7-E5-3B-21,DEFAULT
from_MAC__mac_col_57,7E-BB-48-7A-FB-60,DEFAULT
from_MAC__mac_col_57,15B71EF5322E,DEFAULT
from_MAC__mac_col_58,A4-C9-66-90-A4-45,DEFAULT
from_MAC__mac_col_58,65:95:DA:CE:DE:C1,DEFAULT
from_MAC__mac_col_58,FB0CFB35A4F7,DEFAULT
from_MAC__mac_col_58,C7:9C:FE:93:1C:15,DEFAULT
from_MAC__mac_col_58,2D:9D:58:A0:18:0E,DEFAULT
from_MAC__mac_col_58,9BC560B41ADE,DEFAULT
from_MAC__mac_col_58,5B:BD:16:6D:32:EA,DEFAULT
from_MAC__mac_col_58,71A32568FD69,DEFAULT
from_MAC__mac_col_58,07:17:C3:69:3B:94,DEFAULT
from_MAC__mac_col_58,7B-A9-5A-C7-74-BE,DEFAULT
from_MAC__mac_col_59,164F487E84D8,DEFAULT
from_MAC__mac_col_59,9E-68-8B-D1-05-D4,DEFAULT
from_MAC__mac_col_59,C18E61F98105,DEFAULT
from_MAC__mac_col_59,CA15E5417224,DEFAULT
from_MAC__mac_col_59,3A3B51FA225D,DEFAULT
from_MAC__mac_col_59,A7-55-83-CB-91-92,DEFAULT
from_MAC__mac_col_59,85373DCA672C,DEFAULT
from_MAC__mac_col_59,FE:66:41:12:F0:F5,DEFAULT
from_MAC__mac_col_59,397513C65E2A,DEFAULT
from_MAC__mac_col_59,22-7B-DF-BD-E0-49,DEFAULT
from_MAC__mac_col_60,15:60:6B:A2:16:07,DEFAULT
from_MAC__mac_col_60,AE8059B3EC66,DEFAULT
from_MAC__mac_col_60,1C:C8:C2:4E:95:20,DEFAULT
from_MAC__mac_col_60,5E:63:AB:E0:0C:E1,DEFAULT
from_MAC__mac_col_60,7D:93:52:49:A2:1D,DEFAULT
from_MAC__mac_col_60,21:D1:08:56:A4:BD,DEFAULT
from_MAC__mac_col_60,49357703C301,DEFAULT
from_MAC__mac_col_60,1D:C6:3D:72:12:25,DEFAULT
from_MAC__mac_col_60,F3C590C6E679,DEFAULT
from_MAC__mac_col_60,FB-80-B0-E8-F5-4E,DEFAULT
from_MAC__mac_col_61,B8-72-49-92-59-C6,DEFAULT
from_MAC__mac_col_61,52:BC:0A:DD:99:49,DEFAULT
from_MAC__mac_col_61,EB:D2:74:CD:40:B4,DEFAULT
from_MAC__mac_col_61,CF-D7-D5-EB-E7-E3,DEFAULT
from_MAC__mac_col_61,EDBAACA6CC44,DEFAULT
from_MAC__mac_col_61,69-7D-6F-61-63-BA,DEFAULT
from_MAC__mac_col_61,D1-BF-9D-6D-C9-48,DEFAULT
from_MAC__mac_col_61,37:E7:99:D3:1A:66,DEFAULT
from_MAC__mac_col_61,AC:50:C4:DD:5C:E2,DEFAULT
from_MAC__mac_col_61,69C5588B4FCD,DEFAULT
from_MAC__mac_col_62,654DD2A2EF7D,DEFAULT
from_MIXED__mixed_train_col_01,张三 17733334444 E45678901,DEFAULT
from_MIXED__mixed_train_col_01,深圳创新股份公司 13912345678 91120100MA08901234,DEFAULT
from_MIXED__mixed_train_col_01,郑二 15122223333 E12345678,DEFAULT
from_MIXED__mixed_train_col_01,李四 15800001111 E45678901,DEFAULT
from_MIXED__mixed_train_col_01,重庆远航实业有限公司 经办张三 19977778888 E45678901 主体91110000MA00123456,DEFAULT
from_MIXED__mixed_train_col_01,南京博瑞信息技术有限公司 经办赵六 13698765432 P67890123 主体91110000MA00123456,DEFAULT
from_MIXED__mixed_train_col_01,联系人张三 手机18611112222 证件110108198403028765,DEFAULT
from_MIXED__mixed_train_col_01,联系人陈七 手机18611112222 证件330102199205154321,DEFAULT
from_MIXED__mixed_train_col_01,联系人李四 手机13912345678 证件110108198403028765,DEFAULT
from_MIXED__mixed_train_col_01,刘八 18855556666 P67890123,DEFAULT
from_MIXED__mixed_train_col_02,联系人张三 手机13698765432 证件440305198710040987,DEFAULT
from_MIXED__mixed_train_col_02,周九 13912345678 P90123456,DEFAULT
from_MIXED__mixed_train_col_02,联系人郑二 手机18855556666 证件510183199811051098,DEFAULT
from_MIXED__mixed_train_col_02,上海恒远数据有限公司 13800001234 91510100MA03456789,DEFAULT
from_MIXED__mixed_train_col_02,联系人李四 手机15800001111 证件320311198706042233,DEFAULT
from_MIXED__mixed_train_col_02,客户陈七，护照号E01234567，统一码91710100MA05678901,DEFAULT
from_MIXED__mixed_train_col_02,成都智汇科技有限公司 18855556666 91510100MA03456789,DEFAULT
from_MIXED__mixed_train_col_02,联系人李四 手机13200001111 证件440103198812123456,DEFAULT
from_MIXED__mixed_train_col_02,杭州云联有限公司 经办王五 13698765432 G89012345 主体91110000MA00123456,DEFAULT
from_MIXED__mixed_train_col_02,联系人孙一 手机15800001111 证件310115199101017654,DEFAULT
from_MIXED__mixed_train_col_03,赵六 13800001234 E78901234,DEFAULT
from_MIXED__mixed_train_col_03,客户陈七，护照号G23456789，统一码91510100MA03456789,DEFAULT
from_MIXED__mixed_train_col_03,成都智汇科技有限公司 经办赵六 13698765432 G89012345 主体91110000MA00123456,DEFAULT
from_MIXED__mixed_train_col_03,客户王五，护照号G56789012，统一码91440300MA02345678,DEFAULT
from_MIXED__mixed_train_col_03,西安启明数据有限公司 19977778888 91650100MA04567890,DEFAULT
from_MIXED__mixed_train_col_03,南京博瑞信息技术有限公司 经办郑二 15122223333 E78901234 主体91110000MA00123456,DEFAULT
from_MIXED__mixed_train_col_03,深圳创新股份公司 19977778888 91910100MA07890123,DEFAULT
from_MIXED__mixed_train_col_03,张三 13912345678 P34567890,DEFAULT
from_MIXED__mixed_train_col_03,南京博瑞信息技术有限公司 13200001111 91310000MA01234567,DEFAULT
from_MIXED__mixed_train_col_03,客户周九，护照号P67890123，统一码91910100MA07890123,DEFAULT
from_MIXED__mixed_train_col_04,广州通达贸易有限公司 经办孙一 13800001234 G23456789 主体91110000MA00123456,DEFAULT
from_MIXED__mixed_train_col_04,广州通达贸易有限公司 经办刘八 13912345678 G56789012 主体91110000MA00123456,DEFAULT
from_MIXED__mixed_train_col_04,客户王五，护照号E01234567，统一码91110000MA00123456,DEFAULT
from_MIXED__mixed_train_col_04,联系人孙一 手机18611112222 证件440305198710040987,DEFAULT
from_MIXED__mixed_train_col_04,陈七 19977778888 P67890123,DEFAULT
from_MIXED__mixed_train_col_04,深圳创新股份公司 18855556666 91440300MA02345678,DEFAULT
from_MIXED__mixed_train_col_04,西安启明数据有限公司 经办张三 13200001111 E78901234 主体91110000MA00123456,DEFAULT
from_MIXED__mixed_train_col_04,客户张三，护照号G23456789，统一码91710100MA05678901,DEFAULT
from_MIXED__mixed_train_col_04,联系人赵六 手机13800001234 证件330102199205154321,DEFAULT
from_MIXED__mixed_train_col_04,上海恒远数据有限公司 经办李四 13698765432 G23456789 主体91110000MA00123456,DEFAULT
from_MIXED__mixed_train_col_05,深圳创新股份公司 经办王五 13698765432 P90123456 主体91110000MA00123456,DEFAULT
from_MIXED__mixed_train_col_05,广州通达贸易有限公司 19977778888 91130100MA09012345,DEFAULT
from_MIXED__mixed_train_col_05,客户赵六，护照号P90123456，统一码91510100MA03456789,DEFAULT
from_MIXED__mixed_train_col_05,联系人周九 手机18855556666 证件320106199607039876,DEFAULT
from_MIXED__mixed_train_col_05,武汉华泰软件有限公司 经办李四 15800001111 E45678901 主体91110000MA00123456,DEFAULT
from_MIXED__mixed_train_col_05,刘八 13800001234 P67890123,DEFAULT
from_MIXED__mixed_train_col_05,杭州云联有限公司 经办郑二 15800001111 E12345678 主体91110000MA00123456,DEFAULT
from_MIXED__mixed_train_col_05,张三 15800001111 G23456789,DEFAULT
from_MIXED__mixed_train_col_05,刘八 13912345678 P90123456,DEFAULT
from_MIXED__mixed_train_col_05,广州通达贸易有限公司 13698765432 91510100MA03456789,DEFAULT
from_MIXED__mixed_train_col_06,深圳创新股份公司 经办郑二 13200001111 E01234567 主体91110000MA00123456,DEFAULT
from_MIXED__mixed_train_col_06,武汉华泰软件有限公司 15122223333 91510100MA03456789,DEFAULT
from_MIXED__mixed_train_col_06,李四 15122223333 E78901234,DEFAULT
from_MIXED__mixed_train_col_06,客户周九，护照号E01234567，统一码91110000MA00123456,DEFAULT
from_MIXED__mixed_train_col_06,张三 15122223333 E78901234,DEFAULT
from_MIXED__mixed_train_col_06,赵六 15800001111 E45678901,DEFAULT
from_MIXED__mixed_train_col_06,武汉华泰软件有限公司 经办王五 15122223333 P34567890 主体91110000MA00123456,DEFAULT
from_MIXED__mixed_train_col_06,联系人吴十 手机15800001111 证件320311198706042233,DEFAULT
from_MIXED__mixed_train_col_06,客户孙一，护照号G23456789，统一码91110000MA00123456,DEFAULT
from_MIXED__mixed_train_col_06,北京科技有限公司 经办李四 15800001111 P34567890 主体91110000MA00123456,DEFAULT
from_MIXED__mixed_train_col_07,客户吴十，护照号E01234567，统一码91510100MA03456789,DEFAULT
from_MIXED__mixed_train_col_07,客户张三，护照号P34567890，统一码91810100MA06789012,DEFAULT
from_MIXED__mixed_train_col_07,周九 17733334444 E01234567,DEFAULT
from_MIXED__mixed_train_col_07,联系人周九 手机19977778888 证件320106199607039876,DEFAULT
from_MIXED__mixed_train_col_07,杭州云联有限公司 17733334444 91510100MA03456789,DEFAULT
from_MIXED__mixed_train_col_07,郑二 19977778888 E12345678,DEFAULT
from_MIXED__mixed_train_col_07,联系人张三 手机13800001234 证件510183199811051098,DEFAULT
from_MIXED__mixed_train_col_07,客户孙一，护照号P90123456，统一码91440300MA02345678,DEFAULT
from_MIXED__mixed_train_col_07,孙一 13912345678 P34567890,DEFAULT
from_MIXED__mixed_train_col_07,郑二 13912345678 E45678901,DEFAULT
from_MIXED__mixed_train_col_08,客户李四，护照号P67890123，统一码91510100MA03456789,DEFAULT
from_MIXED__mixed_train_col_08,重庆远航实业有限公司 经办张三 13200001111 G23456789 主体91110000MA00123456,DEFAULT
from_MIXED__mixed_train_col_08,客户郑二，护照号P67890123，统一码91120100MA08901234,DEFAULT
from_MIXED__mixed_train_col_08,联系人陈七 手机15800001111 证件310115199101017654,DEFAULT
from_MIXED__mixed_train_col_08,广州通达贸易有限公司 15122223333 91440300MA02345678,DEFAULT
from_MIXED__mixed_train_col_08,联系人吴十 手机18855556666 证件320311198706042233,DEFAULT
from_MIXED__mixed_train_col_08,吴十 13200001111 P67890123,DEFAULT
from_MIXED__mixed_train_col_08,李四 19977778888 E45678901,DEFAULT
from_MIXED__mixed_train_col_08,广州通达贸易有限公司 经办王五 18855556666 G23456789 主体91110000MA00123456,DEFAULT
from_MIXED__mixed_train_col_08,成都智汇科技有限公司 17733334444 91440300MA02345678,DEFAULT
from_MIXED__mixed_train_col_09,客户孙一，护照号G56789012，统一码91130100MA09012345,DEFAULT
from_MIXED__mixed_train_col_09,北京科技有限公司 经办孙一 17733334444 G23456789 主体91110000MA00123456,DEFAULT
from_MIXED__mixed_train_col_09,广州通达贸易有限公司 13912345678 91310000MA01234567,DEFAULT
from_MIXED__mixed_train_col_09,深圳创新股份公司 经办陈七 17733334444 P67890123 主体91110000MA00123456,DEFAULT
from_MIXED__mixed_train_col_09,成都智汇科技有限公司 15800001111 91650100MA04567890,DEFAULT
from_MIXED__mixed_train_col_09,武汉华泰软件有限公司 经办陈七 13800001234 G23456789 主体91110000MA00123456,DEFAULT
from_MIXED__mixed_train_col_09,客户陈七，护照号E12345678，统一码91110000MA00123456,DEFAULT
from_MIXED__mixed_train_col_09,联系人王五 手机17733334444 证件440103198812123456,DEFAULT
from_MIXED__mixed_train_col_09,客户孙一，护照号G89012345，统一码91120100MA08901234,DEFAULT
from_MIXED__mixed_train_col_09,李四 13912345678 P34567890,DEFAULT
from_MIXED__mixed_train_col_10,北京科技有限公司 经办刘八 13200001111 P90123456 主体91110000MA00123456,DEFAULT
from_MIXED__mixed_train_col_10,南京博瑞信息技术有限公司 18611112222 91110000MA00123456,DEFAULT
from_MIXED__mixed_train_col_10,联系人刘八 手机13800001234 证件310115199101017654,DEFAULT
from_MIXED__mixed_train_col_10,杭州云联有限公司 13912345678 91710100MA05678901,DEFAULT
from_MIXED__mixed_train_col_10,南京博瑞信息技术有限公司 经办郑二 18611112222 E45678901 主体91110000MA00123456,DEFAULT
from_MIXED__mixed_train_col_10,深圳创新股份公司 15122223333 91110000MA00123456,DEFAULT
from_MIXED__mixed_train_col_10,成都智汇科技有限公司 15122223333 91510100MA03456789,DEFAULT
from_MIXED__mixed_train_col_10,联系人王五 手机13912345678 证件110108198403028765,DEFAULT
from_MIXED__mixed_train_col_10,吴十 15800001111 E45678901,DEFAULT
from_MIXED__mixed_train_col_10,客户刘八，护照号G56789012，统一码91510100MA03456789,DEFAULT
from_MIXED__mixed_train_col_11,北京科技有限公司 15800001111 91810100MA06789012,DEFAULT
from_MIXED__mixed_train_col_11,联系人陈七 手机13912345678 证件510104198909086543,DEFAULT
from_MIXED__mixed_train_col_11,联系人孙一 手机15122223333 证件440305198710040987,DEFAULT
from_MIXED__mixed_train_col_11,联系人张三 手机13912345678 证件510104198909086543,DEFAULT
from_MIXED__mixed_train_col_11,重庆远航实业有限公司 17733334444 91110000MA00123456,DEFAULT
from_MIXED__mixed_train_col_11,郑二 15122223333 E78901234,DEFAULT
from_MIXED__mixed_train_col_11,联系人周九 手机13200001111 证件440305198710040987,DEFAULT
from_MIXED__mixed_train_col_11,周九 13200001111 E45678901,DEFAULT
from_MIXED__mixed_train_col_11,联系人张三 手机15122223333 证件110101199003074512,DEFAULT
from_MIXED__mixed_train_col_11,西安启明数据有限公司 经办赵六 18855556666 G89012345 主体91110000MA00123456,DEFAULT
from_MIXED__mixed_train_col_12,刘八 13200001111 E78901234,DEFAULT
from_MIXED__mixed_train_col_12,陈七 19977778888 G56789012,DEFAULT
from_MIXED__mixed_train_col_12,客户刘八，护照号G89012345，统一码91650100MA04567890,DEFAULT
from_MIXED__mixed_train_col_12,深圳创新股份公司 经办赵六 15122223333 G89012345 主体91110000MA00123456,DEFAULT
from_MIXED__mixed_train_col_12,重庆远航实业有限公司 13200001111 91650100MA04567890,DEFAULT
from_MIXED__mixed_train_col_12,客户孙一，护照号E12345678，统一码91650100MA04567890,DEFAULT
from_MIXED__mixed_train_col_12,联系人赵六 手机15122223333 证件510183199811051098,DEFAULT
from_MIXED__mixed_train_col_12,成都智汇科技有限公司 经办吴十 13698765432 E01234567 主体91110000MA00123456,DEFAULT
from_MIXED__mixed_train_col_12,西安启明数据有限公司 13698765432 91440300MA02345678,DEFAULT
from_MIXED__mixed_train_col_13,联系人李四 手机15800001111 证件510104198909086543,DEFAULT
from_MIXED__mixed_train_col_13,杭州云联有限公司 18611112222 91110000MA00123456,DEFAULT
from_MIXED__mixed_train_col_13,赵六 13698765432 P67890123,DEFAULT
from_MIXED__mixed_train_col_13,吴十 15122223333 P67890123,DEFAULT
from_MIXED__mixed_train_col_13,南京博瑞信息技术有限公司 13698765432 91810100MA06789012,DEFAULT
from_MIXED__mixed_train_col_13,深圳创新股份公司 13800001234 91310000MA01234567,DEFAULT
from_MIXED__mixed_train_col_13,客户赵六，护照号P34567890，统一码91120100MA08901234,DEFAULT
from_MIXED__mixed_train_col_13,客户张三，护照号P90123456，统一码91510100MA03456789,DEFAULT
from_MIXED__mixed_train_col_13,吴十 18611112222 E01234567,DEFAULT
from_MIXED__mixed_train_col_13,西安启明数据有限公司 经办郑二 18855556666 E01234567 主体91110000MA00123456,DEFAULT
from_MIXED__mixed_train_col_14,西安启明数据有限公司 经办周九 19977778888 E01234567 主体91110000MA00123456,DEFAULT
from_MIXED__mixed_train_col_14,武汉华泰软件有限公司 13698765432 91650100MA04567890,DEFAULT
from_MIXED__mixed_train_col_14,广州通达贸易有限公司 19977778888 91910100MA07890123,DEFAULT
from_MIXED__mixed_train_col_14,广州通达贸易有限公司 13698765432 91310000MA01234567,DEFAULT
from_MIXED__mixed_train_col_14,联系人赵六 手机17733334444 证件310115199101017654,DEFAULT
from_MIXED__mixed_train_col_14,联系人孙一 手机13912345678 证件440103198812123456,DEFAULT
from_MIXED__mixed_train_col_14,杭州云联有限公司 15122223333 91440300MA02345678,DEFAULT
from_MIXED__mixed_train_col_14,上海恒远数据有限公司 15122223333 91810100MA06789012,DEFAULT
from_MIXED__mixed_train_col_14,联系人孙一 手机13698765432 证件110108198403028765,DEFAULT
from_MIXED__mixed_train_col_14,赵六 15122223333 G89012345,DEFAULT
from_MIXED__mixed_train_col_15,北京科技有限公司 经办郑二 15122223333 E01234567 主体91110000MA00123456,DEFAULT
from_MIXED__mixed_train_col_15,刘八 17733334444 G89012345,DEFAULT
from_MIXED__mixed_train_col_15,客户孙一，护照号P90123456，统一码91130100MA09012345,DEFAULT
from_MIXED__mixed_train_col_15,武汉华泰软件有限公司 15800001111 91650100MA04567890,DEFAULT
from_MIXED__mixed_train_col_15,客户吴十，护照号E12345678，统一码91810100MA06789012,DEFAULT
from_MIXED__mixed_train_col_15,联系人周九 手机18611112222 证件320106199607039876,DEFAULT
from_MIXED__mixed_train_col_15,重庆远航实业有限公司 19977778888 91110000MA00123456,DEFAULT
from_MIXED__mixed_train_col_15,客户郑二，护照号P67890123，统一码91110000MA00123456,DEFAULT
from_MIXED__mixed_train_col_15,周九 18611112222 E01234567,DEFAULT
from_MIXED__mixed_train_col_15,北京科技有限公司 17733334444 91810100MA06789012,DEFAULT
from_MIXED__mixed_train_col_16,联系人赵六 手机13698765432 证件310115199101017654,DEFAULT
from_MIXED__mixed_train_col_16,联系人周九 手机17733334444 证件110108198403028765,DEFAULT
from_MIXED__mixed_train_col_16,联系人李四 手机13698765432 证件110101199003074512,DEFAULT
from_MIXED__mixed_train_col_16,北京科技有限公司 经办刘八 15800001111 G23456789 主体91110000MA00123456,DEFAULT
from_MIXED__mixed_train_col_16,张三 15800001111 E45678901,DEFAULT
from_MIXED__mixed_train_col_16,郑二 18611112222 E45678901,DEFAULT
from_MIXED__mixed_train_col_16,武汉华泰软件有限公司 13912345678 91130100MA09012345,DEFAULT
from_MIXED__mixed_train_col_16,武汉华泰软件有限公司 17733334444 91710100MA05678901,DEFAULT
from_MIXED__mixed_train_col_16,重庆远航实业有限公司 13200001111 91310000MA01234567,DEFAULT
from_MIXED__mixed_train_col_16,广州通达贸易有限公司 13912345678 91130100MA09012345,DEFAULT
from_MIXED__mixed_train_col_17,陈七 13200001111 G89012345,DEFAULT
from_MIXED__mixed_train_col_17,客户赵六，护照号G23456789，统一码91130100MA09012345,DEFAULT
from_MIXED__mixed_train_col_17,上海恒远数据有限公司 17733334444 91130100MA09012345,DEFAULT
from_MIXED__mixed_train_col_17,郑二 13800001234 E78901234,DEFAULT
from_MIXED__mixed_train_col_17,南京博瑞信息技术有限公司 经办刘八 13912345678 P90123456 主体91110000MA00123456,DEFAULT
from_MIXED__mixed_train_col_17,联系人张三 手机15122223333 证件320106199607039876,DEFAULT
from_MIXED__mixed_train_col_17,周九 18855556666 E01234567,DEFAULT
from_MIXED__mixed_train_col_17,南京博瑞信息技术有限公司 18611112222 91120100MA08901234,DEFAULT
from_MIXED__mixed_train_col_17,联系人郑二 手机19977778888 证件320106199607039876,DEFAULT
from_MIXED__mixed_train_col_17,客户周九，护照号P67890123，统一码91650100MA04567890,DEFAULT
from_MIXED__mixed_train_col_18,联系人赵六 手机13912345678 证件510104198909086543,DEFAULT
from_MIXED__mixed_train_col_18,客户赵六，护照号E01234567，统一码91130100MA09012345,DEFAULT
from_MIXED__mixed_train_col_18,南京博瑞信息技术有限公司 经办刘八 13800001234 E01234567 主体91110000MA00123456,DEFAULT
from_MIXED__mixed_train_col_18,联系人王五 手机13698765432 证件330102199205154321,DEFAULT
from_MIXED__mixed_train_col_18,联系人陈七 手机18855556666 证件510104198909086543,DEFAULT
from_MIXED__mixed_train_col_18,广州通达贸易有限公司 经办孙一 13800001234 P90123456 主体91110000MA00123456,DEFAULT
from_MIXED__mixed_train_col_18,上海恒远数据有限公司 15800001111 91810100MA06789012,DEFAULT
from_MIXED__mixed_train_col_18,客户孙一，护照号E45678901，统一码91910100MA07890123,DEFAULT
from_MIXED__mixed_train_col_18,客户吴十，护照号E12345678，统一码91310000MA01234567,DEFAULT
from_MIXED__mixed_train_col_18,联系人赵六 手机15122223333 证件330102199205154321,DEFAULT
from_MIXED__mixed_train_col_19,联系人郑二 手机18855556666 证件320106199607039876,DEFAULT
from_MIXED__mixed_train_col_19,西安启明数据有限公司 经办刘八 15122223333 P90123456 主体91110000MA00123456,DEFAULT
from_MIXED__mixed_train_col_19,联系人刘八 手机13698765432 证件510104198909086543,DEFAULT
from_MIXED__mixed_train_col_19,联系人陈七 手机15800001111 证件320311198706042233,DEFAULT
from_MIXED__mixed_train_col_19,成都智汇科技有限公司 13912345678 91120100MA08901234,DEFAULT
from_MIXED__mixed_train_col_19,杭州云联有限公司 15800001111 91910100MA07890123,DEFAULT
from_MIXED__mixed_train_col_19,联系人郑二 手机19977778888 证件510183199811051098,DEFAULT
from_MIXED__mixed_train_col_19,成都智汇科技有限公司 18611112222 91650100MA04567890,DEFAULT
from_MIXED__mixed_train_col_19,孙一 18611112222 G56789012,DEFAULT
from_MIXED__mixed_train_col_20,张三 19977778888 G56789012,DEFAULT
from_MIXED__mixed_train_col_20,武汉华泰软件有限公司 13912345678 91110000MA00123456,DEFAULT
from_MIXED__mixed_train_col_20,广州通达贸易有限公司 经办吴十 13698765432 E01234567 主体91110000MA00123456,DEFAULT
from_MIXED__mixed_train_col_20,联系人王五 手机13800001234 证件510104198909086543,DEFAULT
from_MIXED__mixed_train_col_20,客户李四，护照号G23456789，统一码91810100MA06789012,DEFAULT
from_MIXED__mixed_train_col_20,客户李四，护照号P67890123，统一码91110000MA00123456,DEFAULT
from_MIXED__mixed_train_col_20,深圳创新股份公司 13200001111 91650100MA04567890,DEFAULT
from_MIXED__mixed_train_col_20,赵六 13912345678 P90123456,DEFAULT
from_MIXED__mixed_train_col_20,客户郑二，护照号P67890123，统一码91130100MA09012345,DEFAULT
from_MIXED__mixed_train_col_20,西安启明数据有限公司 15122223333 91910100MA07890123,DEFAULT
from_MIXED__mixed_train_col_21,客户陈七，护照号P67890123，统一码91810100MA06789012,DEFAULT
from_MIXED__mixed_train_col_21,联系人郑二 手机13200001111 证件110101199003074512,DEFAULT
from_MIXED__mixed_train_col_21,上海恒远数据有限公司 经办赵六 15800001111 G56789012 主体91110000MA00123456,DEFAULT
from_MIXED__mixed_train_col_21,王五 15800001111 P34567890,DEFAULT
from_MIXED__mixed_train_col_21,上海恒远数据有限公司 经办王五 13800001234 G89012345 主体91110000MA00123456,DEFAULT
from_MIXED__mixed_train_col_21,客户郑二，护照号E01234567，统一码91650100MA04567890,DEFAULT
from_MIXED__mixed_train_col_21,赵六 17733334444 G56789012,DEFAULT
from_MIXED__mixed_train_col_21,客户李四，护照号E45678901，统一码91650100MA04567890,DEFAULT
from_MIXED__mixed_train_col_21,杭州云联有限公司 经办周九 13912345678 P90123456 主体91110000MA00123456,DEFAULT
from_MIXED__mixed_train_col_21,深圳创新股份公司 17733334444 91440300MA02345678,DEFAULT
from_MIXED__mixed_train_col_22,张三 18611112222 G56789012,DEFAULT
from_MIXED__mixed_train_col_22,重庆远航实业有限公司 经办陈七 13698765432 G23456789 主体91110000MA00123456,DEFAULT
from_MIXED__mixed_train_col_22,客户陈七，护照号G89012345，统一码91650100MA04567890,DEFAULT
from_MIXED__mixed_train_col_22,西安启明数据有限公司 经办吴十 13698765432 G23456789 主体91110000MA00123456,DEFAULT
from_MIXED__mixed_train_col_22,北京科技有限公司 经办周九 18855556666 P67890123 主体91110000MA00123456,DEFAULT
from_MIXED__mixed_train_col_22,联系人张三 手机13912345678 证件330102199205154321,DEFAULT
from_MIXED__mixed_train_col_22,重庆远航实业有限公司 经办张三 17733334444 P67890123 主体91110000MA00123456,DEFAULT
from_MIXED__mixed_train_col_22,王五 13698765432 P90123456,DEFAULT
from_MIXED__mixed_train_col_22,客户陈七，护照号P34567890，统一码91130100MA09012345,DEFAULT
from_MIXED__mixed_train_col_22,客户吴十，护照号G23456789，统一码91910100MA07890123,DEFAULT
from_MIXED__mixed_train_col_23,联系人周九 手机18855556666 证件310115199101017654,DEFAULT
from_MIXED__mixed_train_col_23,王五 18855556666 G89012345,DEFAULT
from_MIXED__mixed_train_col_23,客户陈七，护照号G89012345，统一码91120100MA08901234,DEFAULT
from_MIXED__mixed_train_col_23,吴十 13912345678 E78901234,DEFAULT
from_MIXED__mixed_train_col_23,联系人刘八 手机13912345678 证件110108198403028765,DEFAULT
from_MIXED__mixed_train_col_23,北京科技有限公司 经办孙一 13698765432 G89012345 主体91110000MA00123456,DEFAULT
from_MIXED__mixed_train_col_23,赵六 19977778888 E78901234,DEFAULT
from_MIXED__mixed_train_col_23,武汉华泰软件有限公司 经办吴十 13800001234 E45678901 主体91110000MA00123456,DEFAULT
from_MIXED__mixed_train_col_23,联系人孙一 手机18611112222 证件510104198909086543,DEFAULT
from_MIXED__mixed_train_col_23,客户吴十，护照号G23456789，统一码91110000MA00123456,DEFAULT
from_MIXED__mixed_train_col_24,杭州云联有限公司 经办王五 17733334444 P90123456 主体91110000MA00123456,DEFAULT
from_MIXED__mixed_train_col_24,孙一 15122223333 G23456789,DEFAULT
from_MIXED__mixed_train_col_24,上海恒远数据有限公司 13698765432 91310000MA01234567,DEFAULT
from_MIXED__mixed_train_col_24,武汉华泰软件有限公司 17733334444 91120100MA08901234,DEFAULT
from_MIXED__mixed_train_col_24,联系人周九 手机13698765432 证件320106199607039876,DEFAULT
from_MIXED__mixed_train_col_24,武汉华泰软件有限公司 19977778888 91440300MA02345678,DEFAULT
from_MIXED__mixed_train_col_24,客户赵六，护照号P67890123，统一码91120100MA08901234,DEFAULT
from_MIXED__mixed_train_col_24,上海恒远数据有限公司 17733334444 91810100MA06789012,DEFAULT
from_MIXED__mixed_train_col_24,联系人孙一 手机17733334444 证件110101199003074512,DEFAULT
from_MIXED__mixed_train_col_24,联系人陈七 手机13200001111 证件510183199811051098,DEFAULT
from_MIXED__mixed_train_col_25,客户王五，护照号E01234567，统一码91120100MA08901234,DEFAULT
from_MIXED__mixed_train_col_25,客户刘八，护照号E78901234，统一码91120100MA08901234,DEFAULT
from_MIXED__mixed_train_col_25,南京博瑞信息技术有限公司 经办吴十 18855556666 E45678901 主体91110000MA00123456,DEFAULT
from_MIXED__mixed_train_col_25,重庆远航实业有限公司 15122223333 91510100MA03456789,DEFAULT
from_MIXED__mixed_train_col_25,客户张三，护照号E78901234，统一码91910100MA07890123,DEFAULT
from_MIXED__mixed_train_col_25,客户周九，护照号P34567890，统一码91910100MA07890123,DEFAULT
from_MIXED__mixed_train_col_25,王五 19977778888 P67890123,DEFAULT
from_MIXED__mixed_train_col_25,联系人李四 手机13698765432 证件320311198706042233,DEFAULT
from_MIXED__mixed_train_col_25,武汉华泰软件有限公司 经办张三 18611112222 G89012345 主体91110000MA00123456,DEFAULT
from_MIXED__mixed_train_col_25,上海恒远数据有限公司 13698765432 91650100MA04567890,DEFAULT
from_MIXED__mixed_train_col_26,联系人郑二 手机15122223333 证件320311198706042233,DEFAULT
from_MIXED__mixed_train_col_26,联系人孙一 手机15122223333 证件310115199101017654,DEFAULT
from_MIXED__mixed_train_col_26,客户孙一，护照号E12345678，统一码91130100MA09012345,DEFAULT
from_MIXED__mixed_train_col_26,赵六 17733334444 E45678901,DEFAULT
from_MIXED__mixed_train_col_26,周九 13912345678 G23456789,DEFAULT
from_MIXED__mixed_train_col_26,客户王五，护照号G56789012，统一码91110000MA00123456,DEFAULT
from_MIXED__mixed_train_col_26,刘八 13800001234 G56789012,DEFAULT
from_MIXED__mixed_train_col_26,联系人刘八 手机15122223333 证件440103198812123456,DEFAULT
from_MIXED__mixed_train_col_26,西安启明数据有限公司 15122223333 91130100MA09012345,DEFAULT
from_MIXED__mixed_train_col_26,深圳创新股份公司 18611112222 91310000MA01234567,DEFAULT
from_MIXED__mixed_train_col_27,南京博瑞信息技术有限公司 经办郑二 15800001111 E01234567 主体91110000MA00123456,DEFAULT
from_MIXED__mixed_train_col_27,深圳创新股份公司 经办赵六 13698765432 G56789012 主体91110000MA00123456,DEFAULT
from_MIXED__mixed_train_col_27,客户陈七，护照号E12345678，统一码91910100MA07890123,DEFAULT
from_MIXED__mixed_train_col_27,联系人孙一 手机18611112222 证件320311198706042233,DEFAULT
from_MIXED__mixed_train_col_27,客户刘八，护照号P67890123，统一码91650100MA04567890,DEFAULT
from_MIXED__mixed_train_col_27,客户陈七，护照号E01234567，统一码91650100MA04567890,DEFAULT
from_MIXED__mixed_train_col_27,南京博瑞信息技术有限公司 13698765432 91310000MA01234567,DEFAULT
from_MIXED__mixed_train_col_27,南京博瑞信息技术有限公司 13200001111 91710100MA05678901,DEFAULT
from_MIXED__mixed_train_col_27,广州通达贸易有限公司 经办陈七 13800001234 G89012345 主体91110000MA00123456,DEFAULT
from_MIXED__mixed_train_col_27,联系人张三 手机13200001111 证件110101199003074512,DEFAULT
from_MIXED__mixed_train_col_28,武汉华泰软件有限公司 经办陈七 15800001111 P67890123 主体91110000MA00123456,DEFAULT
from_MIXED__mixed_train_col_28,联系人赵六 手机15800001111 证件510183199811051098,DEFAULT
from_MIXED__mixed_train_col_28,联系人王五 手机13912345678 证件110101199003074512,DEFAULT
from_MIXED__mixed_train_col_28,联系人吴十 手机13800001234 证件510183199811051098,DEFAULT
from_MIXED__mixed_train_col_28,联系人王五 手机13912345678 证件510104198909086543,DEFAULT
from_MIXED__mixed_train_col_28,联系人周九 手机18611112222 证件330102199205154321,DEFAULT
from_MIXED__mixed_train_col_28,西安启明数据有限公司 18855556666 91120100MA08901234,DEFAULT
from_MIXED__mixed_train_col_28,广州通达贸易有限公司 经办王五 17733334444 E01234567 主体91110000MA00123456,DEFAULT
from_MIXED__mixed_train_col_28,联系人刘八 手机13912345678 证件320106199607039876,DEFAULT
from_MIXED__mixed_train_col_28,王五 15800001111 G89012345,DEFAULT
from_MIXED__mixed_train_col_29,成都智汇科技有限公司 经办李四 15122223333 E12345678 主体91110000MA00123456,DEFAULT
from_MIXED__mixed_train_col_29,联系人孙一 手机13912345678 证件320106199607039876,DEFAULT
from_MIXED__mixed_train_col_29,联系人陈七 手机13200001111 证件110108198403028765,DEFAULT
from_MIXED__mixed_train_col_29,联系人李四 手机15800001111 证件320106199607039876,DEFAULT
from_MIXED__mixed_train_col_29,郑二 19977778888 E78901234,DEFAULT
from_MIXED__mixed_train_col_29,杭州云联有限公司 经办李四 13698765432 G56789012 主体91110000MA00123456,DEFAULT
from_MIXED__mixed_train_col_29,客户李四，护照号P34567890，统一码91110000MA00123456,DEFAULT
from_MIXED__mixed_train_col_29,陈七 13698765432 G23456789,DEFAULT
from_MIXED__mixed_train_col_29,赵六 19977778888 P34567890,DEFAULT
from_MIXED__mixed_train_col_29,客户吴十，护照号E78901234，统一码91120100MA08901234,DEFAULT
from_MIXED__mixed_train_col_30,客户郑二，护照号P34567890，统一码91810100MA06789012,DEFAULT
from_MIXED__mixed_train_col_30,吴十 13200001111 G89012345,DEFAULT
from_MIXED__mixed_train_col_30,联系人张三 手机18855556666 证件330102199205154321,DEFAULT
from_MIXED__mixed_train_col_30,客户吴十，护照号E45678901，统一码91710100MA05678901,DEFAULT
from_MIXED__mixed_train_col_30,刘八 19977778888 E78901234,DEFAULT
from_MIXED__mixed_train_col_30,周九 17733334444 E45678901,DEFAULT
from_MIXED__mixed_train_col_30,吴十 13912345678 E45678901,DEFAULT
from_MIXED__mixed_train_col_30,北京科技有限公司 经办张三 18855556666 E45678901 主体91110000MA00123456,DEFAULT
from_MIXED__mixed_train_col_30,重庆远航实业有限公司 15800001111 91310000MA01234567,DEFAULT
from_MIXED__mixed_train_col_30,杭州云联有限公司 经办郑二 15800001111 E45678901 主体91110000MA00123456,DEFAULT
from_MIXED__mixed_train_col_31,联系人张三 固话021-12345678 证件110101199003074512,DEFAULT
from_MIXED__mixed_train_col_31,北京科技有限公司 400-100-5678 91110000MA00123456,DEFAULT
from_MIXED__mixed_train_col_31,备注：李四 95588 E12345678 开票信息,DEFAULT
from_MIXED__mixed_train_col_31,上海恒远数据有限公司 010-62503000 91310000MA01234567,DEFAULT
from_MIXED__mixed_train_col_31,客户王五，固话800-9009999，统一码91440300MA02345678,DEFAULT
from_MIXED__mixed_train_col_31,深圳创新股份公司 经办陈七 0755-83301199 P34567890 主体91110000MA00123456,DEFAULT
from_MIXED__mixed_train_col_31,联系人赵六 12345 G23456789 证件330102199205154321,DEFAULT
from_MIXED__mixed_train_col_31,成都智汇科技有限公司 86-755-83301199 91510100MA03456789,DEFAULT
from_MIXED__mixed_train_col_31,备注：周八 固话020-87654321 E45678901,DEFAULT
from_MIXED__mixed_train_col_31,南京博瑞信息技术有限公司 6250-3000 91310000MA01234567,DEFAULT
from_MIXED__mixed_train_col_32,曾秀 13341990970 P83565215,DEFAULT
from_MIXED__mixed_train_col_32,联系人敏静 手机18711332288 证件440305198911179539,DEFAULT
from_MIXED__mixed_train_col_32,贲敏建 15242149551 P72197054,DEFAULT
from_MIXED__mixed_train_col_32,康兰 19380214629 D77871121,DEFAULT
from_MIXED__mixed_train_col_32,向杰 16778265960 K50272751,DEFAULT
from_MIXED__mixed_train_col_32,联系人惠英 手机19110961798 证件110105199008175969,DEFAULT
from_MIXED__mixed_train_col_33,西安市博瑞科技有限公司 经办阴洋英 15463060002 K9638639 主体91510100T1RXJD4YLC,DEFAULT
from_MIXED__mixed_train_col_33,深圳市博瑞集团有限公司 经办斐英芳 15120911791 GB36170617 主体911100006MDCWALXER,DEFAULT
from_MIXED__mixed_train_col_33,联系人费军 手机15799802841 证件440106198901180240,DEFAULT
from_MIXED__mixed_train_col_33,联系人夏英桂 手机16553307704 证件330102197302151768,DEFAULT
from_MIXED__mixed_train_col_33,客户裔军桂，护照号E0300215，统一码915101007526PWRBTW,DEFAULT
from_MIXED__mixed_train_col_33,联系人求玉强 手机19642297125 证件440106199410289908,DEFAULT
from_MIXED__mixed_train_col_33,联系人公冶娜 手机16030376371 证件320311197610255417,DEFAULT
from_MIXED__mixed_train_col_34,广州市鸿泰股份有限公司 经办战兰 13307240787 P6868507 主体91440300B31LCPXD69,DEFAULT
from_MIXED__mixed_train_col_34,联系人旷丽 手机15122572076 证件320311197003099037,DEFAULT
from_MIXED__mixed_train_col_34,大连市恒远集团有限公司 经办系芳 16406500425 KA23691430 主体91510100XB7RMLCDCY,DEFAULT
from_MIXED__mixed_train_col_34,重庆市华夏股份有限公司 经办环志 17529894062 K1041591 主体91440300JFNAU13PJM,DEFAULT
from_MIXED__mixed_train_col_34,能兰建 15025883586 P72446176,DEFAULT
from_MIXED__mixed_train_col_34,联系人士秀明 手机19191284117 证件440106197110183395,DEFAULT
from_MIXED__mixed_train_col_34,鲍军 16435023850 K5169918,DEFAULT
from_MIXED__mixed_train_col_34,厦门市英迪实业有限公司 经办葛伟 19389608706 D7195535 主体91510100X1772J07DP,DEFAULT
from_MIXED__mixed_train_col_35,余杰强 18342967111 P7458438,DEFAULT
from_MIXED__mixed_train_col_35,联系人学芳 手机14771070449 证件330102197902022863,DEFAULT
from_MIXED__mixed_train_col_35,奕桂 13596601864 K26732044,DEFAULT
from_MIXED__mixed_train_col_36,南京市恒远科技有限公司 经办班丽 18879508304 P9351187 主体91110000G276AJBTTM,DEFAULT
from_MIXED__mixed_train_col_36,重庆市瑞达实业有限公司 经办昌强英 15565749025 E88953690 主体91310000CQL2Y2YX7J,DEFAULT
from_MIXED__mixed_train_col_36,联系人象军 手机14854781506 证件110105199912265348,DEFAULT
from_MIXED__mixed_train_col_36,联系人召华 手机13789320649 证件330102199010086545,DEFAULT
from_MIXED__mixed_train_col_36,蹇敏丽 16515627796 KB8545667,DEFAULT
from_MIXED__mixed_train_col_36,南京市智汇实业有限公司 经办廖桂 18199529800 P0835832 主体91330100CUN79R5XBA,DEFAULT
from_MIXED__mixed_train_col_36,联系人殷桂 手机17186702440 证件440106199012080359,DEFAULT
from_MIXED__mixed_train_col_36,资国兰 13447314976 D48836076,DEFAULT
from_MIXED__mixed_train_col_36,联系人衅静英 手机18118237931 证件440106198210274854,DEFAULT
from_MIXED__mixed_train_col_36,他塔喇建玉 16881161620 G0672872,DEFAULT
from_MIXED__mixed_train_col_37,联系人慎勇 手机17395894773 证件32031119991224873X,DEFAULT
from_MIXED__mixed_train_col_37,厦门市瑞达科技有限公司 经办箕强 15469459648 KC4249128 主体91330100LQCAJQUJK8,DEFAULT
from_MIXED__mixed_train_col_37,青岛市鸿泰实业有限公司 经办石静 14705102876 EB67548581 主体91330100T6Y5YLT8N4,DEFAULT
from_MIXED__mixed_train_col_37,联系人朴强 手机16520575639 证件510107199804133847,DEFAULT
from_MIXED__mixed_train_col_37,苏英 13357134324 PB33432447,DEFAULT
from_MIXED__mixed_train_col_37,联系人琴华桂 手机13464197857 证件440305198009121156,DEFAULT
from_MIXED__mixed_train_col_38,建英勇 19084245607 E8632181,DEFAULT
from_MIXED__mixed_train_col_38,联系人樊杰芳 手机14916815466 证件110105197512097390,DEFAULT
from_MIXED__mixed_train_col_38,联系人禚英 手机15406306244 证件330102198911111002,DEFAULT
from_MIXED__mixed_train_col_38,联系人乐正强 手机18264609178 证件320311197204245432,DEFAULT
from_MIXED__mixed_train_col_38,联系人荣强强 手机13942268653 证件330102199810093284,DEFAULT
from_MIXED__mixed_train_col_38,联系人羊志秀 手机16663093299 证件510107197210197502,DEFAULT
from_MIXED__mixed_train_col_38,南京市云联实业有限公司 经办阙玉强 15241039773 G9523710 主体91110000MMDUGFUC2R,DEFAULT
from_MIXED__mixed_train_col_38,卯军英 16494902284 P9477422,DEFAULT
from_MIXED__mixed_train_col_39,斯国强 14529858567 D1534332,DEFAULT
from_MIXED__mixed_train_col_39,联系人闻人英芳 手机16158148881 证件110105198410172542,DEFAULT
from_MIXED__mixed_train_col_39,联系人镇桂建 手机18325737553 证件440305199205096191,DEFAULT
from_MIXED__mixed_train_col_39,南京市恒远有限公司 经办禄兰 19251207346 E07026086 主体91330100PG5530BW72,DEFAULT
from_MIXED__mixed_train_col_39,联系人候桂静 手机15652906032 证件110105197411028564,DEFAULT
from_MIXED__mixed_train_col_40,联系人戢志 手机19880858382 证件320311197502221703,DEFAULT
from_MIXED__mixed_train_col_40,苏州市瑞达科技有限公司 经办贾桂 16227236266 EB6192372 主体91440300QA0L3G9G3Q,DEFAULT
from_MIXED__mixed_train_col_40,联系人薄华英 手机19451017397 证件440106198807222731,DEFAULT
from_MIXED__mixed_train_col_40,联系人钞玉兰 手机13577980660 证件440106198803016463,DEFAULT
from_MIXED__mixed_train_col_40,联系人澄桂丽 手机19715598354 证件110105199912036553,DEFAULT
from_MIXED__mixed_train_col_40,联系人答伟 手机19977688936 证件440106199709194102,DEFAULT
from_MIXED__mixed_train_col_41,联系人甘娜敏 手机16966672521 证件320311198103234413,DEFAULT
from_MIXED__mixed_train_col_41,联系人陈明勇 手机13995123972 证件510107197606048941,DEFAULT
from_MIXED__mixed_train_col_41,苏州市智汇集团有限公司 经办甄强强 14957867181 DB5079181 主体91440300XGJJNHGCQH,DEFAULT
from_MIXED__mixed_train_col_41,巨华明 13707158796 E3149982,DEFAULT
from_MIXED__mixed_train_col_41,联系人泷秀 手机18460666437 证件320311198901217108,DEFAULT
from_MIXED__mixed_train_col_41,斋桂 13631873280 E1136957,DEFAULT
from_MIXED__mixed_train_col_42,天津市博瑞集团有限公司 经办机丽杰 16306624813 DB3984822 主体91330100YA13M2DGH0,DEFAULT
from_MIXED__mixed_train_col_42,广州市博瑞集团有限公司 经办汲伟 16090691309 D49673794 主体91440300LEFXW4EHWB,DEFAULT
from_MIXED__mixed_train_col_42,青岛市瑞达集团有限公司 经办素丽杰 18064207683 D77767555 主体915101004PG676N6J6,DEFAULT
from_MIXED__mixed_train_col_42,联系人怀军强 手机19980111000 证件320311199702119542,DEFAULT
from_MIXED__mixed_train_col_42,联系人逮勇玉 手机19159709962 证件320311199705075266,DEFAULT
from_MIXED__mixed_train_col_42,联系人章明强 手机16660465586 证件330102199206059661,DEFAULT
from_MIXED__mixed_train_col_42,联系人华强娜 手机14975191023 证件440305199902060944,DEFAULT
from_MIXED__mixed_train_col_43,联系人义兰 手机18159591945 证件330102198112264926,DEFAULT
from_MIXED__mixed_train_col_43,联系人路玉国 手机17423873670 证件320311199003116465,DEFAULT
from_MIXED__mixed_train_col_43,南京市恒远集团有限公司 经办狂军 15978245759 K03884366 主体911100009864900LLQ,DEFAULT
from_MIXED__mixed_train_col_43,厦门市瑞达有限公司 经办礼强丽 17751474397 EB52568065 主体915101005AKTQ1L9AJ,DEFAULT
from_MIXED__mixed_train_col_43,联系人从娜娜 手机14218231555 证件110105198306250723,DEFAULT
from_MIXED__mixed_train_col_43,联系人那拉强国 手机13403253765 证件330102198210251707,DEFAULT
from_MIXED__mixed_train_col_43,联系人须兰杰 手机13460401424 证件330102199904049428,DEFAULT
from_MIXED__mixed_train_col_44,联系人钱国 手机14143643813 证件110105197001101247,DEFAULT
from_MIXED__mixed_train_col_44,联系人南门国 手机15504768169 证件510107199806225032,DEFAULT
from_MIXED__mixed_train_col_44,联系人吕志 手机19087182749 证件330102199509217428,DEFAULT
from_MIXED__mixed_train_col_44,联系人环磊 手机15973711222 证件440305200010190255,DEFAULT
from_MIXED__mixed_train_col_44,杭州市博瑞集团有限公司 经办乔伟 14192378584 DA3242605 主体91110000GR03GM8JG0,DEFAULT
from_MIXED__mixed_train_col_44,大连市云联科技有限公司 经办性建强 19327986239 D18120546 主体91440300ELRXA9THKA,DEFAULT
from_MIXED__mixed_train_col_44,联系人说强英 手机16982143395 证件440106199811265093,DEFAULT
from_MIXED__mixed_train_col_44,杭州市鸿泰实业有限公司 经办赫强杰 19320895326 GC71136337 主体913301005W5X78307M,DEFAULT
from_MIXED__mixed_train_col_44,天津市英迪实业有限公司 经办藩明洋 14436970931 P7676164 主体9144030078BX8F557U,DEFAULT
from_MIXED__mixed_train_col_44,西安市博瑞集团有限公司 经办罗杰芳 19312198041 PB23642813 主体91110000K1JLRRUYUY,DEFAULT
from_MIXED__mixed_train_col_45,嬴磊建 14132901620 D87859964,DEFAULT
from_MIXED__mixed_train_col_45,联系人虎明勇 手机15057303627 证件510107199512056659,DEFAULT
from_MIXED__mixed_train_col_45,覃秀华 13945887071 KA8400838,DEFAULT
from_MIXED__mixed_train_col_45,联系人睦洋军 手机17476094412 证件51010719770408476X,DEFAULT
from_MIXED__mixed_train_col_45,厦门市博瑞有限公司 经办野伟军 15143776936 K29596111 主体91110000RP04HDFW2X,DEFAULT
from_MIXED__mixed_train_col_45,泣芳 14451091090 DC98194217,DEFAULT
from_MIXED__mixed_train_col_45,艾英建 15844663453 EC2172214,DEFAULT
from_MIXED__mixed_train_col_46,温强杰 13004627765 D0246175,DEFAULT
from_MIXED__mixed_train_col_46,联系人斛军伟 手机13783325848 证件330102199809196286,DEFAULT
from_MIXED__mixed_train_col_46,联系人旁敏 手机19751887817 证件440305198905260867,DEFAULT
from_MIXED__mixed_train_col_46,联系人嵇敏 手机16075681429 证件510107199804033432,DEFAULT
from_MIXED__mixed_train_col_46,联系人轩辕玉 手机13615372215 证件320311198307225324,DEFAULT
from_MIXED__mixed_train_col_47,上海市云联集团有限公司 经办鹿勇 14442607819 DB64273720 主体91310000LFC7YHGLX4,DEFAULT
from_MIXED__mixed_train_col_47,联系人於英国 手机19460191344 证件440106199411188770,DEFAULT
from_MIXED__mixed_train_col_47,万俟英强 17951679335 G36801192,DEFAULT
from_MIXED__mixed_train_col_47,天津市云联有限公司 经办有杰 13040961497 EB0748207 主体91310000RDWA32GJ7X,DEFAULT
from_MIXED__mixed_train_col_47,己强玉 14019043223 GB07392013,DEFAULT
from_MIXED__mixed_train_col_47,西安市华夏股份有限公司 经办霜强 14611231261 P72989376 主体91310000KTRE8A8K6X,DEFAULT
from_MIXED__mixed_train_col_47,联系人希强静 手机19318297168 证件110105199306151690,DEFAULT
from_MIXED__mixed_train_col_47,联系人斋明 手机15515848266 证件510107197304141534,DEFAULT
from_MIXED__mixed_train_col_47,邹静 13040164818 P8773836,DEFAULT
from_MIXED__mixed_train_col_47,联系人耿华勇 手机14036258631 证件320311200005034741,DEFAULT
from_MIXED__mixed_train_col_48,骑勇国 17880315388 G5040433,DEFAULT
from_MIXED__mixed_train_col_48,上海市博雅实业有限公司 经办羿敏 18978718093 G6530601 主体91110000XQKQGFQYAC,DEFAULT
from_MIXED__mixed_train_col_48,联系人祢强 手机15336875092 证件33010219760327741X,DEFAULT
from_MIXED__mixed_train_col_48,联系人姓桂 手机19537666081 证件110105199303148007,DEFAULT
from_MIXED__mixed_train_col_48,西安市英迪股份有限公司 经办愈杰芳 19688269177 G40134808 主体91510100Q6A97FUMXH,DEFAULT
from_MIXED__mixed_train_col_48,苏州市云联实业有限公司 经办赫舍里强兰 13015709085 PA7492699 主体91330100YLDQKJRCUQ,DEFAULT
from_MIXED__mixed_train_col_48,联系人傅丽 手机16300869661 证件110105197307172072,DEFAULT
from_MIXED__mixed_train_col_48,联系人骑芳 手机18534407779 证件320311198203027323,DEFAULT
from_MIXED__mixed_train_col_48,彭国英 17413337312 P17817032,DEFAULT
from_MIXED__mixed_train_col_49,少强 14718444902 DA6440373,DEFAULT
from_MIXED__mixed_train_col_49,联系人铎洋洋 手机14867963259 证件320311197511086507,DEFAULT
from_MIXED__mixed_train_col_49,长志 14693358951 D7846850,DEFAULT
from_MIXED__mixed_train_col_49,孟强 15214105276 K9270452,DEFAULT
from_MIXED__mixed_train_col_49,联系人屠芳 手机13245393132 证件440305199802263349,DEFAULT
from_MIXED__mixed_train_col_50,联系人集建秀 手机19746202582 证件320311197904035399,DEFAULT
from_MIXED__mixed_train_col_50,联系人范姜明 手机13827172173 证件440106198412242236,DEFAULT
from_MIXED__mixed_train_col_50,上海市博瑞科技有限公司 经办劳丽 15539835844 D32643095 主体91440300U8JRYQFKNP,DEFAULT
from_MIXED__mixed_train_col_50,联系人用强英 手机18788897535 证件440305198606062430,DEFAULT
from_MIXED__mixed_train_col_50,深圳市博雅集团有限公司 经办仇华建 19201911166 K25873393 主体911100009J6DCA6H0M,DEFAULT
from_MIXED__mixed_train_col_50,联系人桑丽敏 手机13408682509 证件440305198003056111,DEFAULT
from_MIXED__mixed_train_col_50,源勇桂 14304120270 DB02990716,DEFAULT
from_MIXED__mixed_train_col_51,联系人杨玉 手机18403010956 证件330102198811153782,DEFAULT
from_MIXED__mixed_train_col_51,联系人元桂 手机13810306831 证件330102198205259667,DEFAULT
from_MIXED__mixed_train_col_51,厦门市智汇实业有限公司 经办洛芳 19458474362 K88576694 主体91510100063H0A6MRU,DEFAULT
from_MIXED__mixed_train_col_51,深圳市恒远有限公司 经办丛勇芳 16794332562 K9701426 主体9131000006E1GETWHU,DEFAULT
from_MIXED__mixed_train_col_51,西安市智汇实业有限公司 经办俞敏强 19135998989 D80186448 主体913100005Q3EYWWBGG,DEFAULT
from_MIXED__mixed_train_col_51,联系人佟洋 手机13953141961 证件320311198301169229,DEFAULT
from_MIXED__mixed_train_col_52,杭州市信达实业有限公司 经办皮静洋 16728799160 EA5923613 主体91310000FPDW0A571X,DEFAULT
from_MIXED__mixed_train_col_52,联系人卓芳 手机19753605117 证件110105198311240642,DEFAULT
from_MIXED__mixed_train_col_52,戊芳 15664896676 E56577580,DEFAULT
from_MIXED__mixed_train_col_52,成都市瑞达有限公司 经办不英明 16226540165 EC22122427 主体91510100YWFNMF9C4Q,DEFAULT
from_MIXED__mixed_train_col_52,联系人万洋 手机18115848860 证件110105199409011113,DEFAULT
from_MIXED__mixed_train_col_52,客户姒秀，护照号D80785254，统一码913301005943MHNQ7G,DEFAULT
from_MIXED__mixed_train_col_52,和英 16445475231 DC91776334,DEFAULT
from_MIXED__mixed_train_col_52,联系人项强 手机19630453069 证件440106198012185164,DEFAULT
from_MIXED__mixed_train_col_52,斋华芳 19838517993 PC2878848,DEFAULT
from_MIXED__mixed_train_col_53,联系人索敏洋 手机19724630198 证件44030520000723259X,DEFAULT
from_MIXED__mixed_train_col_53,联系人钮祜禄军秀 手机14198074682 证件440106198005148883,DEFAULT
from_MIXED__mixed_train_col_53,联系人隐洋娜 手机13065411340 证件330102198706044090,DEFAULT
from_MIXED__mixed_train_col_53,联系人饶伟勇 手机13809521755 证件510107198002154991,DEFAULT
from_MIXED__mixed_train_col_53,西安市华夏有限公司 经办艾强 16589170454 P5682092 主体91310000UUBFT0NJ0Y,DEFAULT
from_MIXED__mixed_train_col_53,武汉市恒远有限公司 经办盘洋芳 16232472828 EB2473126 主体91110000CYXHXXRQB0,DEFAULT
from_MIXED__mixed_train_col_53,深圳市信达股份有限公司 经办仝磊英 14174357483 E86067398 主体91310000N8W9XHG6H9,DEFAULT
from_MIXED__mixed_train_col_53,联系人甲静强 手机13550774065 证件330102198906120828,DEFAULT
from_MIXED__mixed_train_col_54,联系人裘建 手机19861902547 证件440305198201227209,DEFAULT
from_MIXED__mixed_train_col_54,联系人汪军 手机13532594795 证件110105198405029792,DEFAULT
from_MIXED__mixed_train_col_54,联系人赫连伟 手机15520360894 证件110105197209106426,DEFAULT
from_MIXED__mixed_train_col_54,广州市华夏实业有限公司 经办连伟娜 16365426241 E3345110 主体91110000J1LWWDTM1B,DEFAULT
from_MIXED__mixed_train_col_54,联系人莘杰杰 手机17214770920 证件330102197302263532,DEFAULT
from_MIXED__mixed_train_col_54,联系人宾建建 手机15691983210 证件440305197510034262,DEFAULT
from_MIXED__mixed_train_col_54,西安市智汇实业有限公司 经办栾国伟 17056856670 GC55049444 主体91110000EYDC6M9KQ6,DEFAULT
from_MIXED__mixed_train_col_54,联系人环丽建 手机14226261142 证件320311197607221419,DEFAULT
from_MIXED__mixed_train_col_55,杭州市博瑞1310科技有限公司 经办后强兰 19980111000 PA3415959 主体91510100FAN5993RH5,DEFAULT
from_MIXED__mixed_train_col_55,联系人折强 手机17743127102 证件330102198507161753,DEFAULT
from_MIXED__mixed_train_col_55,申请人进玉英 电话19159709962 护照P52034476,DEFAULT
from_MIXED__mixed_train_col_55,南京市中科1314科技有限公司 经办叶赫那兰娟 13005912975 EA1211063 主体913100001N2CALG6FT,DEFAULT
from_MIXED__mixed_train_col_55,申请人毓桂丽 电话13017509617 护照KB9457575,DEFAULT
from_MIXED__mixed_train_col_55,西安市中科1318股份有限公司 经办鞠强兰 16662705115 GC6704254 主体91440101KDK3K4G9AP,DEFAULT
from_MIXED__mixed_train_col_55,过伟 16563353574 GA93993379,DEFAULT
from_MIXED__mixed_train_col_55,申请人施洋强 电话14400615727 护照DB4743974,DEFAULT
from_MIXED__mixed_train_col_55,烟秀 16562590459 GC1221823,DEFAULT
from_MIXED__mixed_train_col_55,申请人操强丽 电话13061339439 护照GB8040325,DEFAULT
from_MIXED__mixed_train_col_56,申请人史丽伟 电话13137984409 护照G60076762,DEFAULT
from_MIXED__mixed_train_col_56,青岛市博瑞1328实业有限公司 经办翦英 15337009687 EB19577825 主体91440101WBPHH4APLB,DEFAULT
from_MIXED__mixed_train_col_56,联系人汲洋 手机17235715586 证件510107199107085915,DEFAULT
from_MIXED__mixed_train_col_56,敖军 19973711222 DC60858167,DEFAULT
from_MIXED__mixed_train_col_56,联系人赛军 手机14733777312 证件330102198711215552,DEFAULT
from_MIXED__mixed_train_col_56,俎娟国 17769899927 P44498355,DEFAULT
from_MIXED__mixed_train_col_56,长沙市恒远1341有限公司 经办于伟 13594463339 GA8953263 主体91330100K0Y52JPK8R,DEFAULT
from_MIXED__mixed_train_col_56,青岛市英迪1342集团有限公司 经办英磊 16922341034 DA1167726 主体91330100QC0HQ86WMF,DEFAULT
from_MIXED__mixed_train_col_56,潘国强 16793521962 PC34369709,DEFAULT
from_MIXED__mixed_train_col_56,那华 15281319092 GA3911142,DEFAULT
from_MIXED__mixed_train_col_57,弘国丽 13880622072 PB37213290,DEFAULT
from_MIXED__mixed_train_col_57,申请人风秀国 电话15996486287 护照KB19666450,DEFAULT
from_MIXED__mixed_train_col_57,申请人植磊静 电话13374767753 护照G50576619,DEFAULT
from_MIXED__mixed_train_col_57,深圳市博瑞1349科技有限公司 经办袭伟 13284008385 KC95450891 主体91510100QFDQG1MQHP,DEFAULT
from_MIXED__mixed_train_col_57,五静静 19319646300 KA26894301,DEFAULT
from_MIXED__mixed_train_col_57,联系人柯英秀 手机15957498855 证件510107197411228563,DEFAULT
from_MIXED__mixed_train_col_57,厦门市瑞达1352股份有限公司 经办彤建 14188566695 D06662670 主体91440300YB397FWFXY,DEFAULT
from_MIXED__mixed_train_col_57,孛芳 17109032671 K21794281,DEFAULT
from_MIXED__mixed_train_col_57,申请人巩芳桂 电话13559550178 护照KB89993607,DEFAULT
from_MIXED__mixed_train_col_57,申请人江静 电话19103142175 护照EC15152638,DEFAULT
from_MIXED__mixed_train_col_58,苏州市鸿泰1361有限公司 经办后兰桂 18505661863 K7876553 主体911100001E60JB0MXB,DEFAULT
from_MIXED__mixed_train_col_58,粘静 19198819277 E34864010,DEFAULT
from_MIXED__mixed_train_col_58,夏勇兰 15600452128 EB51293913,DEFAULT
from_MIXED__mixed_train_col_58,联系人奈勇 手机16154021190 证件110105199808024819,DEFAULT
from_MIXED__mixed_train_col_58,广州市鸿泰1365实业有限公司 经办闾丘华 13849378306 KB26969443 主体91330100UW3ND8LKF0,DEFAULT
from_MIXED__mixed_train_col_58,重庆市博雅1366股份有限公司 经办靖志 14913203301 E1061537 主体913100004PLR3UBADC,DEFAULT
from_MIXED__mixed_train_col_58,钦华 17011923603 EC3335104,DEFAULT
from_MIXED__mixed_train_col_58,广州市腾迅1371实业有限公司 经办暴英 15983074820 P8939406 主体91440101BXBQEHN50P,DEFAULT
from_MIXED__mixed_train_col_58,联系人在丽 手机19230233324 证件33010219711115232X,DEFAULT
from_MIXED__mixed_train_col_58,申请人无英 电话18902556184 护照KA47812248,DEFAULT
from_MIXED__mixed_train_col_59,申请人符兰磊 电话19211197871 护照K7326530,DEFAULT
from_MIXED__mixed_train_col_59,联系人迟桂强 手机18800230091 证件320311199407045632,DEFAULT
from_MIXED__mixed_train_col_59,联系人随国 手机17605053766 证件33010220001202532X,DEFAULT
from_MIXED__mixed_train_col_59,联系人进敏 手机14345506882 证件330102198802166426,DEFAULT
from_MIXED__mixed_train_col_59,申请人仇桂华 电话13723483893 护照PA8040561,DEFAULT
from_MIXED__mixed_train_col_59,青岛市智汇1392实业有限公司 经办贾伟明 17841333731 GA61781703 主体91310000M32K50C37Q,DEFAULT
from_MIXED__mixed_train_col_59,申请人戏建 电话16895613371 护照K9502648,DEFAULT
from_MIXED__mixed_train_col_59,联系人邗兰敏 手机18469218219 证件440106198010139930,DEFAULT
from_MIXED__mixed_train_col_59,联系人战强强 手机16682996872 证件310115199603115290,DEFAULT
from_MIXED__mixed_train_col_59,第伟 18124825544 KC2594232,DEFAULT
from_MIXED__mixed_train_col_60,联系人桐丽洋 手机13528572562 证件510107197507192278,DEFAULT
from_MIXED__mixed_train_col_60,亢丽洋 14034918911 GB4015364,DEFAULT
from_MIXED__mixed_train_col_60,长沙市华夏1402集团有限公司 经办布兰娟 17136750094 EB0527698 主体91110000NJGFH1KPT4,DEFAULT
from_MIXED__mixed_train_col_60,宿娟 17885622586 KC87442275,DEFAULT
from_MIXED__mixed_train_col_60,赛娟国 17966997273 PC0258254,DEFAULT
from_MIXED__mixed_train_col_60,西安市英迪1406集团有限公司 经办杜强 17204910601 GA50827681 主体91440101E5R5WBFEA8,DEFAULT
from_MIXED__mixed_train_col_60,天津市智汇1408有限公司 经办浦兰 16216591438 PA5844617 主体91440101LEPPWF75RC,DEFAULT
from_MIXED__mixed_train_col_60,联系人羊英 手机15608320048 证件330102198911155320,DEFAULT
from_MIXED__mixed_train_col_60,联系人申芳秀 手机14213217672 证件110105197310257640,DEFAULT
from_MIXED__mixed_train_col_60,夏伟 14706159273 K16690632,DEFAULT
from_MIXED__mixed_train_col_61,广州市英迪1416有限公司 经办校磊 13109567975 PC54623471 主体91310000TR8ED031H1,DEFAULT
from_MIXED__mixed_train_col_61,联系人淳于英 手机18683176417 证件440106198309025583,DEFAULT
from_MIXED__mixed_train_col_61,联系人悟国洋 手机16436213009 证件330102197506188810,DEFAULT
from_MIXED__mixed_train_col_61,联系人贯军 手机14152049980 证件310115198805218517,DEFAULT
from_MIXED__mixed_train_col_61,成都市恒远1421有限公司 经办丛勇芳 16794332562 KB9701426 主体91440101406E1GETWH,DEFAULT
from_MIXED__mixed_train_col_61,长沙市腾迅1423实业有限公司 经办连建 15883978570 P75712369 主体911100009KC2QLM2X5,DEFAULT
from_MIXED__mixed_train_col_61,易强秀 17276970409 EC5607832,DEFAULT
from_MIXED__mixed_train_col_61,成都市智汇1426科技有限公司 经办赵洋 17688390624 D09114131 主体91330100WQP7BMQKLT,DEFAULT
from_MIXED__mixed_train_col_61,联系人依尔觉罗国 手机18605230458 证件510107197307117994,DEFAULT
from_MONEY__money_col_1,100,DEFAULT
from_MONEY__money_col_1,200.50,DEFAULT
from_MONEY__money_col_1,3万元,DEFAULT
from_MONEY__money_col_1,¥5000,DEFAULT
from_MONEY__money_col_1,-1200,DEFAULT
from_MONEY__money_col_1,1000.00,DEFAULT
from_MONEY__money_col_1,张三,DEFAULT
from_MONEY__money_col_1,500.50,DEFAULT
from_MONEY__money_col_1,粤B88888,DEFAULT
from_MONEY__money_col_1,ABC123,DEFAULT
from_MONEY__money_col_2,1000,DEFAULT
from_MONEY__money_col_2,2500元,DEFAULT
from_MONEY__money_col_2,12.8万,DEFAULT
from_MONEY__money_col_2,$300,DEFAULT
from_MONEY__money_col_2,500 USD,DEFAULT
from_MONEY__money_col_2,110105199001011234,DEFAULT
from_MONEY__money_col_2,China,DEFAULT
from_MONEY__money_col_2,abc,DEFAULT
from_MONEY__money_col_2,192.168.1.1,DEFAULT
from_MONEY__money_col_2,2022-12-31,DEFAULT
from_MONEY__money_col_3,800,DEFAULT
from_MONEY__money_col_3,900.75,DEFAULT
from_MONEY__money_col_3,100万元,DEFAULT
from_MONEY__money_col_3,￥8800,DEFAULT
from_MONEY__money_col_3,+3500,DEFAULT
from_MONEY__money_col_3,张伟,DEFAULT
from_MONEY__money_col_3,600000,DEFAULT
from_MONEY__money_col_3,JP,DEFAULT
from_MONEY__money_col_3,88.88,DEFAULT
from_MONEY__money_col_3,粤A12345,DEFAULT
from_MONEY__money_col_4,15亿,DEFAULT
from_MONEY__money_col_4,3200元,DEFAULT
from_MONEY__money_col_4,780.00,DEFAULT
from_MONEY__money_col_4,1500.60,DEFAULT
from_MONEY__money_col_4,-50 USD,DEFAULT
from_MONEY__money_col_4,北京,DEFAULT
from_MONEY__money_col_4,20230909,DEFAULT
from_MONEY__money_col_4,110105198806158765,DEFAULT
from_MONEY__money_col_4,abc123,DEFAULT
from_MONEY__money_col_4,沪C88888,DEFAULT
from_MONEY__money_col_5,999,DEFAULT
from_MONEY__money_col_5,10万元,DEFAULT
from_MONEY__money_col_5,3200,DEFAULT
from_MONEY__money_col_5,4500 RMB,DEFAULT
from_MONEY__money_col_5,￥750,DEFAULT
from_MONEY__money_col_5,粤B99999,DEFAULT
from_MONEY__money_col_5,2023/01/01,DEFAULT
from_MONEY__money_col_6,10000,DEFAULT
from_MONEY__money_col_6,2500.88,DEFAULT
from_MONEY__money_col_6,5万,DEFAULT
from_MONEY__money_col_6,$1200,DEFAULT
from_MONEY__money_col_6,-300元,DEFAULT
from_MONEY__money_col_6,王五,DEFAULT
from_MONEY__money_col_6,110105199508073210,DEFAULT
from_MONEY__money_col_6,192.168.0.5,DEFAULT
from_MONEY__money_col_7,700,DEFAULT
from_MONEY__money_col_7,850.60,DEFAULT
from_MONEY__money_col_7,20万元,DEFAULT
from_MONEY__money_col_7,￥3000,DEFAULT
from_MONEY__money_col_7,+500 USD,DEFAULT
from_MONEY__money_col_7,600888,DEFAULT
from_MONEY__money_col_7,张强,DEFAULT
from_MONEY__money_col_7,2023-10-01,DEFAULT
from_MONEY__money_col_7,粤C12345,DEFAULT
from_MONEY__money_col_8,1200,DEFAULT
from_MONEY__money_col_8,600.90,DEFAULT
from_MONEY__money_col_8,2亿,DEFAULT
from_MONEY__money_col_8,$4500,DEFAULT
from_MONEY__money_col_8,8800元,DEFAULT
from_MONEY__money_col_8,上海市浦东新区,DEFAULT
from_MONEY__money_col_8,粤B77777,DEFAULT
from_MONEY__money_col_9,500,DEFAULT
from_MONEY__money_col_9,999.99,DEFAULT
from_MONEY__money_col_9,8万元,DEFAULT
from_MONEY__money_col_9,￥6500,DEFAULT
from_MONEY__money_col_9,-1000,DEFAULT
from_MONEY__money_col_9,2022-05-05,DEFAULT
from_MONEY__money_col_9,IP地址,DEFAULT
from_MONEY__money_col_10,300,DEFAULT
from_MONEY__money_col_10,450.75,DEFAULT
from_MONEY__money_col_10,1万,DEFAULT
from_MONEY__money_col_10,$999,DEFAULT
from_MONEY__money_col_10,7800 RMB,DEFAULT
from_MONEY__money_col_10,粤A88888,DEFAULT
from_MONEY__money_col_10,2023-06-06,DEFAULT
from_MONEY__money_col_11,¥89582,DEFAULT
from_MONEY__money_col_11,26348,DEFAULT
from_MONEY__money_col_11,17561,DEFAULT
from_MONEY__money_col_11,7552.23,DEFAULT
from_MONEY__money_col_11,¥7650,DEFAULT
from_MONEY__money_col_11,29480,DEFAULT
from_MONEY__money_col_11,90378,DEFAULT
from_MONEY__money_col_11,8668.63,DEFAULT
from_MONEY__money_col_12,4376.47,DEFAULT
from_MONEY__money_col_12,¥51271,DEFAULT
from_MONEY__money_col_12,¥88591,DEFAULT
from_MONEY__money_col_12,9615.91,DEFAULT
from_MONEY__money_col_12,5497.25,DEFAULT
from_MONEY__money_col_12,57225,DEFAULT
from_MONEY__money_col_12,4438.50,DEFAULT
from_MONEY__money_col_12,¥78041,DEFAULT
from_MONEY__money_col_12,1042.55,DEFAULT
from_MONEY__money_col_13,¥40253,DEFAULT
from_MONEY__money_col_13,3038.97,DEFAULT
from_MONEY__money_col_13,42349,DEFAULT
from_MONEY__money_col_13,9433.48,DEFAULT
from_MONEY__money_col_13,2978.14,DEFAULT
from_MONEY__money_col_13,1776,DEFAULT
from_MONEY__money_col_14,2240.30,DEFAULT
from_MONEY__money_col_14,¥77236,DEFAULT
from_MONEY__money_col_14,2976.49,DEFAULT
from_MONEY__money_col_14,¥71463,DEFAULT
from_MONEY__money_col_14,20633,DEFAULT
from_MONEY__money_col_14,39453,DEFAULT
from_MONEY__money_col_14,3498.91,DEFAULT
from_MONEY__money_col_14,9283.52,DEFAULT
from_MONEY__money_col_15,70014,DEFAULT
from_MONEY__money_col_15,¥16088,DEFAULT
from_MONEY__money_col_15,¥46796,DEFAULT
from_MONEY__money_col_15,15762,DEFAULT
from_MONEY__money_col_15,¥36911,DEFAULT
from_MONEY__money_col_15,¥36716,DEFAULT
from_MONEY__money_col_16,56748,DEFAULT
from_MONEY__money_col_16,¥60478,DEFAULT
from_MONEY__money_col_16,¥65381,DEFAULT
from_MONEY__money_col_16,¥3418,DEFAULT
from_MONEY__money_col_16,5595.94,DEFAULT
from_MONEY__money_col_16,58289,DEFAULT
from_MONEY__money_col_16,75669,DEFAULT
from_MONEY__money_col_17,¥42556,DEFAULT
from_MONEY__money_col_17,61346,DEFAULT
from_MONEY__money_col_17,¥6213,DEFAULT
from_MONEY__money_col_17,¥91885,DEFAULT
from_MONEY__money_col_17,57584,DEFAULT
from_MONEY__money_col_17,3223,DEFAULT
from_MONEY__money_col_17,5333.83,DEFAULT
from_MONEY__money_col_17,4767,DEFAULT
from_MONEY__money_col_18,¥23454,DEFAULT
from_MONEY__money_col_18,40526,DEFAULT
from_MONEY__money_col_18,15718,DEFAULT
from_MONEY__money_col_18,¥39568,DEFAULT
from_MONEY__money_col_18,28524,DEFAULT
from_MONEY__money_col_18,¥82353,DEFAULT
from_MONEY__money_col_18,2695.04,DEFAULT
from_MONEY__money_col_19,5752.90,DEFAULT
from_MONEY__money_col_19,75447,DEFAULT
from_MONEY__money_col_19,4033.44,DEFAULT
from_MONEY__money_col_19,3494.30,DEFAULT
from_MONEY__money_col_19,3717.89,DEFAULT
from_MONEY__money_col_19,¥79187,DEFAULT
from_MONEY__money_col_20,37661,DEFAULT
from_MONEY__money_col_20,3639.45,DEFAULT
from_MONEY__money_col_20,66490,DEFAULT
from_MONEY__money_col_20,61544,DEFAULT
from_MONEY__money_col_20,72251,DEFAULT
from_MONEY__money_col_20,67037,DEFAULT
from_MONEY__money_col_20,66279,DEFAULT
from_MONEY__money_col_20,49956,DEFAULT
from_MONEY__money_col_21,51961,DEFAULT
from_MONEY__money_col_21,¥29232,DEFAULT
from_MONEY__money_col_21,¥88936,DEFAULT
from_MONEY__money_col_21,92549,DEFAULT
from_MONEY__money_col_21,¥57082,DEFAULT
from_MONEY__money_col_21,8752.33,DEFAULT
from_MONEY__money_col_21,3282.41,DEFAULT
from_MONEY__money_col_22,2147.18,DEFAULT
from_MONEY__money_col_22,18565,DEFAULT
from_MONEY__money_col_22,¥66731,DEFAULT
from_MONEY__money_col_22,4158.19,DEFAULT
from_MONEY__money_col_22,¥20322,DEFAULT
from_MONEY__money_col_22,¥89927,DEFAULT
from_MONEY__money_col_22,23415,DEFAULT
from_MONEY__money_col_23,6636.07,DEFAULT
from_MONEY__money_col_23,¥44341,DEFAULT
from_MONEY__money_col_23,4009.08,DEFAULT
from_MONEY__money_col_23,69675,DEFAULT
from_MONEY__money_col_23,4519.13,DEFAULT
from_MONEY__money_col_23,63645,DEFAULT
from_MONEY__money_col_24,73255,DEFAULT
from_MONEY__money_col_24,85617,DEFAULT
from_MONEY__money_col_24,1777,DEFAULT
from_MONEY__money_col_24,28804,DEFAULT
from_MONEY__money_col_24,52599,DEFAULT
from_MONEY__money_col_24,¥37694,DEFAULT
from_MONEY__money_col_24,74831,DEFAULT
from_MONEY__money_col_24,5987.49,DEFAULT
from_MONEY__money_col_24,47387,DEFAULT
from_MONEY__money_col_25,¥8920,DEFAULT
from_MONEY__money_col_25,4386.09,DEFAULT
from_MONEY__money_col_25,75528,DEFAULT
from_MONEY__money_col_25,¥27824,DEFAULT
from_MONEY__money_col_25,8965.63,DEFAULT
from_MONEY__money_col_26,7891,DEFAULT
from_MONEY__money_col_26,17969,DEFAULT
from_MONEY__money_col_26,87381,DEFAULT
from_MONEY__money_col_26,1575.17,DEFAULT
from_MONEY__money_col_26,19618,DEFAULT
from_MONEY__money_col_26,¥56460,DEFAULT
from_MONEY__money_col_26,¥52991,DEFAULT
from_MONEY__money_col_27,¥84938,DEFAULT
from_MONEY__money_col_27,74239,DEFAULT
from_MONEY__money_col_27,3533.09,DEFAULT
from_MONEY__money_col_27,10474,DEFAULT
from_MONEY__money_col_27,17283,DEFAULT
from_MONEY__money_col_27,464.58,DEFAULT
from_MONEY__money_col_27,¥75699,DEFAULT
from_MONEY__money_col_27,¥81579,DEFAULT
from_MONEY__money_col_27,¥55196,DEFAULT
from_MONEY__money_col_28,¥27363,DEFAULT
from_MONEY__money_col_28,¥75029,DEFAULT
from_MONEY__money_col_28,¥90928,DEFAULT
from_MONEY__money_col_28,¥50199,DEFAULT
from_MONEY__money_col_28,¥83584,DEFAULT
from_MONEY__money_col_29,6196.34,DEFAULT
from_MONEY__money_col_29,¥83997,DEFAULT
from_MONEY__money_col_29,7864.00,DEFAULT
from_MONEY__money_col_29,18387,DEFAULT
from_MONEY__money_col_29,¥60952,DEFAULT
from_MONEY__money_col_29,8926.85,DEFAULT
from_MONEY__money_col_29,6569.38,DEFAULT
from_MONEY__money_col_29,¥59100,DEFAULT
from_MONEY__money_col_30,55023,DEFAULT
from_MONEY__money_col_30,5695.54,DEFAULT
from_MONEY__money_col_30,33677,DEFAULT
from_MONEY__money_col_30,3022,DEFAULT
from_MONEY__money_col_30,5157.89,DEFAULT
from_MONEY__money_col_30,¥56018,DEFAULT
from_MONEY__money_col_30,7232.10,DEFAULT
from_MONEY__money_col_31,2251.72,DEFAULT
from_MONEY__money_col_31,42087,DEFAULT
from_MONEY__money_col_31,¥1142,DEFAULT
from_MONEY__money_col_31,4911.30,DEFAULT
from_MONEY__money_col_31,4752.67,DEFAULT
from_MONEY__money_col_31,¥74800,DEFAULT
from_MONEY__money_col_32,¥51673,DEFAULT
from_MONEY__money_col_32,4064.38,DEFAULT
from_MONEY__money_col_32,4787.95,DEFAULT
from_MONEY__money_col_32,1988.50,DEFAULT
from_MONEY__money_col_32,¥77312,DEFAULT
from_MONEY__money_col_33,4323.02,DEFAULT
from_MONEY__money_col_33,¥86264,DEFAULT
from_MONEY__money_col_33,19151,DEFAULT
from_MONEY__money_col_33,75448,DEFAULT
from_MONEY__money_col_33,¥84319,DEFAULT
from_MONEY__money_col_33,¥76467,DEFAULT
from_MONEY__money_col_34,1635.31,DEFAULT
from_MONEY__money_col_34,¥58498,DEFAULT
from_MONEY__money_col_34,5355.38,DEFAULT
from_MONEY__money_col_34,¥45679,DEFAULT
from_MONEY__money_col_34,6071.43,DEFAULT
from_MONEY__money_col_34,¥17389,DEFAULT
from_MONEY__money_col_35,4888,DEFAULT
from_MONEY__money_col_35,6251.08,DEFAULT
from_MONEY__money_col_35,96639,DEFAULT
from_MONEY__money_col_35,17874,DEFAULT
from_MONEY__money_col_35,96186,DEFAULT
from_MONEY__money_col_35,6447.45,DEFAULT
from_MONEY__money_col_36,¥51428,DEFAULT
from_MONEY__money_col_36,72795,DEFAULT
from_MONEY__money_col_36,75192,DEFAULT
from_MONEY__money_col_36,34222,DEFAULT
from_MONEY__money_col_36,¥39204,DEFAULT
from_MONEY__money_col_36,11095,DEFAULT
from_MONEY__money_col_37,26831,DEFAULT
from_MONEY__money_col_37,32593,DEFAULT
from_MONEY__money_col_37,¥14227,DEFAULT
from_MONEY__money_col_37,¥76049,DEFAULT
from_MONEY__money_col_38,¥90952,DEFAULT
from_MONEY__money_col_38,¥52036,DEFAULT
from_MONEY__money_col_38,¥3772,DEFAULT
from_MONEY__money_col_38,6250.96,DEFAULT
from_MONEY__money_col_38,20053,DEFAULT
from_MONEY__money_col_38,¥11853,DEFAULT
from_MONEY__money_col_38,7179.36,DEFAULT
from_MONEY__money_col_39,769.20,DEFAULT
from_MONEY__money_col_39,6917.50,DEFAULT
from_MONEY__money_col_39,¥98914,DEFAULT
from_MONEY__money_col_39,26080,DEFAULT
from_MONEY__money_col_40,¥30741,DEFAULT
from_MONEY__money_col_40,28250,DEFAULT
from_MONEY__money_col_40,96216,DEFAULT
from_MONEY__money_col_40,¥56169,DEFAULT
from_MONEY__money_col_40,176.56,DEFAULT
from_MONEY__money_col_41,62704,DEFAULT
from_MONEY__money_col_41,5165.31,DEFAULT
from_MONEY__money_col_41,22749,DEFAULT
from_MONEY__money_col_41,30256,DEFAULT
from_MONEY__money_col_41,¥33957,DEFAULT
from_MONEY__money_col_41,30801,DEFAULT
from_MONEY__money_col_41,6117,DEFAULT
from_MONEY__money_col_42,¥97276,DEFAULT
from_MONEY__money_col_42,11911,DEFAULT
from_MONEY__money_col_42,21419,DEFAULT
from_MONEY__money_col_42,38362,DEFAULT
from_MONEY__money_col_42,8954.59,DEFAULT
from_MONEY__money_col_42,62428,DEFAULT
from_MONEY__money_col_42,¥65005,DEFAULT
from_MONEY__money_col_43,¥78837,DEFAULT
from_MONEY__money_col_43,34565,DEFAULT
from_MONEY__money_col_43,70363,DEFAULT
from_MONEY__money_col_43,2525.86,DEFAULT
from_MONEY__money_col_43,44497,DEFAULT
from_MONEY__money_col_43,23578,DEFAULT
from_MONEY__money_col_44,6313.50,DEFAULT
from_MONEY__money_col_44,4174.64,DEFAULT
from_MONEY__money_col_44,32428,DEFAULT
from_MONEY__money_col_44,¥24692,DEFAULT
from_MONEY__money_col_44,24420,DEFAULT
from_MONEY__money_col_44,30895,DEFAULT
from_MONEY__money_col_44,¥72556,DEFAULT
from_MONEY__money_col_45,¥80603,DEFAULT
from_MONEY__money_col_45,63535,DEFAULT
from_MONEY__money_col_45,78416,DEFAULT
from_MONEY__money_col_45,¥81004,DEFAULT
from_MONEY__money_col_45,64749,DEFAULT
from_MONEY__money_col_46,¥33461,DEFAULT
from_MONEY__money_col_46,2814,DEFAULT
from_MONEY__money_col_46,2452.18,DEFAULT
from_MONEY__money_col_46,4271.75,DEFAULT
from_MONEY__money_col_46,3152.24,DEFAULT
from_MONEY__money_col_46,90749,DEFAULT
from_MONEY__money_col_47,26524,DEFAULT
from_MONEY__money_col_47,4949.56,DEFAULT
from_MONEY__money_col_47,39942,DEFAULT
from_MONEY__money_col_47,¥65517,DEFAULT
from_MONEY__money_col_47,¥43431,DEFAULT
from_MONEY__money_col_47,8315.87,DEFAULT
from_MONEY__money_col_48,3105.87,DEFAULT
from_MONEY__money_col_48,2977.50,DEFAULT
from_MONEY__money_col_48,¥27520,DEFAULT
from_MONEY__money_col_48,3821.34,DEFAULT
from_MONEY__money_col_48,20974,DEFAULT
from_MONEY__money_col_48,¥20234,DEFAULT
from_MONEY__money_col_48,8893.10,DEFAULT
from_MONEY__money_col_49,¥20765,DEFAULT
from_MONEY__money_col_49,3578.05,DEFAULT
from_MONEY__money_col_49,3811.55,DEFAULT
from_MONEY__money_col_50,84641,DEFAULT
from_MONEY__money_col_50,¥94828,DEFAULT
from_MONEY__money_col_50,25498,DEFAULT
from_MONEY__money_col_51,5716,DEFAULT
from_MONEY__money_col_51,92324,DEFAULT
from_MONEY__money_col_51,84197,DEFAULT
from_MONEY__money_col_51,4851.65,DEFAULT
from_MONEY__money_col_51,93223,DEFAULT
from_MONEY__money_col_51,57075,DEFAULT
from_MONEY__money_col_51,¥65570,DEFAULT
from_MONEY__money_col_52,139.13,DEFAULT
from_MONEY__money_col_52,69579,DEFAULT
from_MONEY__money_col_52,5068.39,DEFAULT
from_MONEY__money_col_52,¥225,DEFAULT
from_MONEY__money_col_52,7246.81,DEFAULT
from_MONEY__money_col_52,41115,DEFAULT
from_MONEY__money_col_52,¥50918,DEFAULT
from_MONEY__money_col_53,6543.95,DEFAULT
from_MONEY__money_col_53,¥17047,DEFAULT
from_MONEY__money_col_53,9844,DEFAULT
from_MONEY__money_col_54,¥28537,DEFAULT
from_MONEY__money_col_54,36885,DEFAULT
from_MONEY__money_col_54,¥74595,DEFAULT
from_MONEY__money_col_54,¥14769,DEFAULT
from_MONEY__money_col_54,9636.78,DEFAULT
from_MONEY__money_col_54,¥36496,DEFAULT
from_MONEY__money_col_54,¥12753,DEFAULT
from_MONEY__money_col_54,¥91628,DEFAULT
from_MONEY__money_col_55,492880,DEFAULT
from_MONEY__money_col_55,99039.94,DEFAULT
from_MONEY__money_col_55,¥507862,DEFAULT
from_MONEY__money_col_55,940128,DEFAULT
from_MONEY__money_col_55,97980.08,DEFAULT
from_MONEY__money_col_55,¥810019,DEFAULT
from_MONEY__money_col_55,540843,DEFAULT
from_MONEY__money_col_55,16617.89,DEFAULT
from_MONEY__money_col_55,¥271358,DEFAULT
from_MONEY__money_col_55,623428,DEFAULT
from_MONEY__money_col_56,70549.73,DEFAULT
from_MONEY__money_col_56,¥789686,DEFAULT
from_MONEY__money_col_56,573174,DEFAULT
from_MONEY__money_col_56,82640.05,DEFAULT
from_MONEY__money_col_56,¥573361,DEFAULT
from_MONEY__money_col_56,567324,DEFAULT
from_MONEY__money_col_56,95616.00,DEFAULT
from_MONEY__money_col_56,¥908480,DEFAULT
from_MONEY__money_col_56,420170,DEFAULT
from_MONEY__money_col_56,60520.70,DEFAULT
from_MONEY__money_col_57,¥152626,DEFAULT
from_MONEY__money_col_57,101606,DEFAULT
from_MONEY__money_col_57,35586.10,DEFAULT
from_MONEY__money_col_57,¥464462,DEFAULT
from_MONEY__money_col_57,284028,DEFAULT
from_MONEY__money_col_57,54225.66,DEFAULT
from_MONEY__money_col_57,¥889073,DEFAULT
from_MONEY__money_col_57,109667,DEFAULT
from_MONEY__money_col_57,29685.41,DEFAULT
from_MONEY__money_col_57,¥652888,DEFAULT
from_MONEY__money_col_58,193681,DEFAULT
from_MONEY__money_col_58,51711.80,DEFAULT
from_MONEY__money_col_58,¥394922,DEFAULT
from_MONEY__money_col_58,993196,DEFAULT
from_MONEY__money_col_58,34738.69,DEFAULT
from_MONEY__money_col_58,¥442793,DEFAULT
from_MONEY__money_col_58,646414,DEFAULT
from_MONEY__money_col_58,86923.68,DEFAULT
from_MONEY__money_col_58,¥647497,DEFAULT
from_MONEY__money_col_58,843859,DEFAULT
from_MONEY__money_col_59,32634.89,DEFAULT
from_MONEY__money_col_59,¥610129,DEFAULT
from_MONEY__money_col_59,415056,DEFAULT
from_MONEY__money_col_59,91289.79,DEFAULT
from_MONEY__money_col_59,¥576347,DEFAULT
from_MONEY__money_col_59,461737,DEFAULT
from_MONEY__money_col_59,40845.64,DEFAULT
from_MONEY__money_col_59,¥399777,DEFAULT
from_MONEY__money_col_59,594775,DEFAULT
from_MONEY__money_col_59,40941.88,DEFAULT
from_MONEY__money_col_60,¥935978,DEFAULT
from_MONEY__money_col_60,908835,DEFAULT
from_MONEY__money_col_60,11836.41,DEFAULT
from_MONEY__money_col_60,¥356914,DEFAULT
from_MONEY__money_col_60,616932,DEFAULT
from_MONEY__money_col_60,34239.40,DEFAULT
from_MONEY__money_col_60,¥842713,DEFAULT
from_MONEY__money_col_60,691963,DEFAULT
from_MONEY__money_col_60,6462.14,DEFAULT
from_MONEY__money_col_60,¥130245,DEFAULT
from_MONEY__money_col_61,643509,DEFAULT
from_MONEY__money_col_61,17665.92,DEFAULT
from_MONEY__money_col_61,¥628310,DEFAULT
from_MONEY__money_col_61,712532,DEFAULT
from_MONEY__money_col_61,23670.07,DEFAULT
from_MONEY__money_col_61,¥885956,DEFAULT
from_MONEY__money_col_61,720847,DEFAULT
from_MONEY__money_col_61,62621.46,DEFAULT
from_MONEY__money_col_61,¥258465,DEFAULT
from_MONEY__money_col_61,730848,DEFAULT
from_MONEY__money_col_62,50003.88,DEFAULT
from_MONEY__money_col_62,¥46749,DEFAULT
from_MONEY__money_col_62,368324,DEFAULT
from_MONEY__money_col_62,14863.09,DEFAULT
from_MONEY__money_col_62,¥497629,DEFAULT
from_MONEY__money_col_62,82425,DEFAULT
from_MONEY__money_col_62,55376.87,DEFAULT
from_MONEY__money_col_62,¥763670,DEFAULT
from_MONEY__money_col_62,64873,DEFAULT
from_MONEY__money_col_62,29763.76,DEFAULT
from_MONEY__money_col_63,¥564042,DEFAULT
from_MONEY__money_col_63,789270,DEFAULT
from_MONEY__money_col_63,72777.50,DEFAULT
from_MONEY__money_col_63,¥217303,DEFAULT
from_MONEY__money_col_63,441712,DEFAULT
from_MONEY__money_col_63,41208.31,DEFAULT
from_MONEY__money_col_63,¥430844,DEFAULT
from_MONEY__money_col_63,743815,DEFAULT
from_MONEY__money_col_63,84885.16,DEFAULT
from_MONEY__money_col_63,¥104966,DEFAULT
from_MONEY__money_col_64,539669,DEFAULT
from_MONEY__money_col_64,75926.33,DEFAULT
from_MONEY__money_col_64,¥343669,DEFAULT
from_MONEY__money_col_64,390478,DEFAULT
from_MONEY__money_col_64,78577.07,DEFAULT
from_MONEY__money_col_64,¥397492,DEFAULT
from_MONEY__money_col_64,509093,DEFAULT
from_MONEY__money_col_64,1007.06,DEFAULT
from_MONEY__money_col_64,¥26076,DEFAULT
from_MONEY__money_col_64,622978,DEFAULT
from_MONEY__money_col_65,85992.83,DEFAULT
from_MONEY__money_col_65,¥600304,DEFAULT
from_MONEY__money_col_65,315761,DEFAULT
from_MONEY__money_col_65,17811.38,DEFAULT
from_MONEY__money_col_65,¥556215,DEFAULT
from_MONEY__money_col_65,608556,DEFAULT
from_MONEY__money_col_65,32797.22,DEFAULT
from_MONEY__money_col_65,¥49339,DEFAULT
from_MONEY__money_col_65,307566,DEFAULT
from_MONEY__money_col_65,49328.48,DEFAULT
from_MONEY__money_col_66,¥715657,DEFAULT
from_MONEY__money_col_66,907212,DEFAULT
from_MONEY__money_col_66,35911.94,DEFAULT
from_MONEY__money_col_66,¥903515,DEFAULT
from_MONEY__money_col_66,583798,DEFAULT
from_MONEY__money_col_66,80399.55,DEFAULT
from_MONEY__money_col_66,¥452392,DEFAULT
from_MONEY__money_col_66,521671,DEFAULT
from_MONEY__money_col_66,53800.06,DEFAULT
from_MONEY__money_col_66,¥342852,DEFAULT
from_MONEY__money_col_67,827514,DEFAULT
from_MONEY__money_col_67,57122.33,DEFAULT
from_MONEY__money_col_67,¥169790,DEFAULT
from_MONEY__money_col_67,15053,DEFAULT
from_MONEY__money_col_67,40730.40,DEFAULT
from_MONEY__money_col_67,¥444267,DEFAULT
from_MONEY__money_col_67,907206,DEFAULT
from_MONEY__money_col_67,47735.62,DEFAULT
from_MONEY__money_col_67,¥793102,DEFAULT
from_MONEY__money_col_67,464620,DEFAULT
from_MONEY__money_col_68,44554.68,DEFAULT
from_MONEY__money_col_68,¥935915,DEFAULT
from_MONEY__money_col_68,30602,DEFAULT
from_MONEY__money_col_68,74870.57,DEFAULT
from_MONEY__money_col_68,¥820628,DEFAULT
from_MONEY__money_col_68,999284,DEFAULT
from_MONEY__money_col_68,40439.98,DEFAULT
from_MONEY__money_col_68,¥334524,DEFAULT
from_MONEY__money_col_68,231455,DEFAULT
from_MONEY__money_col_68,25204.64,DEFAULT
from_MONEY__money_col_69,¥844481,DEFAULT
from_MONEY__money_col_69,638175,DEFAULT
from_MONEY__money_col_69,3787.54,DEFAULT
from_MONEY__money_col_69,¥137312,DEFAULT
from_MONEY__money_col_69,254298,DEFAULT
from_MONEY__money_col_69,48435.33,DEFAULT
from_MONEY__money_col_69,¥837838,DEFAULT
from_MONEY__money_col_69,424083,DEFAULT
from_MONEY__money_col_69,49973.16,DEFAULT
from_MONEY__money_col_69,¥895886,DEFAULT
from_MONEY__money_col_70,664308,DEFAULT
from_MONEY__money_col_70,24160.98,DEFAULT
from_MONEY__money_col_70,¥439174,DEFAULT
from_MONEY__money_col_70,352854,DEFAULT
from_MONEY__money_col_70,91829.37,DEFAULT
from_MONEY__money_col_70,¥56924,DEFAULT
from_MONEY__money_col_70,113665,DEFAULT
from_MONEY__money_col_70,51969.80,DEFAULT
from_MONEY__money_col_70,¥350326,DEFAULT
from_MONEY__money_col_70,632974,DEFAULT
from_MONEY__money_col_71,79724.44,DEFAULT
from_MONEY__money_col_71,¥240121,DEFAULT
from_MONEY__money_col_71,970303,DEFAULT
from_MONEY__money_col_71,7039.01,DEFAULT
from_MONEY__money_col_71,¥728642,DEFAULT
from_MONEY__money_col_71,977185,DEFAULT
from_MONEY__money_col_71,88509.54,DEFAULT
from_MONEY__money_col_71,¥168149,DEFAULT
from_MONEY__money_col_71,897136,DEFAULT
from_MONEY__money_col_71,24477.15,DEFAULT
from_MONEY__money_col_72,¥183504,DEFAULT
from_MONEY__money_col_72,159547,DEFAULT
from_MONEY__money_col_72,38550.23,DEFAULT
from_MONEY__money_col_72,¥799153,DEFAULT
from_MONEY__money_col_72,836965,DEFAULT
from_PERMIT__permit_col_1,粤食药监械经营许20180001号,DEFAULT
from_PERMIT__permit_col_1,苏B-2021-000123,DEFAULT
from_PERMIT__permit_col_1,赣卫消证字(2019)第0012号,DEFAULT
from_PERMIT__permit_col_1,经营许可证编号20190002,DEFAULT
from_PERMIT__permit_col_1,沪食药监械经营许20201234号,DEFAULT
from_PERMIT__permit_col_1,粤市监许〔2023〕001号,DEFAULT
from_PERMIT__permit_col_1,京食药监许〔2022〕102号,DEFAULT
from_PERMIT__permit_col_1,沪工商许〔2021〕305号,DEFAULT
from_PERMIT__permit_col_1,浙文旅许〔2020〕88号,DEFAULT
from_PERMIT__permit_col_1,苏建许〔2019〕66号,DEFAULT
from_PERMIT__permit_col_1,川卫健许〔2024〕15号,DEFAULT
from_PERMIT__permit_col_1,鲁环评许〔2023〕222号,DEFAULT
from_PERMIT__permit_col_1,鄂安监许〔2022〕09号,DEFAULT
from_PERMIT__permit_col_1,粤市监〔2023〕001号,DEFAULT
from_PERMIT__permit_col_1,京食药监许2022102号,DEFAULT
from_PERMIT__permit_col_2,川食药监械经营许20220003号,DEFAULT
from_PERMIT__permit_col_2,浙食药监械经营许20170002号,DEFAULT
from_PERMIT__permit_col_2,桂食药监械经营许20150004号,DEFAULT
from_PERMIT__permit_col_2,卫消证字2018第0099号,DEFAULT
from_PERMIT__permit_col_2,鲁食药监械经营许20160001号,DEFAULT
from_PERMIT__permit_col_2,粤发改许〔2023〕010号,DEFAULT
from_PERMIT__permit_col_2,京建许〔2021〕088号,DEFAULT
from_PERMIT__permit_col_2,沪交运许〔2022〕199号,DEFAULT
from_PERMIT__permit_col_2,浙税务许〔2020〕300号,DEFAULT
from_PERMIT__permit_col_2,苏文广旅许〔2019〕76号,DEFAULT
from_PERMIT__permit_col_2,川住建许〔2024〕55号,DEFAULT
from_PERMIT__permit_col_2,鲁药监许〔2023〕178号,DEFAULT
from_PERMIT__permit_col_2,鄂公安许〔2022〕11号,DEFAULT
from_PERMIT__permit_col_2,浙税务〔2020〕300号,DEFAULT
from_PERMIT__permit_col_2,苏文广旅许201976号,DEFAULT
from_PERMIT__permit_col_3,苏B-2020-000777,DEFAULT
from_PERMIT__permit_col_3,食药监械经营许20210088号,DEFAULT
from_PERMIT__permit_col_3,京食药监械经营许20230002号,DEFAULT
from_PERMIT__permit_col_3,粤食药监械经营许20180005号,DEFAULT
from_PERMIT__permit_col_3,赣卫消证字2019第0013号,DEFAULT
from_PERMIT__permit_col_3,粤教育许〔2023〕045号,DEFAULT
from_PERMIT__permit_col_3,京商务许〔2022〕156号,DEFAULT
from_PERMIT__permit_col_3,沪应急许〔2021〕90号,DEFAULT
from_PERMIT__permit_col_3,浙卫健许〔2020〕201号,DEFAULT
from_PERMIT__permit_col_3,苏林业许〔2019〕33号,DEFAULT
from_PERMIT__permit_col_3,川市场监许〔2024〕77号,DEFAULT
from_PERMIT__permit_col_3,鲁交通许〔2023〕400号,DEFAULT
from_PERMIT__permit_col_3,鄂消防许〔2022〕18号,DEFAULT
from_PERMIT__permit_col_3,川市场监许〔2024〕77,DEFAULT
from_PERMIT__permit_col_3,京商务许〔22〕156号,DEFAULT
from_PERMIT__permit_col_4,沪食药监械经营许20201237号,DEFAULT
from_PERMIT__permit_col_4,许可证编号2022-000321,DEFAULT
from_PERMIT__permit_col_4,川食药监械经营许20220001号,DEFAULT
from_PERMIT__permit_col_4,浙食药监械经营许20170005号,DEFAULT
from_PERMIT__permit_col_4,经营许可20180009号,DEFAULT
from_PERMIT__permit_col_4,粤文化许〔2023〕120号,DEFAULT
from_PERMIT__permit_col_4,京出版许〔2022〕56号,DEFAULT
from_PERMIT__permit_col_4,沪网信许〔2021〕78号,DEFAULT
from_PERMIT__permit_col_4,浙住建许〔2020〕102号,DEFAULT
from_PERMIT__permit_col_4,苏农业许〔2019〕15号,DEFAULT
from_PERMIT__permit_col_4,川应急许〔2024〕222号,DEFAULT
from_PERMIT__permit_col_4,鲁教育许〔2023〕199号,DEFAULT
from_PERMIT__permit_col_4,鄂税务许〔2022〕08号,DEFAULT
from_PERMIT__permit_col_4,沪网信许202178号,DEFAULT
from_PERMIT__permit_col_4,粤文化许〔2023〕号,DEFAULT
from_PERMIT__permit_col_5,桂食药监械经营许20150002号,DEFAULT
from_PERMIT__permit_col_5,苏B-2019-000456,DEFAULT
from_PERMIT__permit_col_5,赣卫消证字(2019)第0015号,DEFAULT
from_PERMIT__permit_col_5,京食药监械经营许20230004号,DEFAULT
from_PERMIT__permit_col_5,食药监械经营许20181234号,DEFAULT
from_PERMIT__permit_col_5,粤环保许〔2023〕88号,DEFAULT
from_PERMIT__permit_col_5,京能源许〔2022〕009号,DEFAULT
from_PERMIT__permit_col_5,沪卫健许〔2021〕134号,DEFAULT
from_PERMIT__permit_col_5,浙食药监许〔2020〕55号,DEFAULT
from_PERMIT__permit_col_5,苏建设许〔2019〕66号,DEFAULT
from_PERMIT__permit_col_5,川广电许〔2024〕17号,DEFAULT
from_PERMIT__permit_col_5,鲁林业许〔2023〕44号,DEFAULT
from_PERMIT__permit_col_5,鄂市场监许〔2022〕28号,DEFAULT
from_PERMIT__permit_col_5,苏建设许〔2019〕66,DEFAULT
from_PERMIT__permit_col_5,浙食药监202055号,DEFAULT
from_PERMIT__permit_col_6,川食药监械经营许20220004号,DEFAULT
from_PERMIT__permit_col_6,粤食药监械经营许20180003号,DEFAULT
from_PERMIT__permit_col_6,许可证2017第0033号,DEFAULT
from_PERMIT__permit_col_6,沪食药监械经营许20201235号,DEFAULT
from_PERMIT__permit_col_6,苏B-2021-000124,DEFAULT
from_PERMIT__permit_col_7,浙食药监械经营许20170003号,DEFAULT
from_PERMIT__permit_col_7,赣卫消证字2019第0014号,DEFAULT
from_PERMIT__permit_col_7,粤食药监械经营许20180002号,DEFAULT
from_PERMIT__permit_col_7,经营许可证20200111号,DEFAULT
from_PERMIT__permit_col_7,桂食药监械经营许20150003号,DEFAULT
from_PERMIT__permit_col_8,苏B-2022-000999,DEFAULT
from_PERMIT__permit_col_8,鲁食药监械经营许20160003号,DEFAULT
from_PERMIT__permit_col_8,京食药监械经营许20230001号,DEFAULT
from_PERMIT__permit_col_8,卫消证字(2020)第0020号,DEFAULT
from_PERMIT__permit_col_8,川食药监械经营许20220002号,DEFAULT
from_PERMIT__permit_col_9,沪食药监械经营许20201236号,DEFAULT
from_PERMIT__permit_col_9,经营许可20230007号,DEFAULT
from_PERMIT__permit_col_9,粤食药监械经营许20180004号,DEFAULT
from_PERMIT__permit_col_9,苏B-2021-000125,DEFAULT
from_PERMIT__permit_col_9,浙食药监械经营许20170004号,DEFAULT
from_PERMIT__permit_col_10,赣卫消证字(2019)第0016号,DEFAULT
from_PERMIT__permit_col_10,食药监械经营许20201111号,DEFAULT
from_PERMIT__permit_col_10,桂食药监械经营许20150001号,DEFAULT
from_PERMIT__permit_col_10,京食药监械经营许20230005号,DEFAULT
from_PERMIT__permit_col_10,苏B-2021-000127,DEFAULT
from_PERMIT__permit_col_11,浙卫消证字(2020)第6572号,DEFAULT
from_PERMIT__permit_col_11,川食药监械经营许202257714号,DEFAULT
from_PERMIT__permit_col_11,苏卫消证字(2020)第1600号,DEFAULT
from_PERMIT__permit_col_11,经营许可证编号202276748,DEFAULT
from_PERMIT__permit_col_11,粤卫消证字(2020)第9756号,DEFAULT
from_PERMIT__permit_col_11,沪食药监械经营许201890363号,DEFAULT
from_PERMIT__permit_col_11,赣卫消证字(2024)第7335号,DEFAULT
from_PERMIT__permit_col_12,川食药监械经营许202467256号,DEFAULT
from_PERMIT__permit_col_12,经营许可证编号202096922,DEFAULT
from_PERMIT__permit_col_12,经营许可证编号202376105,DEFAULT
from_PERMIT__permit_col_12,经营许可证编号201639921,DEFAULT
from_PERMIT__permit_col_12,赣卫消证字(2023)第0344号,DEFAULT
from_PERMIT__permit_col_12,浙卫消证字(2020)第8753号,DEFAULT
from_PERMIT__permit_col_12,粤卫消证字(2017)第4730号,DEFAULT
from_PERMIT__permit_col_13,经营许可证编号201875726,DEFAULT
from_PERMIT__permit_col_13,苏食药监械经营许202313926号,DEFAULT
from_PERMIT__permit_col_13,沪食药监械经营许202399586号,DEFAULT
from_PERMIT__permit_col_13,经营许可证编号201694670,DEFAULT
from_PERMIT__permit_col_13,经营许可证编号202229752,DEFAULT
from_PERMIT__permit_col_13,沪食药监械经营许202333421号,DEFAULT
from_PERMIT__permit_col_13,粤卫消证字(2024)第0130号,DEFAULT
from_PERMIT__permit_col_14,粤卫消证字(2020)第2119号,DEFAULT
from_PERMIT__permit_col_14,经营许可证编号201646529,DEFAULT
from_PERMIT__permit_col_14,经营许可证编号202146687,DEFAULT
from_PERMIT__permit_col_14,经营许可证编号202280480,DEFAULT
from_PERMIT__permit_col_14,沪食药监械经营许202447022号,DEFAULT
from_PERMIT__permit_col_14,粤食药监械经营许202188938号,DEFAULT
from_PERMIT__permit_col_14,苏食药监械经营许202328769号,DEFAULT
from_PERMIT__permit_col_15,赣食药监械经营许201960010号,DEFAULT
from_PERMIT__permit_col_15,浙卫消证字(2024)第0947号,DEFAULT
from_PERMIT__permit_col_15,川食药监械经营许202149629号,DEFAULT
from_PERMIT__permit_col_15,粤卫消证字(2022)第6748号,DEFAULT
from_PERMIT__permit_col_15,经营许可证编号202077178,DEFAULT
from_PERMIT__permit_col_15,经营许可证编号201665406,DEFAULT
from_PERMIT__permit_col_15,经营许可证编号202440253,DEFAULT
from_PERMIT__permit_col_16,沪食药监械经营许201990367号,DEFAULT
from_PERMIT__permit_col_16,粤食药监械经营许201926500号,DEFAULT
from_PERMIT__permit_col_16,经营许可证编号202267459,DEFAULT
from_PERMIT__permit_col_16,沪食药监械经营许201834808号,DEFAULT
from_PERMIT__permit_col_16,浙食药监械经营许201698411号,DEFAULT
from_PERMIT__permit_col_16,浙食药监械经营许202252197号,DEFAULT
from_PERMIT__permit_col_16,川卫消证字(2017)第0645号,DEFAULT
from_PERMIT__permit_col_16,川卫消证字(2022)第6316号,DEFAULT
from_PERMIT__permit_col_17,粤食药监械经营许201991135号,DEFAULT
from_PERMIT__permit_col_17,苏食药监械经营许201647246号,DEFAULT
from_PERMIT__permit_col_17,经营许可证编号202449615,DEFAULT
from_PERMIT__permit_col_17,浙食药监械经营许201975324号,DEFAULT
from_PERMIT__permit_col_17,经营许可证编号201955485,DEFAULT
from_PERMIT__permit_col_17,浙食药监械经营许201891145号,DEFAULT
from_PERMIT__permit_col_18,赣食药监械经营许201696777号,DEFAULT
from_PERMIT__permit_col_18,川食药监械经营许202088895号,DEFAULT
from_PERMIT__permit_col_18,浙卫消证字(2018)第6742号,DEFAULT
from_PERMIT__permit_col_18,经营许可证编号201966707,DEFAULT
from_PERMIT__permit_col_18,经营许可证编号201642734,DEFAULT
from_PERMIT__permit_col_19,赣卫消证字(2023)第6629号,DEFAULT
from_PERMIT__permit_col_19,经营许可证编号202020032,DEFAULT
from_PERMIT__permit_col_19,川食药监械经营许201797768号,DEFAULT
from_PERMIT__permit_col_19,经营许可证编号201789894,DEFAULT
from_PERMIT__permit_col_19,经营许可证编号201818322,DEFAULT
from_PERMIT__permit_col_19,经营许可证编号202498677,DEFAULT
from_PERMIT__permit_col_19,经营许可证编号201815081,DEFAULT
from_PERMIT__permit_col_19,浙食药监械经营许201710941号,DEFAULT
from_PERMIT__permit_col_20,赣食药监械经营许202349321号,DEFAULT
from_PERMIT__permit_col_20,经营许可证编号202010771,DEFAULT
from_PERMIT__permit_col_20,苏卫消证字(2020)第4103号,DEFAULT
from_PERMIT__permit_col_20,粤卫消证字(2023)第5433号,DEFAULT
from_PERMIT__permit_col_20,川食药监械经营许201630354号,DEFAULT
from_PERMIT__permit_col_20,赣食药监械经营许201920694号,DEFAULT
from_PERMIT__permit_col_20,粤食药监械经营许201711389号,DEFAULT
from_PERMIT__permit_col_21,川食药监械经营许201841435号,DEFAULT
from_PERMIT__permit_col_21,苏卫消证字(2020)第5705号,DEFAULT
from_PERMIT__permit_col_21,川食药监械经营许201923944号,DEFAULT
from_PERMIT__permit_col_21,浙卫消证字(2020)第1086号,DEFAULT
from_PERMIT__permit_col_21,川卫消证字(2022)第8848号,DEFAULT
from_PERMIT__permit_col_21,赣卫消证字(2024)第3064号,DEFAULT
from_PERMIT__permit_col_21,赣食药监械经营许202492364号,DEFAULT
from_PERMIT__permit_col_22,经营许可证编号201779089,DEFAULT
from_PERMIT__permit_col_22,沪卫消证字(2018)第0776号,DEFAULT
from_PERMIT__permit_col_22,经营许可证编号202129921,DEFAULT
from_PERMIT__permit_col_22,粤卫消证字(2020)第6825号,DEFAULT
from_PERMIT__permit_col_22,经营许可证编号202172223,DEFAULT
from_PERMIT__permit_col_22,沪食药监械经营许201816513号,DEFAULT
from_PERMIT__permit_col_22,浙卫消证字(2023)第8898号,DEFAULT
from_PERMIT__permit_col_23,川卫消证字(2019)第2710号,DEFAULT
from_PERMIT__permit_col_23,粤食药监械经营许201638285号,DEFAULT
from_PERMIT__permit_col_23,沪食药监械经营许202428270号,DEFAULT
from_PERMIT__permit_col_23,川卫消证字(2020)第1355号,DEFAULT
from_PERMIT__permit_col_23,浙卫消证字(2024)第2742号,DEFAULT
from_PERMIT__permit_col_24,沪食药监械经营许201759878号,DEFAULT
from_PERMIT__permit_col_24,粤卫消证字(2024)第2478号,DEFAULT
from_PERMIT__permit_col_24,川卫消证字(2020)第6894号,DEFAULT
from_PERMIT__permit_col_24,苏食药监械经营许201917399号,DEFAULT
from_PERMIT__permit_col_24,粤食药监械经营许202181765号,DEFAULT
from_PERMIT__permit_col_24,浙卫消证字(2021)第5623号,DEFAULT
from_PERMIT__permit_col_24,经营许可证编号201646174,DEFAULT
from_PERMIT__permit_col_25,沪食药监械经营许201968094号,DEFAULT
from_PERMIT__permit_col_25,赣卫消证字(2024)第5782号,DEFAULT
from_PERMIT__permit_col_25,经营许可证编号201611278,DEFAULT
from_PERMIT__permit_col_25,经营许可证编号201975002,DEFAULT
from_PERMIT__permit_col_25,赣食药监械经营许201868970号,DEFAULT
from_PERMIT__permit_col_25,经营许可证编号202019963,DEFAULT
from_PERMIT__permit_col_26,经营许可证编号201724850,DEFAULT
from_PERMIT__permit_col_26,粤卫消证字(2023)第8298号,DEFAULT
from_PERMIT__permit_col_26,经营许可证编号202223106,DEFAULT
from_PERMIT__permit_col_26,川卫消证字(2019)第9943号,DEFAULT
from_PERMIT__permit_col_26,苏食药监械经营许201990826号,DEFAULT
from_PERMIT__permit_col_27,经营许可证编号201894022,DEFAULT
from_PERMIT__permit_col_27,赣食药监械经营许202180741号,DEFAULT
from_PERMIT__permit_col_27,赣卫消证字(2020)第8693号,DEFAULT
from_PERMIT__permit_col_27,赣食药监械经营许202377738号,DEFAULT
from_PERMIT__permit_col_28,赣食药监械经营许201630983号,DEFAULT
from_PERMIT__permit_col_28,经营许可证编号202460810,DEFAULT
from_PERMIT__permit_col_28,川卫消证字(2023)第9691号,DEFAULT
from_PERMIT__permit_col_28,川卫消证字(2019)第2470号,DEFAULT
from_PERMIT__permit_col_28,粤卫消证字(2021)第7624号,DEFAULT
from_PERMIT__permit_col_28,赣食药监械经营许201940282号,DEFAULT
from_PERMIT__permit_col_28,经营许可证编号202461007,DEFAULT
from_PERMIT__permit_col_29,沪食药监械经营许201941332号,DEFAULT
from_PERMIT__permit_col_29,赣食药监械经营许201628714号,DEFAULT
from_PERMIT__permit_col_29,经营许可证编号202439108,DEFAULT
from_PERMIT__permit_col_29,粤卫消证字(2023)第6123号,DEFAULT
from_PERMIT__permit_col_29,川卫消证字(2018)第6821号,DEFAULT
from_PERMIT__permit_col_29,赣食药监械经营许202040707号,DEFAULT
from_PERMIT__permit_col_29,经营许可证编号202312759,DEFAULT
from_PERMIT__permit_col_30,浙食药监械经营许202483179号,DEFAULT
from_PERMIT__permit_col_30,浙食药监械经营许202199670号,DEFAULT
from_PERMIT__permit_col_30,苏食药监械经营许202325996号,DEFAULT
from_PERMIT__permit_col_30,浙食药监械经营许202238142号,DEFAULT
from_PERMIT__permit_col_30,苏卫消证字(2023)第5115号,DEFAULT
from_PERMIT__permit_col_31,赣卫消证字(2020)第2622号,DEFAULT
from_PERMIT__permit_col_31,沪食药监械经营许202183362号,DEFAULT
from_PERMIT__permit_col_31,经营许可证编号201723031,DEFAULT
from_PERMIT__permit_col_31,沪食药监械经营许202413128号,DEFAULT
from_PERMIT__permit_col_31,经营许可证编号201873972,DEFAULT
from_PERMIT__permit_col_31,经营许可证编号201643975,DEFAULT
from_PERMIT__permit_col_32,赣食药监械经营许201736460号,DEFAULT
from_PERMIT__permit_col_32,粤食药监械经营许202063622号,DEFAULT
from_PERMIT__permit_col_32,川食药监械经营许201942407号,DEFAULT
from_PERMIT__permit_col_32,沪卫消证字(2021)第6402号,DEFAULT
from_PERMIT__permit_col_32,粤卫消证字(2020)第5792号,DEFAULT
from_PERMIT__permit_col_32,浙食药监械经营许201668994号,DEFAULT
from_PERMIT__permit_col_32,经营许可证编号202227907,DEFAULT
from_PERMIT__permit_col_32,经营许可证编号201723937,DEFAULT
from_PERMIT__permit_col_33,川卫消证字(2020)第7416号,DEFAULT
from_PERMIT__permit_col_33,浙卫消证字(2018)第0292号,DEFAULT
from_PERMIT__permit_col_33,苏食药监械经营许202340219号,DEFAULT
from_PERMIT__permit_col_33,苏卫消证字(2023)第2962号,DEFAULT
from_PERMIT__permit_col_33,粤卫消证字(2023)第0951号,DEFAULT
from_PERMIT__permit_col_33,粤食药监械经营许202032506号,DEFAULT
from_PERMIT__permit_col_33,经营许可证编号202344629,DEFAULT
from_PERMIT__permit_col_34,川卫消证字(2019)第2355号,DEFAULT
from_PERMIT__permit_col_34,浙食药监械经营许202346614号,DEFAULT
from_PERMIT__permit_col_34,赣卫消证字(2019)第6409号,DEFAULT
from_PERMIT__permit_col_34,经营许可证编号201991381,DEFAULT
from_PERMIT__permit_col_34,沪卫消证字(2022)第1724号,DEFAULT
from_PERMIT__permit_col_34,粤食药监械经营许202480593号,DEFAULT
from_PERMIT__permit_col_35,赣卫消证字(2023)第1472号,DEFAULT
from_PERMIT__permit_col_35,经营许可证编号201925773,DEFAULT
from_PERMIT__permit_col_35,川食药监械经营许202355706号,DEFAULT
from_PERMIT__permit_col_35,苏食药监械经营许201646709号,DEFAULT
from_PERMIT__permit_col_35,川食药监械经营许202287174号,DEFAULT
from_PERMIT__permit_col_35,苏食药监械经营许202362269号,DEFAULT
from_PERMIT__permit_col_35,赣食药监械经营许201662547号,DEFAULT
from_PERMIT__permit_col_35,经营许可证编号202438330,DEFAULT
from_PERMIT__permit_col_36,经营许可证编号202472113,DEFAULT
from_PERMIT__permit_col_36,苏食药监械经营许202164884号,DEFAULT
from_PERMIT__permit_col_36,经营许可证编号201760212,DEFAULT
from_PERMIT__permit_col_36,浙卫消证字(2024)第7173号,DEFAULT
from_PERMIT__permit_col_36,粤卫消证字(2016)第7574号,DEFAULT
from_PERMIT__permit_col_36,经营许可证编号201668766,DEFAULT
from_PERMIT__permit_col_36,川卫消证字(2018)第3836号,DEFAULT
from_PERMIT__permit_col_36,经营许可证编号201730208,DEFAULT
from_PERMIT__permit_col_37,浙食药监械经营许201681385号,DEFAULT
from_PERMIT__permit_col_37,浙卫消证字(2022)第6994号,DEFAULT
from_PERMIT__permit_col_37,苏食药监械经营许202260552号,DEFAULT
from_PERMIT__permit_col_37,川卫消证字(2016)第7420号,DEFAULT
from_PERMIT__permit_col_37,经营许可证编号201740334,DEFAULT
from_PERMIT__permit_col_37,经营许可证编号201729554,DEFAULT
from_PERMIT__permit_col_37,粤卫消证字(2023)第0197号,DEFAULT
from_PERMIT__permit_col_37,经营许可证编号202426203,DEFAULT
from_PERMIT__permit_col_38,经营许可证编号202232425,DEFAULT
from_PERMIT__permit_col_38,苏食药监械经营许202413425号,DEFAULT
from_PERMIT__permit_col_38,沪卫消证字(2022)第1367号,DEFAULT
from_PERMIT__permit_col_38,川卫消证字(2022)第6610号,DEFAULT
from_PERMIT__permit_col_38,沪食药监械经营许201981367号,DEFAULT
from_PERMIT__permit_col_38,苏食药监械经营许201998283号,DEFAULT
from_PERMIT__permit_col_38,赣食药监械经营许201734542号,DEFAULT
from_PERMIT__permit_col_38,沪卫消证字(2024)第7337号,DEFAULT
from_PERMIT__permit_col_39,经营许可证编号202499009,DEFAULT
from_PERMIT__permit_col_39,川食药监械经营许201652197号,DEFAULT
from_PERMIT__permit_col_39,川卫消证字(2021)第9621号,DEFAULT
from_PERMIT__permit_col_39,沪食药监械经营许202324519号,DEFAULT
from_PERMIT__permit_col_39,经营许可证编号202440448,DEFAULT
from_PERMIT__permit_col_39,经营许可证编号202360213,DEFAULT
from_PERMIT__permit_col_40,经营许可证编号202238465,DEFAULT
from_PERMIT__permit_col_40,经营许可证编号202229381,DEFAULT
from_PERMIT__permit_col_40,粤食药监械经营许201857322号,DEFAULT
from_PERMIT__permit_col_40,粤卫消证字(2017)第9326号,DEFAULT
from_PERMIT__permit_col_41,经营许可证编号202013423,DEFAULT
from_PERMIT__permit_col_41,苏卫消证字(2022)第8377号,DEFAULT
from_PERMIT__permit_col_41,川卫消证字(2018)第3140号,DEFAULT
from_PERMIT__permit_col_41,粤食药监械经营许202223259号,DEFAULT
from_PERMIT__permit_col_41,沪食药监械经营许202485694号,DEFAULT
from_PERMIT__permit_col_41,经营许可证编号201685406,DEFAULT
from_PERMIT__permit_col_42,粤卫消证字(2024)第2107号,DEFAULT
from_PERMIT__permit_col_42,赣卫消证字(2017)第6918号,DEFAULT
from_PERMIT__permit_col_42,浙卫消证字(2016)第8725号,DEFAULT
from_PERMIT__permit_col_42,浙食药监械经营许201634822号,DEFAULT
from_PERMIT__permit_col_42,川食药监械经营许202390988号,DEFAULT
from_PERMIT__permit_col_42,经营许可证编号202376461,DEFAULT
from_PERMIT__permit_col_42,沪卫消证字(2019)第2958号,DEFAULT
from_PERMIT__permit_col_42,粤食药监械经营许201984497号,DEFAULT
from_PERMIT__permit_col_43,赣食药监械经营许202093318号,DEFAULT
from_PERMIT__permit_col_43,经营许可证编号201914398,DEFAULT
from_PERMIT__permit_col_43,浙食药监械经营许202257745号,DEFAULT
from_PERMIT__permit_col_43,赣卫消证字(2019)第4253号,DEFAULT
from_PERMIT__permit_col_43,浙食药监械经营许201949107号,DEFAULT
from_PERMIT__permit_col_44,川卫消证字(2020)第7680号,DEFAULT
from_PERMIT__permit_col_44,粤卫消证字(2023)第1413号,DEFAULT
from_PERMIT__permit_col_44,川食药监械经营许201843120号,DEFAULT
from_PERMIT__permit_col_44,粤食药监械经营许201952927号,DEFAULT
from_PERMIT__permit_col_44,川食药监械经营许202445506号,DEFAULT
from_PERMIT__permit_col_44,沪卫消证字(2016)第9257号,DEFAULT
from_PERMIT__permit_col_45,苏食药监械经营许202235418号,DEFAULT
from_PERMIT__permit_col_45,沪食药监械经营许201682282号,DEFAULT
from_PERMIT__permit_col_45,苏食药监械经营许201687393号,DEFAULT
from_PERMIT__permit_col_45,苏卫消证字(2023)第4146号,DEFAULT
from_PERMIT__permit_col_45,粤食药监械经营许201994974号,DEFAULT
from_PERMIT__permit_col_45,浙食药监械经营许202035409号,DEFAULT
from_PERMIT__permit_col_45,经营许可证编号202028116,DEFAULT
from_PERMIT__permit_col_45,经营许可证编号202380381,DEFAULT
from_PERMIT__permit_col_46,经营许可证编号201915191,DEFAULT
from_PERMIT__permit_col_46,经营许可证编号202448788,DEFAULT
from_PERMIT__permit_col_46,经营许可证编号202127471,DEFAULT
from_PERMIT__permit_col_46,川食药监械经营许202151673号,DEFAULT
from_PERMIT__permit_col_46,苏卫消证字(2017)第1801号,DEFAULT
from_PERMIT__permit_col_46,川卫消证字(2024)第5529号,DEFAULT
from_PERMIT__permit_col_46,经营许可证编号202027094,DEFAULT
from_PERMIT__permit_col_46,浙食药监械经营许201711124号,DEFAULT
from_PERMIT__permit_col_47,赣卫消证字(2021)第2965号,DEFAULT
from_PERMIT__permit_col_47,经营许可证编号202115646,DEFAULT
from_PERMIT__permit_col_47,经营许可证编号202460723,DEFAULT
from_PERMIT__permit_col_47,经营许可证编号202380763,DEFAULT
from_PERMIT__permit_col_47,沪卫消证字(2024)第4587号,DEFAULT
from_PERMIT__permit_col_47,粤卫消证字(2021)第5038号,DEFAULT
from_PERMIT__permit_col_47,经营许可证编号201785213,DEFAULT
from_PERMIT__permit_col_48,经营许可证编号202316695,DEFAULT
from_PERMIT__permit_col_48,浙食药监械经营许201753216号,DEFAULT
from_PERMIT__permit_col_48,苏卫消证字(2019)第6347号,DEFAULT
from_PERMIT__permit_col_48,浙卫消证字(2018)第3836号,DEFAULT
from_PERMIT__permit_col_48,赣食药监械经营许202387062号,DEFAULT
from_PERMIT__permit_col_48,经营许可证编号201883479,DEFAULT
from_PERMIT__permit_col_48,赣食药监械经营许201649823号,DEFAULT
from_PERMIT__permit_col_49,苏食药监械经营许201822738号,DEFAULT
from_PERMIT__permit_col_49,经营许可证编号201863429,DEFAULT
from_PERMIT__permit_col_49,浙食药监械经营许201710462号,DEFAULT
from_PERMIT__permit_col_49,经营许可证编号202391242,DEFAULT
from_PERMIT__permit_col_49,粤卫消证字(2020)第6452号,DEFAULT
from_PERMIT__permit_col_50,粤卫消证字(2018)第7291号,DEFAULT
from_PERMIT__permit_col_50,赣卫消证字(2019)第5086号,DEFAULT
from_PERMIT__permit_col_50,粤卫消证字(2017)第9832号,DEFAULT
from_PERMIT__permit_col_50,川卫消证字(2024)第7011号,DEFAULT
from_PERMIT__permit_col_51,浙食药监械经营许202497879号,DEFAULT
from_PERMIT__permit_col_51,粤食药监械经营许202276506号,DEFAULT
from_PERMIT__permit_col_51,浙食药监械经营许201678830号,DEFAULT
from_PERMIT__permit_col_51,经营许可证编号201717450,DEFAULT
from_PERMIT__permit_col_51,川卫消证字(2019)第2121号,DEFAULT
from_PERMIT__permit_col_51,苏食药监械经营许201749954号,DEFAULT
from_PERMIT__permit_col_52,经营许可证编号201844708,DEFAULT
from_PERMIT__permit_col_52,川卫消证字(2020)第7337号,DEFAULT
from_PERMIT__permit_col_52,苏食药监械经营许201895099号,DEFAULT
from_PERMIT__permit_col_52,粤食药监械经营许202462808号,DEFAULT
from_PERMIT__permit_col_52,浙食药监械经营许201868694号,DEFAULT
from_PERMIT__permit_col_53,经营许可证编号202297330,DEFAULT
from_PERMIT__permit_col_53,经营许可证编号201739156,DEFAULT
from_PERMIT__permit_col_53,赣食药监械经营许201730466号,DEFAULT
from_PERMIT__permit_col_53,川食药监械经营许202216229号,DEFAULT
from_PERMIT__permit_col_53,川食药监械经营许202159179号,DEFAULT
from_PERMIT__permit_col_54,粤食药监械经营许202062937号,DEFAULT
from_PERMIT__permit_col_54,粤卫消证字(2023)第5007号,DEFAULT
from_PERMIT__permit_col_54,赣食药监械经营许201656784号,DEFAULT
from_PERMIT__permit_col_54,川卫消证字(2024)第7573号,DEFAULT
from_PERMIT__permit_col_54,赣食药监械经营许201974613号,DEFAULT
from_PERMIT__permit_col_54,苏食药监械经营许202376840号,DEFAULT
from_PERMIT__permit_col_54,赣食药监械经营许202393942号,DEFAULT
from_PERMIT__permit_col_54,浙卫消证字(2018)第1731号,DEFAULT
from_PERMIT__permit_col_54,经营许可证编号202489857,DEFAULT
from_PERMIT__permit_col_55,川食药监械经营许202471679号,DEFAULT
from_PERMIT__permit_col_55,经营许可证编号201864280,DEFAULT
from_PERMIT__permit_col_55,川食药监械经营许201634611号,DEFAULT
from_PERMIT__permit_col_55,沪食药监械经营许202355011号,DEFAULT
from_PERMIT__permit_col_55,经营许可证编号202217606,DEFAULT
from_PERMIT__permit_col_55,经营许可证编号202083069,DEFAULT
from_PERMIT__permit_col_55,经营许可证编号202059414,DEFAULT
from_PERMIT__permit_col_55,经营许可证编号202498957,DEFAULT
from_PERMIT__permit_col_55,川食药监械经营许202127711号,DEFAULT
from_PERMIT__permit_col_55,粤食药监械经营许202275384号,DEFAULT
from_PERMIT__permit_col_56,粤食药监械经营许202264920号,DEFAULT
from_PERMIT__permit_col_56,经营许可证编号202091118,DEFAULT
from_PERMIT__permit_col_56,粤卫消证字(2018)第22693号,DEFAULT
from_PERMIT__permit_col_56,经营许可证编号202459552,DEFAULT
from_PERMIT__permit_col_56,浙卫消证字(2021)第98881号,DEFAULT
from_PERMIT__permit_col_56,经营许可证编号201792657,DEFAULT
from_PERMIT__permit_col_56,川食药监械经营许202170470号,DEFAULT
from_PERMIT__permit_col_56,经营许可证编号201864352,DEFAULT
from_PERMIT__permit_col_56,经营许可证编号202334850,DEFAULT
from_PERMIT__permit_col_56,川食药监械经营许201684123号,DEFAULT
from_PERMIT__permit_col_57,经营许可证编号202473394,DEFAULT
from_PERMIT__permit_col_57,苏卫消证字(2017)第99295号,DEFAULT
from_PERMIT__permit_col_57,京卫消证字(2020)第94483号,DEFAULT
from_PERMIT__permit_col_57,经营许可证编号201939986,DEFAULT
from_PERMIT__permit_col_57,川卫消证字(2024)第99616号,DEFAULT
from_PERMIT__permit_col_57,苏食药监械经营许202464674号,DEFAULT
from_PERMIT__permit_col_57,川食药监械经营许202461590号,DEFAULT
from_PERMIT__permit_col_57,津卫消证字(2021)第67105号,DEFAULT
from_PERMIT__permit_col_57,经营许可证编号201928109,DEFAULT
from_PERMIT__permit_col_57,京食药监械经营许202099744号,DEFAULT
from_PERMIT__permit_col_58,经营许可证编号202301826,DEFAULT
from_PERMIT__permit_col_58,浙卫消证字(2017)第30481号,DEFAULT
from_PERMIT__permit_col_58,粤食药监械经营许201681618号,DEFAULT
from_PERMIT__permit_col_58,经营许可证编号202125298,DEFAULT
from_PERMIT__permit_col_58,京卫消证字(2016)第24418号,DEFAULT
from_PERMIT__permit_col_58,经营许可证编号202217465,DEFAULT
from_PERMIT__permit_col_58,赣卫消证字(2020)第21871号,DEFAULT
from_PERMIT__permit_col_58,粤卫消证字(2020)第8890号,DEFAULT
from_PERMIT__permit_col_58,经营许可证编号201911141,DEFAULT
from_PERMIT__permit_col_58,粤食药监械经营许202159010号,DEFAULT
from_PERMIT__permit_col_59,津食药监械经营许201800960号,DEFAULT
from_PERMIT__permit_col_59,浙卫消证字(2020)第8689号,DEFAULT
from_PERMIT__permit_col_59,经营许可证编号201692705,DEFAULT
from_PERMIT__permit_col_59,津卫消证字(2020)第13069号,DEFAULT
from_PERMIT__permit_col_59,川卫消证字(2018)第35485号,DEFAULT
from_PERMIT__permit_col_59,经营许可证编号201972200,DEFAULT
from_PERMIT__permit_col_59,苏食药监械经营许201681447号,DEFAULT
from_PERMIT__permit_col_59,津卫消证字(2020)第12949号,DEFAULT
from_PERMIT__permit_col_59,经营许可证编号201898390,DEFAULT
from_PERMIT__permit_col_59,浙卫消证字(2024)第61030号,DEFAULT
from_PERMIT__permit_col_60,经营许可证编号202462216,DEFAULT
from_PERMIT__permit_col_60,沪卫消证字(2022)第33523号,DEFAULT
from_PERMIT__permit_col_60,京食药监械经营许201924030号,DEFAULT
from_PERMIT__permit_col_60,经营许可证编号202110241,DEFAULT
from_PERMIT__permit_col_60,津卫消证字(2020)第18895号,DEFAULT
from_PERMIT__permit_col_60,沪卫消证字(2020)第1834号,DEFAULT
from_PERMIT__permit_col_60,浙食药监械经营许201922596号,DEFAULT
from_PERMIT__permit_col_60,经营许可证编号201714141,DEFAULT
from_PERMIT__permit_col_60,粤食药监械经营许201625221号,DEFAULT
from_PERMIT__permit_col_60,浙卫消证字(2022)第68923号,DEFAULT
from_PERMIT__permit_col_61,京卫消证字(2017)第90118号,DEFAULT
from_PERMIT__permit_col_61,京食药监械经营许201906588号,DEFAULT
from_PERMIT__permit_col_61,经营许可证编号201619571,DEFAULT
from_PERMIT__permit_col_61,经营许可证编号202391025,DEFAULT
from_PERMIT__permit_col_61,沪食药监械经营许201619851号,DEFAULT
from_PERMIT__permit_col_61,经营许可证编号201677930,DEFAULT
from_PERMIT__permit_col_61,赣食药监械经营许201951240号,DEFAULT
from_PERMIT__permit_col_61,京食药监械经营许201809186号,DEFAULT
from_PERMIT__permit_col_61,赣卫消证字(2019)第53644号,DEFAULT
from_PERMIT__permit_col_61,经营许可证编号201644429,DEFAULT
from_PERMIT__permit_col_62,津卫消证字(2023)第79288号,DEFAULT
from_PERMIT__permit_col_62,经营许可证编号201607856,DEFAULT
from_PERMIT__permit_col_62,苏卫消证字(2023)第31903号,DEFAULT
from_PERMIT__permit_col_62,经营许可证编号202173805,DEFAULT
from_PERMIT__permit_col_62,经营许可证编号201660476,DEFAULT
from_PERMIT__permit_col_62,川卫消证字(2023)第11728号,DEFAULT
from_PERMIT__permit_col_62,川食药监械经营许201685767号,DEFAULT
from_PERMIT__permit_col_62,津卫消证字(2018)第21004号,DEFAULT
from_PERMIT__permit_col_62,经营许可证编号201726765,DEFAULT
from_PERMIT__permit_col_62,京食药监械经营许201697419号,DEFAULT
from_PERMIT__permit_col_63,津卫消证字(2017)第85864号,DEFAULT
from_PERMIT__permit_col_63,经营许可证编号202318683,DEFAULT
from_PERMIT__permit_col_63,沪卫消证字(2017)第3271号,DEFAULT
from_PERMIT__permit_col_63,浙食药监械经营许202193054号,DEFAULT
from_PERMIT__permit_col_63,浙食药监械经营许202214664号,DEFAULT
from_PERMIT__permit_col_63,津食药监械经营许201774643号,DEFAULT
from_PERMIT__permit_col_63,经营许可证编号202408966,DEFAULT
from_PERMIT__permit_col_63,津食药监械经营许201659610号,DEFAULT
from_PERMIT__permit_col_63,浙食药监械经营许202032097号,DEFAULT
from_PERMIT__permit_col_63,京卫消证字(2016)第18967号,DEFAULT
from_PERMIT__permit_col_64,川卫消证字(2020)第38422号,DEFAULT
from_PERMIT__permit_col_64,经营许可证编号201847258,DEFAULT
from_PERMIT__permit_col_64,沪卫消证字(2017)第84928号,DEFAULT
from_PERMIT__permit_col_64,经营许可证编号201618884,DEFAULT
from_PERMIT__permit_col_64,赣卫消证字(2018)第28138号,DEFAULT
from_PERMIT__permit_col_64,经营许可证编号201718602,DEFAULT
from_PERMIT__permit_col_64,经营许可证编号202039989,DEFAULT
from_PERMIT__permit_col_64,津卫消证字(2023)第23632号,DEFAULT
from_PERMIT__permit_col_64,京卫消证字(2016)第27295号,DEFAULT
from_PERMIT__permit_col_64,沪食药监械经营许202284090号,DEFAULT
from_PERMIT__permit_col_65,赣卫消证字(2021)第12370号,DEFAULT
from_PERMIT__permit_col_65,川食药监械经营许201861647号,DEFAULT
from_PERMIT__permit_col_65,经营许可证编号201785400,DEFAULT
from_PERMIT__permit_col_65,津卫消证字(2020)第94399号,DEFAULT
from_PERMIT__permit_col_65,粤食药监械经营许201835436号,DEFAULT
from_PERMIT__permit_col_65,经营许可证编号202176592,DEFAULT
from_PERMIT__permit_col_65,经营许可证编号201750105,DEFAULT
from_PERMIT__permit_col_65,粤卫消证字(2018)第13864号,DEFAULT
from_PERMIT__permit_col_65,经营许可证编号201741900,DEFAULT
from_PERMIT__permit_col_65,苏卫消证字(2018)第56344号,DEFAULT
from_PERMIT__permit_col_66,京食药监械经营许202096012号,DEFAULT
from_PERMIT__permit_col_66,经营许可证编号202062780,DEFAULT
from_PERMIT__permit_col_66,京食药监械经营许202488404号,DEFAULT
from_PERMIT__permit_col_66,京卫消证字(2018)第28036号,DEFAULT
from_PERMIT__permit_col_66,经营许可证编号202207706,DEFAULT
from_PERMIT__permit_col_66,粤卫消证字(2024)第68881号,DEFAULT
from_PERMIT__permit_col_66,浙卫消证字(2020)第59794号,DEFAULT
from_PERMIT__permit_col_66,经营许可证编号201667001,DEFAULT
from_PERMIT__permit_col_66,川卫消证字(2023)第86161号,DEFAULT
from_PERMIT__permit_col_66,苏卫消证字(2017)第74959号,DEFAULT
from_PERMIT__permit_col_67,粤卫消证字(2023)第38218号,DEFAULT
from_PERMIT__permit_col_67,沪食药监械经营许201757303号,DEFAULT
from_PERMIT__permit_col_67,浙食药监械经营许201606600号,DEFAULT
from_PERMIT__permit_col_67,京卫消证字(2024)第26425号,DEFAULT
from_PERMIT__permit_col_67,京食药监械经营许201825872号,DEFAULT
from_PERMIT__permit_col_67,赣卫消证字(2019)第36517号,DEFAULT
from_PERMIT__permit_col_67,浙食药监械经营许202457285号,DEFAULT
from_PERMIT__permit_col_67,浙卫消证字(2023)第5122号,DEFAULT
from_PERMIT__permit_col_67,沪食药监械经营许201729361号,DEFAULT
from_PERMIT__permit_col_67,京卫消证字(2021)第35956号,DEFAULT
from_PERMIT__permit_col_68,京食药监械经营许201819404号,DEFAULT
from_PERMIT__permit_col_68,粤卫消证字(2018)第8641号,DEFAULT
from_PERMIT__permit_col_68,沪卫消证字(2019)第97450号,DEFAULT
from_PERMIT__permit_col_68,经营许可证编号201801907,DEFAULT
from_PERMIT__permit_col_68,赣卫消证字(2021)第0196号,DEFAULT
from_PERMIT__permit_col_68,经营许可证编号201900260,DEFAULT
from_PERMIT__permit_col_68,粤卫消证字(2016)第2383号,DEFAULT
from_PERMIT__permit_col_68,京卫消证字(2019)第38233号,DEFAULT
from_PERMIT__permit_col_68,京食药监械经营许202331362号,DEFAULT
from_PERMIT__permit_col_68,苏食药监械经营许201600441号,DEFAULT
from_PERMIT__permit_col_69,经营许可证编号201733047,DEFAULT
from_PERMIT__permit_col_69,苏食药监械经营许202200348号,DEFAULT
from_PERMIT__permit_col_69,粤卫消证字(2017)第50395号,DEFAULT
from_PERMIT__permit_col_69,沪卫消证字(2019)第18202号,DEFAULT
from_PERMIT__permit_col_69,经营许可证编号201959867,DEFAULT
from_PERMIT__permit_col_69,津食药监械经营许201650883号,DEFAULT
from_PERMIT__permit_col_69,粤食药监械经营许202496084号,DEFAULT
from_PERMIT__permit_col_69,赣卫消证字(2020)第71215号,DEFAULT
from_PERMIT__permit_col_69,苏食药监械经营许202455740号,DEFAULT
from_PERMIT__permit_col_69,津卫消证字(2020)第50923号,DEFAULT
from_PERMIT__permit_col_70,经营许可证编号201606641,DEFAULT
from_PERMIT__permit_col_70,粤食药监械经营许202436351号,DEFAULT
from_PERMIT__permit_col_70,川卫消证字(2019)第56959号,DEFAULT
from_PINYIN_NAME__pinyin_col_1,ZhangSan,DEFAULT
from_PINYIN_NAME__pinyin_col_1,LiMing,DEFAULT
from_PINYIN_NAME__pinyin_col_1,WangWei,DEFAULT
from_PINYIN_NAME__pinyin_col_1,ChenHao,DEFAULT
from_PINYIN_NAME__pinyin_col_1,LiuYang,DEFAULT
from_PINYIN_NAME__pinyin_col_1,China,DEFAULT
from_PINYIN_NAME__pinyin_col_1,LiSi,DEFAULT
from_PINYIN_NAME__pinyin_col_1,110105199001011234,DEFAULT
from_PINYIN_NAME__pinyin_col_1,粤B12345,DEFAULT
from_PINYIN_NAME__pinyin_col_2,ZhaoLei,DEFAULT
from_PINYIN_NAME__pinyin_col_2,HuangBo,DEFAULT
from_PINYIN_NAME__pinyin_col_2,SunLi,DEFAULT
from_PINYIN_NAME__pinyin_col_2,ZhouJie,DEFAULT
from_PINYIN_NAME__pinyin_col_2,GuoQiang,DEFAULT
from_PINYIN_NAME__pinyin_col_2,abcdef123,DEFAULT
from_PINYIN_NAME__pinyin_col_2,USA,DEFAULT
from_PINYIN_NAME__pinyin_col_2,000001,DEFAULT
from_PINYIN_NAME__pinyin_col_2,WangWu,DEFAULT
from_PINYIN_NAME__pinyin_col_2,192.168.1.1,DEFAULT
from_PINYIN_NAME__pinyin_col_3,Zhang San,DEFAULT
from_PINYIN_NAME__pinyin_col_3,Li Ming,DEFAULT
from_PINYIN_NAME__pinyin_col_3,Wang Wei,DEFAULT
from_PINYIN_NAME__pinyin_col_3,Chen Hao,DEFAULT
from_PINYIN_NAME__pinyin_col_3,Liu Yang,DEFAULT
from_PINYIN_NAME__pinyin_col_3,600000,DEFAULT
from_PINYIN_NAME__pinyin_col_3,JP,DEFAULT
from_PINYIN_NAME__pinyin_col_3,20230101,DEFAULT
from_PINYIN_NAME__pinyin_col_3,粤A88888,DEFAULT
from_PINYIN_NAME__pinyin_col_3,110105123456789012,DEFAULT
from_PINYIN_NAME__pinyin_col_4,Zhangsan,DEFAULT
from_PINYIN_NAME__pinyin_col_4,LIMING,DEFAULT
from_PINYIN_NAME__pinyin_col_4,WANGWEI,DEFAULT
from_PINYIN_NAME__pinyin_col_4,Chenhao,DEFAULT
from_PINYIN_NAME__pinyin_col_4,Liuyang,DEFAULT
from_PINYIN_NAME__pinyin_col_4,123456,DEFAULT
from_PINYIN_NAME__pinyin_col_4,2023-12-31,DEFAULT
from_PINYIN_NAME__pinyin_col_4,abcdef,DEFAULT
from_PINYIN_NAME__pinyin_col_5,Guo Qiang,DEFAULT
from_PINYIN_NAME__pinyin_col_5,Zhou Jie,DEFAULT
from_PINYIN_NAME__pinyin_col_5,Sun Li,DEFAULT
from_PINYIN_NAME__pinyin_col_5,Huang Bo,DEFAULT
from_PINYIN_NAME__pinyin_col_5,Zhao Lei,DEFAULT
from_PINYIN_NAME__pinyin_col_5,000002,DEFAULT
from_PINYIN_NAME__pinyin_col_5,20221212,DEFAULT
from_PINYIN_NAME__pinyin_col_5,test123,DEFAULT
from_PINYIN_NAME__pinyin_col_5,8.8.8.8,DEFAULT
from_PINYIN_NAME__pinyin_col_6,LiuTao,DEFAULT
from_PINYIN_NAME__pinyin_col_6,MaYun,DEFAULT
from_PINYIN_NAME__pinyin_col_6,WuYifan,DEFAULT
from_PINYIN_NAME__pinyin_col_6,XuKai,DEFAULT
from_PINYIN_NAME__pinyin_col_6,ZhengKai,DEFAULT
from_PINYIN_NAME__pinyin_col_6,110105199508073210,DEFAULT
from_PINYIN_NAME__pinyin_col_6,20230101123045,DEFAULT
from_PINYIN_NAME__pinyin_col_7,Liu Tao,DEFAULT
from_PINYIN_NAME__pinyin_col_7,Ma Yun,DEFAULT
from_PINYIN_NAME__pinyin_col_7,Wu Yifan,DEFAULT
from_PINYIN_NAME__pinyin_col_7,Xu Kai,DEFAULT
from_PINYIN_NAME__pinyin_col_7,Zheng Kai,DEFAULT
from_PINYIN_NAME__pinyin_col_7,600001,DEFAULT
from_PINYIN_NAME__pinyin_col_7,not_valid,DEFAULT
from_PINYIN_NAME__pinyin_col_7,2023.06.01,DEFAULT
from_PINYIN_NAME__pinyin_col_7,粤C12345,DEFAULT
from_PINYIN_NAME__pinyin_col_8,YangMi,DEFAULT
from_PINYIN_NAME__pinyin_col_8,ZhangYishan,DEFAULT
from_PINYIN_NAME__pinyin_col_8,LiYifeng,DEFAULT
from_PINYIN_NAME__pinyin_col_8,WangYibo,DEFAULT
from_PINYIN_NAME__pinyin_col_8,ZhaoLiying,DEFAULT
from_PINYIN_NAME__pinyin_col_8,2023-05-01,DEFAULT
from_PINYIN_NAME__pinyin_col_9,Yang Mi,DEFAULT
from_PINYIN_NAME__pinyin_col_9,Zhang Yishan,DEFAULT
from_PINYIN_NAME__pinyin_col_9,Li Yifeng,DEFAULT
from_PINYIN_NAME__pinyin_col_9,Wang Yibo,DEFAULT
from_PINYIN_NAME__pinyin_col_9,Zhao Liying,DEFAULT
from_PINYIN_NAME__pinyin_col_9,1234567890,DEFAULT
from_PINYIN_NAME__pinyin_col_9,20240101,DEFAULT
from_PINYIN_NAME__pinyin_col_9,粤A12345,DEFAULT
from_PINYIN_NAME__pinyin_col_10,HanGeng,DEFAULT
from_PINYIN_NAME__pinyin_col_10,ZhouDongyu,DEFAULT
from_PINYIN_NAME__pinyin_col_10,LiXian,DEFAULT
from_PINYIN_NAME__pinyin_col_10,ChenKun,DEFAULT
from_PINYIN_NAME__pinyin_col_10,ZhangZiyi,DEFAULT
from_PINYIN_NAME__pinyin_col_10,2023-08-08,DEFAULT
from_PINYIN_NAME__pinyin_col_10,粤B88888,DEFAULT
from_PINYIN_NAME__pinyin_col_11,LiuBo,DEFAULT
from_PINYIN_NAME__pinyin_col_11,ZhengBin,DEFAULT
from_PINYIN_NAME__pinyin_col_11,YuanLei,DEFAULT
from_PINYIN_NAME__pinyin_col_11,YuLong,DEFAULT
from_PINYIN_NAME__pinyin_col_11,ChenSan,DEFAULT
from_PINYIN_NAME__pinyin_col_11,FuNa,DEFAULT
from_PINYIN_NAME__pinyin_col_11,XuJun,DEFAULT
from_PINYIN_NAME__pinyin_col_11,LiJing,DEFAULT
from_PINYIN_NAME__pinyin_col_11,LuoLan,DEFAULT
from_PINYIN_NAME__pinyin_col_11,LuLong,DEFAULT
from_PINYIN_NAME__pinyin_col_12,FengPing,DEFAULT
from_PINYIN_NAME__pinyin_col_12,ZhangFang,DEFAULT
from_PINYIN_NAME__pinyin_col_12,ZhouYan,DEFAULT
from_PINYIN_NAME__pinyin_col_12,GaoXue,DEFAULT
from_PINYIN_NAME__pinyin_col_12,RenTao,DEFAULT
from_PINYIN_NAME__pinyin_col_12,LiJun,DEFAULT
from_PINYIN_NAME__pinyin_col_12,RenSi,DEFAULT
from_PINYIN_NAME__pinyin_col_12,ZhouJing,DEFAULT
from_PINYIN_NAME__pinyin_col_12,ZhouBo,DEFAULT
from_PINYIN_NAME__pinyin_col_12,WuBin,DEFAULT
from_PINYIN_NAME__pinyin_col_13,GaoXin,DEFAULT
from_PINYIN_NAME__pinyin_col_13,TangJie,DEFAULT
from_PINYIN_NAME__pinyin_col_13,SunSan,DEFAULT
from_PINYIN_NAME__pinyin_col_13,HeQiang,DEFAULT
from_PINYIN_NAME__pinyin_col_13,XiaoBo,DEFAULT
from_PINYIN_NAME__pinyin_col_13,ChengLi,DEFAULT
from_PINYIN_NAME__pinyin_col_13,ZhangLong,DEFAULT
from_PINYIN_NAME__pinyin_col_13,YuanMei,DEFAULT
from_PINYIN_NAME__pinyin_col_13,RenChao,DEFAULT
from_PINYIN_NAME__pinyin_col_13,ChenLin,DEFAULT
from_PINYIN_NAME__pinyin_col_14,YaoYang,DEFAULT
from_PINYIN_NAME__pinyin_col_14,ZhaoTing,DEFAULT
from_PINYIN_NAME__pinyin_col_14,ZhaoTao,DEFAULT
from_PINYIN_NAME__pinyin_col_14,GaoChao,DEFAULT
from_PINYIN_NAME__pinyin_col_14,DingQiang,DEFAULT
from_PINYIN_NAME__pinyin_col_14,YaoXin,DEFAULT
from_PINYIN_NAME__pinyin_col_14,XiaoMin,DEFAULT
from_PINYIN_NAME__pinyin_col_14,FuWei,DEFAULT
from_PINYIN_NAME__pinyin_col_14,DongSan,DEFAULT
from_PINYIN_NAME__pinyin_col_14,LuoNa,DEFAULT
from_PINYIN_NAME__pinyin_col_15,XiaoNa,DEFAULT
from_PINYIN_NAME__pinyin_col_15,GaoJun,DEFAULT
from_PINYIN_NAME__pinyin_col_15,SunNa,DEFAULT
from_PINYIN_NAME__pinyin_col_15,FuJun,DEFAULT
from_PINYIN_NAME__pinyin_col_15,ChengKai,DEFAULT
from_PINYIN_NAME__pinyin_col_15,ShenLong,DEFAULT
from_PINYIN_NAME__pinyin_col_15,LiPing,DEFAULT
from_PINYIN_NAME__pinyin_col_15,ZhengXue,DEFAULT
from_PINYIN_NAME__pinyin_col_15,SunXin,DEFAULT
from_PINYIN_NAME__pinyin_col_15,GaoLi,DEFAULT
from_PINYIN_NAME__pinyin_col_16,XuHong,DEFAULT
from_PINYIN_NAME__pinyin_col_16,LuLei,DEFAULT
from_PINYIN_NAME__pinyin_col_16,YuanNa,DEFAULT
from_PINYIN_NAME__pinyin_col_16,YuanKai,DEFAULT
from_PINYIN_NAME__pinyin_col_16,DingPeng,DEFAULT
from_PINYIN_NAME__pinyin_col_16,TangXue,DEFAULT
from_PINYIN_NAME__pinyin_col_16,ZhengPing,DEFAULT
from_PINYIN_NAME__pinyin_col_16,ZhangTing,DEFAULT
from_PINYIN_NAME__pinyin_col_16,DingJun,DEFAULT
from_PINYIN_NAME__pinyin_col_16,ShenLan,DEFAULT
from_PINYIN_NAME__pinyin_col_17,HuangPeng,DEFAULT
from_PINYIN_NAME__pinyin_col_17,ZhangPeng,DEFAULT
from_PINYIN_NAME__pinyin_col_17,ChengLan,DEFAULT
from_PINYIN_NAME__pinyin_col_17,XuXin,DEFAULT
from_PINYIN_NAME__pinyin_col_17,LuHao,DEFAULT
from_PINYIN_NAME__pinyin_col_17,YuanBo,DEFAULT
from_PINYIN_NAME__pinyin_col_17,LiMin,DEFAULT
from_PINYIN_NAME__pinyin_col_17,XiaoPeng,DEFAULT
from_PINYIN_NAME__pinyin_col_17,FengTao,DEFAULT
from_PINYIN_NAME__pinyin_col_17,FuJing,DEFAULT
from_PINYIN_NAME__pinyin_col_18,FengPeng,DEFAULT
from_PINYIN_NAME__pinyin_col_18,HeHong,DEFAULT
from_PINYIN_NAME__pinyin_col_18,DengBo,DEFAULT
from_PINYIN_NAME__pinyin_col_18,ZhangTao,DEFAULT
from_PINYIN_NAME__pinyin_col_18,HeLi,DEFAULT
from_PINYIN_NAME__pinyin_col_18,ZhaoLong,DEFAULT
from_PINYIN_NAME__pinyin_col_18,LiXue,DEFAULT
from_PINYIN_NAME__pinyin_col_18,WangPing,DEFAULT
from_PINYIN_NAME__pinyin_col_18,FuLei,DEFAULT
from_PINYIN_NAME__pinyin_col_18,YuBin,DEFAULT
from_PINYIN_NAME__pinyin_col_19,ChengChao,DEFAULT
from_PINYIN_NAME__pinyin_col_19,RenSan,DEFAULT
from_PINYIN_NAME__pinyin_col_19,ZhengLi,DEFAULT
from_PINYIN_NAME__pinyin_col_19,ShenXin,DEFAULT
from_PINYIN_NAME__pinyin_col_19,YuLei,DEFAULT
from_PINYIN_NAME__pinyin_col_19,FuLong,DEFAULT
from_PINYIN_NAME__pinyin_col_19,TangLong,DEFAULT
from_PINYIN_NAME__pinyin_col_19,DongWei,DEFAULT
from_PINYIN_NAME__pinyin_col_19,ChengXin,DEFAULT
from_PINYIN_NAME__pinyin_col_19,LuLin,DEFAULT
from_PINYIN_NAME__pinyin_col_20,YaoLei,DEFAULT
from_PINYIN_NAME__pinyin_col_20,ZhengHao,DEFAULT
from_PINYIN_NAME__pinyin_col_20,FengYang,DEFAULT
from_PINYIN_NAME__pinyin_col_20,GaoJing,DEFAULT
from_PINYIN_NAME__pinyin_col_20,HuangChao,DEFAULT
from_PINYIN_NAME__pinyin_col_20,FuLi,DEFAULT
from_PINYIN_NAME__pinyin_col_20,FuMei,DEFAULT
from_PINYIN_NAME__pinyin_col_20,WangBo,DEFAULT
from_PINYIN_NAME__pinyin_col_20,DengBin,DEFAULT
from_PINYIN_NAME__pinyin_col_20,YaoSan,DEFAULT
from_PINYIN_NAME__pinyin_col_21,WuLei,DEFAULT
from_PINYIN_NAME__pinyin_col_21,HeXin,DEFAULT
from_PINYIN_NAME__pinyin_col_21,XuLei,DEFAULT
from_PINYIN_NAME__pinyin_col_21,ZhangLi,DEFAULT
from_PINYIN_NAME__pinyin_col_21,YuanJing,DEFAULT
from_PINYIN_NAME__pinyin_col_21,YuLin,DEFAULT
from_PINYIN_NAME__pinyin_col_21,ChengHong,DEFAULT
from_PINYIN_NAME__pinyin_col_21,ZhouChao,DEFAULT
from_PINYIN_NAME__pinyin_col_21,WangHong,DEFAULT
from_PINYIN_NAME__pinyin_col_21,FuJie,DEFAULT
from_PINYIN_NAME__pinyin_col_22,HuangFang,DEFAULT
from_PINYIN_NAME__pinyin_col_22,DongJing,DEFAULT
from_PINYIN_NAME__pinyin_col_22,ZhangHao,DEFAULT
from_PINYIN_NAME__pinyin_col_22,XuYan,DEFAULT
from_PINYIN_NAME__pinyin_col_22,FuXin,DEFAULT
from_PINYIN_NAME__pinyin_col_22,DongTao,DEFAULT
from_PINYIN_NAME__pinyin_col_22,LuoSan,DEFAULT
from_PINYIN_NAME__pinyin_col_22,HeKai,DEFAULT
from_PINYIN_NAME__pinyin_col_22,ZhaoWei,DEFAULT
from_PINYIN_NAME__pinyin_col_22,DongJun,DEFAULT
from_PINYIN_NAME__pinyin_col_23,LuoLi,DEFAULT
from_PINYIN_NAME__pinyin_col_23,ZhangYan,DEFAULT
from_PINYIN_NAME__pinyin_col_23,WuKai,DEFAULT
from_PINYIN_NAME__pinyin_col_23,TangLei,DEFAULT
from_PINYIN_NAME__pinyin_col_23,WuJie,DEFAULT
from_PINYIN_NAME__pinyin_col_23,FengBin,DEFAULT
from_PINYIN_NAME__pinyin_col_23,TangTing,DEFAULT
from_PINYIN_NAME__pinyin_col_23,FuMin,DEFAULT
from_PINYIN_NAME__pinyin_col_23,ChengMei,DEFAULT
from_PINYIN_NAME__pinyin_col_23,ZhouMei,DEFAULT
from_PINYIN_NAME__pinyin_col_24,LiuMei,DEFAULT
from_PINYIN_NAME__pinyin_col_24,DingJing,DEFAULT
from_PINYIN_NAME__pinyin_col_24,ChengLong,DEFAULT
from_PINYIN_NAME__pinyin_col_24,DengWei,DEFAULT
from_PINYIN_NAME__pinyin_col_24,LuoTing,DEFAULT
from_PINYIN_NAME__pinyin_col_24,FengHao,DEFAULT
from_PINYIN_NAME__pinyin_col_24,GaoQiang,DEFAULT
from_PINYIN_NAME__pinyin_col_24,TangPeng,DEFAULT
from_PINYIN_NAME__pinyin_col_24,HeLan,DEFAULT
from_PINYIN_NAME__pinyin_col_24,WuHong,DEFAULT
from_PINYIN_NAME__pinyin_col_25,ZhouHong,DEFAULT
from_PINYIN_NAME__pinyin_col_25,ChenJun,DEFAULT
from_PINYIN_NAME__pinyin_col_25,RenLan,DEFAULT
from_PINYIN_NAME__pinyin_col_25,TangXin,DEFAULT
from_PINYIN_NAME__pinyin_col_25,DingXue,DEFAULT
from_PINYIN_NAME__pinyin_col_25,FuChao,DEFAULT
from_PINYIN_NAME__pinyin_col_25,YaoSi,DEFAULT
from_PINYIN_NAME__pinyin_col_25,ChenPing,DEFAULT
from_PINYIN_NAME__pinyin_col_25,WuChao,DEFAULT
from_PINYIN_NAME__pinyin_col_25,YaoTing,DEFAULT
from_PINYIN_NAME__pinyin_col_26,ChengYang,DEFAULT
from_PINYIN_NAME__pinyin_col_26,RenPeng,DEFAULT
from_PINYIN_NAME__pinyin_col_26,WangJun,DEFAULT
from_PINYIN_NAME__pinyin_col_26,LuoXue,DEFAULT
from_PINYIN_NAME__pinyin_col_26,LiHao,DEFAULT
from_PINYIN_NAME__pinyin_col_26,ZhengSi,DEFAULT
from_PINYIN_NAME__pinyin_col_26,YaoKai,DEFAULT
from_PINYIN_NAME__pinyin_col_26,XiaoFang,DEFAULT
from_PINYIN_NAME__pinyin_col_26,LiBo,DEFAULT
from_PINYIN_NAME__pinyin_col_26,TangLan,DEFAULT
from_PINYIN_NAME__pinyin_col_27,FengSi,DEFAULT
from_PINYIN_NAME__pinyin_col_27,DingWei,DEFAULT
from_PINYIN_NAME__pinyin_col_27,LuoLei,DEFAULT
from_PINYIN_NAME__pinyin_col_27,HeYang,DEFAULT
from_PINYIN_NAME__pinyin_col_27,FengLei,DEFAULT
from_PINYIN_NAME__pinyin_col_27,FuFang,DEFAULT
from_PINYIN_NAME__pinyin_col_27,LuFang,DEFAULT
from_PINYIN_NAME__pinyin_col_27,LuNa,DEFAULT
from_PINYIN_NAME__pinyin_col_27,HuangXue,DEFAULT
from_PINYIN_NAME__pinyin_col_27,ZhangHong,DEFAULT
from_PINYIN_NAME__pinyin_col_28,DingSan,DEFAULT
from_PINYIN_NAME__pinyin_col_28,LuoYang,DEFAULT
from_PINYIN_NAME__pinyin_col_28,TangNa,DEFAULT
from_PINYIN_NAME__pinyin_col_28,HuangXin,DEFAULT
from_PINYIN_NAME__pinyin_col_28,ZhaoLan,DEFAULT
from_PINYIN_NAME__pinyin_col_28,GaoLin,DEFAULT
from_PINYIN_NAME__pinyin_col_28,ChengHao,DEFAULT
from_PINYIN_NAME__pinyin_col_28,DengKai,DEFAULT
from_PINYIN_NAME__pinyin_col_28,HePeng,DEFAULT
from_PINYIN_NAME__pinyin_col_28,ChenLei,DEFAULT
from_PINYIN_NAME__pinyin_col_29,ShenQiang,DEFAULT
from_PINYIN_NAME__pinyin_col_29,HePing,DEFAULT
from_PINYIN_NAME__pinyin_col_29,LiuSan,DEFAULT
from_PINYIN_NAME__pinyin_col_29,TangYang,DEFAULT
from_PINYIN_NAME__pinyin_col_29,LuSan,DEFAULT
from_PINYIN_NAME__pinyin_col_29,ZhouKai,DEFAULT
from_PINYIN_NAME__pinyin_col_29,ChenBo,DEFAULT
from_PINYIN_NAME__pinyin_col_29,LiLan,DEFAULT
from_PINYIN_NAME__pinyin_col_29,ZhaoBin,DEFAULT
from_PINYIN_NAME__pinyin_col_29,RenMin,DEFAULT
from_PINYIN_NAME__pinyin_col_30,WuMin,DEFAULT
from_PINYIN_NAME__pinyin_col_30,SunJun,DEFAULT
from_PINYIN_NAME__pinyin_col_30,ShenKai,DEFAULT
from_PINYIN_NAME__pinyin_col_30,XiaoLei,DEFAULT
from_PINYIN_NAME__pinyin_col_30,HuangNa,DEFAULT
from_PINYIN_NAME__pinyin_col_30,RenQiang,DEFAULT
from_PINYIN_NAME__pinyin_col_30,WangLei,DEFAULT
from_PINYIN_NAME__pinyin_col_30,DengFang,DEFAULT
from_PINYIN_NAME__pinyin_col_30,ShenHong,DEFAULT
from_PINYIN_NAME__pinyin_col_30,YaoHong,DEFAULT
from_PINYIN_NAME__pinyin_col_31,LiuFang,DEFAULT
from_PINYIN_NAME__pinyin_col_31,ZhaoHong,DEFAULT
from_PINYIN_NAME__pinyin_col_31,RenYan,DEFAULT
from_PINYIN_NAME__pinyin_col_31,SunTao,DEFAULT
from_PINYIN_NAME__pinyin_col_31,YuWei,DEFAULT
from_PINYIN_NAME__pinyin_col_31,LinJie,DEFAULT
from_PINYIN_NAME__pinyin_col_31,ZhangLei,DEFAULT
from_PINYIN_NAME__pinyin_col_31,WuXin,DEFAULT
from_PINYIN_NAME__pinyin_col_31,LuoPing,DEFAULT
from_PINYIN_NAME__pinyin_col_31,YaoJing,DEFAULT
from_PINYIN_NAME__pinyin_col_32,LiJie,DEFAULT
from_PINYIN_NAME__pinyin_col_32,DongPing,DEFAULT
from_PINYIN_NAME__pinyin_col_32,XiaoXue,DEFAULT
from_PINYIN_NAME__pinyin_col_32,LiuBin,DEFAULT
from_PINYIN_NAME__pinyin_col_32,ZhouPing,DEFAULT
from_PINYIN_NAME__pinyin_col_32,HuangYang,DEFAULT
from_PINYIN_NAME__pinyin_col_32,RenJing,DEFAULT
from_PINYIN_NAME__pinyin_col_32,XuSi,DEFAULT
from_PINYIN_NAME__pinyin_col_32,LinYan,DEFAULT
from_PINYIN_NAME__pinyin_col_32,FuTao,DEFAULT
from_PINYIN_NAME__pinyin_col_33,WuNa,DEFAULT
from_PINYIN_NAME__pinyin_col_33,YuanLin,DEFAULT
from_PINYIN_NAME__pinyin_col_33,LuBo,DEFAULT
from_PINYIN_NAME__pinyin_col_33,ShenYan,DEFAULT
from_PINYIN_NAME__pinyin_col_33,ChengSan,DEFAULT
from_PINYIN_NAME__pinyin_col_33,ZhouPeng,DEFAULT
from_PINYIN_NAME__pinyin_col_33,HeLong,DEFAULT
from_PINYIN_NAME__pinyin_col_33,YuanMin,DEFAULT
from_PINYIN_NAME__pinyin_col_33,LuChao,DEFAULT
from_PINYIN_NAME__pinyin_col_33,RenNa,DEFAULT
from_PINYIN_NAME__pinyin_col_34,ChenYan,DEFAULT
from_PINYIN_NAME__pinyin_col_34,YuBo,DEFAULT
from_PINYIN_NAME__pinyin_col_34,ZhengJie,DEFAULT
from_PINYIN_NAME__pinyin_col_34,TangYan,DEFAULT
from_PINYIN_NAME__pinyin_col_34,WuJing,DEFAULT
from_PINYIN_NAME__pinyin_col_34,HeTao,DEFAULT
from_PINYIN_NAME__pinyin_col_34,LiuLi,DEFAULT
from_PINYIN_NAME__pinyin_col_34,LiuJie,DEFAULT
from_PINYIN_NAME__pinyin_col_34,GaoSi,DEFAULT
from_PINYIN_NAME__pinyin_col_34,ShenBo,DEFAULT
from_PINYIN_NAME__pinyin_col_35,DongXue,DEFAULT
from_PINYIN_NAME__pinyin_col_35,DongNa,DEFAULT
from_PINYIN_NAME__pinyin_col_35,GaoFang,DEFAULT
from_PINYIN_NAME__pinyin_col_35,LiuYan,DEFAULT
from_PINYIN_NAME__pinyin_col_35,YuFang,DEFAULT
from_PINYIN_NAME__pinyin_col_35,DingChao,DEFAULT
from_PINYIN_NAME__pinyin_col_35,ZhaoYang,DEFAULT
from_PINYIN_NAME__pinyin_col_35,DengSi,DEFAULT
from_PINYIN_NAME__pinyin_col_35,HeLei,DEFAULT
from_PINYIN_NAME__pinyin_col_35,YuKai,DEFAULT
from_PINYIN_NAME__pinyin_col_36,HeWei,DEFAULT
from_PINYIN_NAME__pinyin_col_36,LuoBin,DEFAULT
from_PINYIN_NAME__pinyin_col_36,YuXin,DEFAULT
from_PINYIN_NAME__pinyin_col_36,GaoLei,DEFAULT
from_PINYIN_NAME__pinyin_col_36,SunChao,DEFAULT
from_PINYIN_NAME__pinyin_col_36,LinPing,DEFAULT
from_PINYIN_NAME__pinyin_col_36,DongXin,DEFAULT
from_PINYIN_NAME__pinyin_col_36,YaoChao,DEFAULT
from_PINYIN_NAME__pinyin_col_36,DongHong,DEFAULT
from_PINYIN_NAME__pinyin_col_36,LuYang,DEFAULT
from_PINYIN_NAME__pinyin_col_37,ShenTing,DEFAULT
from_PINYIN_NAME__pinyin_col_37,FengJie,DEFAULT
from_PINYIN_NAME__pinyin_col_37,FuLin,DEFAULT
from_PINYIN_NAME__pinyin_col_37,DengQiang,DEFAULT
from_PINYIN_NAME__pinyin_col_37,DingPing,DEFAULT
from_PINYIN_NAME__pinyin_col_37,FengNa,DEFAULT
from_PINYIN_NAME__pinyin_col_37,LuoJing,DEFAULT
from_PINYIN_NAME__pinyin_col_37,ZhengBo,DEFAULT
from_PINYIN_NAME__pinyin_col_37,DongLei,DEFAULT
from_PINYIN_NAME__pinyin_col_37,LinBin,DEFAULT
from_PINYIN_NAME__pinyin_col_38,ChenJie,DEFAULT
from_PINYIN_NAME__pinyin_col_38,ZhaoSi,DEFAULT
from_PINYIN_NAME__pinyin_col_38,ShenMin,DEFAULT
from_PINYIN_NAME__pinyin_col_38,RenKai,DEFAULT
from_PINYIN_NAME__pinyin_col_38,LuJie,DEFAULT
from_PINYIN_NAME__pinyin_col_38,SunKai,DEFAULT
from_PINYIN_NAME__pinyin_col_38,SunXue,DEFAULT
from_PINYIN_NAME__pinyin_col_38,HeSan,DEFAULT
from_PINYIN_NAME__pinyin_col_38,RenWei,DEFAULT
from_PINYIN_NAME__pinyin_col_38,XuFang,DEFAULT
from_PINYIN_NAME__pinyin_col_39,ChengJing,DEFAULT
from_PINYIN_NAME__pinyin_col_39,LuKai,DEFAULT
from_PINYIN_NAME__pinyin_col_39,DengTing,DEFAULT
from_PINYIN_NAME__pinyin_col_39,WangMei,DEFAULT
from_PINYIN_NAME__pinyin_col_39,XuTing,DEFAULT
from_PINYIN_NAME__pinyin_col_39,XiaoHong,DEFAULT
from_PINYIN_NAME__pinyin_col_39,LiPeng,DEFAULT
from_PINYIN_NAME__pinyin_col_39,WangLi,DEFAULT
from_PINYIN_NAME__pinyin_col_39,XuHao,DEFAULT
from_PINYIN_NAME__pinyin_col_39,TangMei,DEFAULT
from_PINYIN_NAME__pinyin_col_40,YuQiang,DEFAULT
from_PINYIN_NAME__pinyin_col_40,ZhengYang,DEFAULT
from_PINYIN_NAME__pinyin_col_40,LiXin,DEFAULT
from_PINYIN_NAME__pinyin_col_40,DongLin,DEFAULT
from_PINYIN_NAME__pinyin_col_40,GaoLan,DEFAULT
from_PINYIN_NAME__pinyin_col_40,HuangLong,DEFAULT
from_PINYIN_NAME__pinyin_col_40,ChengPing,DEFAULT
from_PINYIN_NAME__pinyin_col_40,DengMei,DEFAULT
from_PINYIN_NAME__pinyin_col_40,HuangKai,DEFAULT
from_PINYIN_NAME__pinyin_col_40,YuanLan,DEFAULT
from_PINYIN_NAME__pinyin_col_41,LiuSi,DEFAULT
from_PINYIN_NAME__pinyin_col_41,ZhouJun,DEFAULT
from_PINYIN_NAME__pinyin_col_41,ZhangXin,DEFAULT
from_PINYIN_NAME__pinyin_col_41,YaoQiang,DEFAULT
from_PINYIN_NAME__pinyin_col_41,GaoTao,DEFAULT
from_PINYIN_NAME__pinyin_col_41,DongMei,DEFAULT
from_PINYIN_NAME__pinyin_col_41,ChenKai,DEFAULT
from_PINYIN_NAME__pinyin_col_41,WuLin,DEFAULT
from_PINYIN_NAME__pinyin_col_41,LuXue,DEFAULT
from_PINYIN_NAME__pinyin_col_41,LuSi,DEFAULT
from_PINYIN_NAME__pinyin_col_42,WangQiang,DEFAULT
from_PINYIN_NAME__pinyin_col_42,ChengYan,DEFAULT
from_PINYIN_NAME__pinyin_col_42,ZhouLan,DEFAULT
from_PINYIN_NAME__pinyin_col_42,LuoKai,DEFAULT
from_PINYIN_NAME__pinyin_col_42,ChenBin,DEFAULT
from_PINYIN_NAME__pinyin_col_42,TangTao,DEFAULT
from_PINYIN_NAME__pinyin_col_42,YuJun,DEFAULT
from_PINYIN_NAME__pinyin_col_42,FuXue,DEFAULT
from_PINYIN_NAME__pinyin_col_42,XiaoBin,DEFAULT
from_PINYIN_NAME__pinyin_col_42,DengLan,DEFAULT
from_PINYIN_NAME__pinyin_col_43,XuQiang,DEFAULT
from_PINYIN_NAME__pinyin_col_43,WuHao,DEFAULT
from_PINYIN_NAME__pinyin_col_43,HuangJie,DEFAULT
from_PINYIN_NAME__pinyin_col_43,SunQiang,DEFAULT
from_PINYIN_NAME__pinyin_col_43,HeHao,DEFAULT
from_PINYIN_NAME__pinyin_col_43,ZhangSi,DEFAULT
from_PINYIN_NAME__pinyin_col_43,ZhengQiang,DEFAULT
from_PINYIN_NAME__pinyin_col_43,LinSi,DEFAULT
from_PINYIN_NAME__pinyin_col_43,ZhouTao,DEFAULT
from_PINYIN_NAME__pinyin_col_43,WangXue,DEFAULT
from_PINYIN_NAME__pinyin_col_44,YuXue,DEFAULT
from_PINYIN_NAME__pinyin_col_44,ChengLei,DEFAULT
from_PINYIN_NAME__pinyin_col_44,LiYang,DEFAULT
from_PINYIN_NAME__pinyin_col_44,YuanJun,DEFAULT
from_PINYIN_NAME__pinyin_col_44,DengLong,DEFAULT
from_PINYIN_NAME__pinyin_col_44,YuLi,DEFAULT
from_PINYIN_NAME__pinyin_col_44,TangQiang,DEFAULT
from_PINYIN_NAME__pinyin_col_44,LuoSi,DEFAULT
from_PINYIN_NAME__pinyin_col_44,SunFang,DEFAULT
from_PINYIN_NAME__pinyin_col_44,DengLei,DEFAULT
from_PINYIN_NAME__pinyin_col_45,ShenFang,DEFAULT
from_PINYIN_NAME__pinyin_col_45,DingFang,DEFAULT
from_PINYIN_NAME__pinyin_col_45,WuPeng,DEFAULT
from_PINYIN_NAME__pinyin_col_45,LuoFang,DEFAULT
from_PINYIN_NAME__pinyin_col_45,FengKai,DEFAULT
from_PINYIN_NAME__pinyin_col_45,ZhangXue,DEFAULT
from_PINYIN_NAME__pinyin_col_45,WuQiang,DEFAULT
from_PINYIN_NAME__pinyin_col_45,GaoSan,DEFAULT
from_PINYIN_NAME__pinyin_col_45,DingYang,DEFAULT
from_PINYIN_NAME__pinyin_col_45,HuangWei,DEFAULT
from_PINYIN_NAME__pinyin_col_46,ZhangJing,DEFAULT
from_PINYIN_NAME__pinyin_col_46,LuQiang,DEFAULT
from_PINYIN_NAME__pinyin_col_46,FuKai,DEFAULT
from_PINYIN_NAME__pinyin_col_46,ZhengLan,DEFAULT
from_PINYIN_NAME__pinyin_col_46,LiBin,DEFAULT
from_PINYIN_NAME__pinyin_col_46,LinWei,DEFAULT
from_PINYIN_NAME__pinyin_col_46,ZhengJing,DEFAULT
from_PINYIN_NAME__pinyin_col_46,ZhaoPeng,DEFAULT
from_PINYIN_NAME__pinyin_col_46,FengXin,DEFAULT
from_PINYIN_NAME__pinyin_col_46,WuYan,DEFAULT
from_PINYIN_NAME__pinyin_col_47,WuSi,DEFAULT
from_PINYIN_NAME__pinyin_col_47,DongLong,DEFAULT
from_PINYIN_NAME__pinyin_col_47,WangLin,DEFAULT
from_PINYIN_NAME__pinyin_col_47,TangSan,DEFAULT
from_PINYIN_NAME__pinyin_col_47,FengTing,DEFAULT
from_PINYIN_NAME__pinyin_col_47,WangTing,DEFAULT
from_PINYIN_NAME__pinyin_col_47,RenLong,DEFAULT
from_PINYIN_NAME__pinyin_col_47,LuoMin,DEFAULT
from_PINYIN_NAME__pinyin_col_47,HeSi,DEFAULT
from_PINYIN_NAME__pinyin_col_47,XiaoQiang,DEFAULT
from_PINYIN_NAME__pinyin_col_48,XuSan,DEFAULT
from_PINYIN_NAME__pinyin_col_48,YuJie,DEFAULT
from_PINYIN_NAME__pinyin_col_48,ShenSan,DEFAULT
from_PINYIN_NAME__pinyin_col_48,YuanFang,DEFAULT
from_PINYIN_NAME__pinyin_col_48,FengMin,DEFAULT
from_PINYIN_NAME__pinyin_col_48,YaoMei,DEFAULT
from_PINYIN_NAME__pinyin_col_48,LiuLei,DEFAULT
from_PINYIN_NAME__pinyin_col_48,FengSan,DEFAULT
from_PINYIN_NAME__pinyin_col_48,YuPing,DEFAULT
from_PINYIN_NAME__pinyin_col_48,HeXue,DEFAULT
from_PINYIN_NAME__pinyin_col_49,ZhaoXue,DEFAULT
from_PINYIN_NAME__pinyin_col_49,YaoLong,DEFAULT
from_PINYIN_NAME__pinyin_col_49,FengLin,DEFAULT
from_PINYIN_NAME__pinyin_col_49,WuLan,DEFAULT
from_PINYIN_NAME__pinyin_col_49,YuanTing,DEFAULT
from_PINYIN_NAME__pinyin_col_49,LuoLin,DEFAULT
from_PINYIN_NAME__pinyin_col_49,LiuPing,DEFAULT
from_PINYIN_NAME__pinyin_col_49,HuangLei,DEFAULT
from_PINYIN_NAME__pinyin_col_49,RenPing,DEFAULT
from_PINYIN_NAME__pinyin_col_49,XuJing,DEFAULT
from_PINYIN_NAME__pinyin_col_50,DongLi,DEFAULT
from_PINYIN_NAME__pinyin_col_50,DingLi,DEFAULT
from_PINYIN_NAME__pinyin_col_50,DengJie,DEFAULT
from_PINYIN_NAME__pinyin_col_50,HuangTing,DEFAULT
from_PINYIN_NAME__pinyin_col_50,GaoYang,DEFAULT
from_PINYIN_NAME__pinyin_col_50,SunSi,DEFAULT
from_PINYIN_NAME__pinyin_col_50,YaoLi,DEFAULT
from_PINYIN_NAME__pinyin_col_50,DongBo,DEFAULT
from_PINYIN_NAME__pinyin_col_50,XuMin,DEFAULT
from_PINYIN_NAME__pinyin_col_50,TangBin,DEFAULT
from_PINYIN_NAME__pinyin_col_51,TangChao,DEFAULT
from_PINYIN_NAME__pinyin_col_51,LiNa,DEFAULT
from_PINYIN_NAME__pinyin_col_51,FengQiang,DEFAULT
from_PINYIN_NAME__pinyin_col_51,LiKai,DEFAULT
from_PINYIN_NAME__pinyin_col_51,LuTing,DEFAULT
from_PINYIN_NAME__pinyin_col_51,LuJing,DEFAULT
from_PINYIN_NAME__pinyin_col_51,XiaoChao,DEFAULT
from_PINYIN_NAME__pinyin_col_51,XuPeng,DEFAULT
from_PINYIN_NAME__pinyin_col_51,ZhouWei,DEFAULT
from_PINYIN_NAME__pinyin_col_51,ChengPeng,DEFAULT
from_PINYIN_NAME__pinyin_col_52,ShenPing,DEFAULT
from_PINYIN_NAME__pinyin_col_52,FengJun,DEFAULT
from_PINYIN_NAME__pinyin_col_52,ZhouLei,DEFAULT
from_PINYIN_NAME__pinyin_col_52,XiaoPing,DEFAULT
from_PINYIN_NAME__pinyin_col_52,LiFang,DEFAULT
from_PINYIN_NAME__pinyin_col_52,LuoMei,DEFAULT
from_PINYIN_NAME__pinyin_col_52,ZhangJun,DEFAULT
from_PINYIN_NAME__pinyin_col_52,DengJing,DEFAULT
from_PINYIN_NAME__pinyin_col_52,ShenSi,DEFAULT
from_PINYIN_NAME__pinyin_col_52,DingLin,DEFAULT
from_PINYIN_NAME__pinyin_col_53,ChengXue,DEFAULT
from_PINYIN_NAME__pinyin_col_53,SunWei,DEFAULT
from_PINYIN_NAME__pinyin_col_53,WangFang,DEFAULT
from_PINYIN_NAME__pinyin_col_53,HeTing,DEFAULT
from_PINYIN_NAME__pinyin_col_53,WangLong,DEFAULT
from_PINYIN_NAME__pinyin_col_53,ZhouXin,DEFAULT
from_PINYIN_NAME__pinyin_col_53,WuTao,DEFAULT
from_PINYIN_NAME__pinyin_col_53,RenMei,DEFAULT
from_PINYIN_NAME__pinyin_col_53,ZhengMei,DEFAULT
from_PINYIN_NAME__pinyin_col_53,LiuPeng,DEFAULT
from_PINYIN_NAME__pinyin_col_54,YuanXue,DEFAULT
from_PINYIN_NAME__pinyin_col_54,ZhangYang,DEFAULT
from_PINYIN_NAME__pinyin_col_54,DengPing,DEFAULT
from_PINYIN_NAME__pinyin_col_54,FengFang,DEFAULT
from_PINYIN_NAME__pinyin_col_54,LinQiang,DEFAULT
from_PINYIN_NAME__pinyin_col_54,YaoBo,DEFAULT
from_PINYIN_NAME__pinyin_col_54,YaoPing,DEFAULT
from_PINYIN_NAME__pinyin_col_54,TangPing,DEFAULT
from_PINYIN_NAME__pinyin_col_54,ZhouSi,DEFAULT
from_PINYIN_NAME__pinyin_col_54,LiuTing,DEFAULT
from_PINYIN_NAME__pinyin_col_55,XiaoWei,DEFAULT
from_PINYIN_NAME__pinyin_col_55,XiaoLan,DEFAULT
from_PINYIN_NAME__pinyin_col_55,GaoMin,DEFAULT
from_PINYIN_NAME__pinyin_col_55,YuHao,DEFAULT
from_PINYIN_NAME__pinyin_col_55,LiMei,DEFAULT
from_PINYIN_NAME__pinyin_col_55,XiaoSan,DEFAULT
from_PINYIN_NAME__pinyin_col_55,DongMin,DEFAULT
from_PINYIN_NAME__pinyin_col_55,YuanLi,DEFAULT
from_PINYIN_NAME__pinyin_col_55,FuBo,DEFAULT
from_PINYIN_NAME__pinyin_col_55,FuYan,DEFAULT
from_PINYIN_NAME__pinyin_col_56,DingHao,DEFAULT
from_PINYIN_NAME__pinyin_col_56,YuLan,DEFAULT
from_PINYIN_NAME__pinyin_col_56,LuoYan,DEFAULT
from_PINYIN_NAME__pinyin_col_56,HuangMin,DEFAULT
from_PINYIN_NAME__pinyin_col_56,XiaoXin,DEFAULT
from_PINYIN_NAME__pinyin_col_56,DengLin,DEFAULT
from_PINYIN_NAME__pinyin_col_56,DongFang,DEFAULT
from_PLATE_NUMBER__plate_col_1,粤B12345,DEFAULT
from_PLATE_NUMBER__plate_col_1,粤B67890,DEFAULT
from_PLATE_NUMBER__plate_col_1,粤B12A45,DEFAULT
from_PLATE_NUMBER__plate_col_1,1234567,DEFAULT
from_PLATE_NUMBER__plate_col_1,not_plate,DEFAULT
from_PLATE_NUMBER__plate_col_1,京A8F3K9,DEFAULT
from_PLATE_NUMBER__plate_col_1,沪B7L2Q4,DEFAULT
from_PLATE_NUMBER__plate_col_1,粤C9X5M1,DEFAULT
from_PLATE_NUMBER__plate_col_1,浙D4P8R6,DEFAULT
from_PLATE_NUMBER__plate_col_1,苏E2N7T3,DEFAULT
from_PLATE_NUMBER__plate_col_1,鲁F6H1K8,DEFAULT
from_PLATE_NUMBER__plate_col_1,川G3W9J2,DEFAULT
from_PLATE_NUMBER__plate_col_1,鄂H5Q2L7,DEFAULT
from_PLATE_NUMBER__plate_col_1,湘J8M4P6,DEFAULT
from_PLATE_NUMBER__plate_col_1,闽K1R7X9,DEFAULT
from_PLATE_NUMBER__plate_col_2,京A1B2C3,DEFAULT
from_PLATE_NUMBER__plate_col_2,京A88888,DEFAULT
from_PLATE_NUMBER__plate_col_2,京A1234D,DEFAULT
from_PLATE_NUMBER__plate_col_2,AAAAAAA,DEFAULT
from_PLATE_NUMBER__plate_col_2,110105199001011234,DEFAULT
from_PLATE_NUMBER__plate_col_2,京B4T9L2,DEFAULT
from_PLATE_NUMBER__plate_col_2,沪C6P3H8,DEFAULT
from_PLATE_NUMBER__plate_col_2,粤D1K7Q5,DEFAULT
from_PLATE_NUMBER__plate_col_2,浙E9M2W4,DEFAULT
from_PLATE_NUMBER__plate_col_2,苏F3R8J6,DEFAULT
from_PLATE_NUMBER__plate_col_2,鲁G7X1N9,DEFAULT
from_PLATE_NUMBER__plate_col_2,川H2L5P8,DEFAULT
from_PLATE_NUMBER__plate_col_2,鄂J4Q9M3,DEFAULT
from_PLATE_NUMBER__plate_col_2,湘K6T1R7,DEFAULT
from_PLATE_NUMBER__plate_col_2,闽L8W3H2,DEFAULT
from_PLATE_NUMBER__plate_col_3,沪C12345,DEFAULT
from_PLATE_NUMBER__plate_col_3,沪C6789A,DEFAULT
from_PLATE_NUMBER__plate_col_3,沪C00000,DEFAULT
from_PLATE_NUMBER__plate_col_3,9999999,DEFAULT
from_PLATE_NUMBER__plate_col_3,粤B12,DEFAULT
from_PLATE_NUMBER__plate_col_3,京C9R2M5,DEFAULT
from_PLATE_NUMBER__plate_col_3,沪D1T8Q6,DEFAULT
from_PLATE_NUMBER__plate_col_3,粤E4L7X9,DEFAULT
from_PLATE_NUMBER__plate_col_3,浙F6P2H3,DEFAULT
from_PLATE_NUMBER__plate_col_3,苏G8M5K1,DEFAULT
from_PLATE_NUMBER__plate_col_3,鲁H3W9R4,DEFAULT
from_PLATE_NUMBER__plate_col_3,川J5Q1L8,DEFAULT
from_PLATE_NUMBER__plate_col_3,鄂K7T4P2,DEFAULT
from_PLATE_NUMBER__plate_col_3,湘L2X6M9,DEFAULT
from_PLATE_NUMBER__plate_col_3,闽M4H8R3,DEFAULT
from_PLATE_NUMBER__plate_col_4,浙A12345,DEFAULT
from_PLATE_NUMBER__plate_col_4,浙A54321,DEFAULT
from_PLATE_NUMBER__plate_col_4,浙A88888,DEFAULT
from_PLATE_NUMBER__plate_col_4,abcde,DEFAULT
from_PLATE_NUMBER__plate_col_4,123ABC,DEFAULT
from_PLATE_NUMBER__plate_col_4,京D2M7P9,DEFAULT
from_PLATE_NUMBER__plate_col_4,沪E8R1L5,DEFAULT
from_PLATE_NUMBER__plate_col_4,粤F3T9H2,DEFAULT
from_PLATE_NUMBER__plate_col_4,浙G5X4Q8,DEFAULT
from_PLATE_NUMBER__plate_col_4,苏H7P2M6,DEFAULT
from_PLATE_NUMBER__plate_col_4,鲁J1L8R3,DEFAULT
from_PLATE_NUMBER__plate_col_4,川K9T5H4,DEFAULT
from_PLATE_NUMBER__plate_col_4,鄂L6Q3X7,DEFAULT
from_PLATE_NUMBER__plate_col_4,湘M4P1R8,DEFAULT
from_PLATE_NUMBER__plate_col_4,闽N2H9T6,DEFAULT
from_PLATE_NUMBER__plate_col_5,苏A12345D,DEFAULT
from_PLATE_NUMBER__plate_col_5,苏A1234F,DEFAULT
from_PLATE_NUMBER__plate_col_5,苏A9999D,DEFAULT
from_PLATE_NUMBER__plate_col_5,12345678,DEFAULT
from_PLATE_NUMBER__plate_col_5,粤B123456,DEFAULT
from_PLATE_NUMBER__plate_col_5,京E7L3Q8,DEFAULT
from_PLATE_NUMBER__plate_col_5,沪F2M9R4,DEFAULT
from_PLATE_NUMBER__plate_col_5,粤G5T1H7,DEFAULT
from_PLATE_NUMBER__plate_col_5,浙H8P6X2,DEFAULT
from_PLATE_NUMBER__plate_col_5,苏J3R4M9,DEFAULT
from_PLATE_NUMBER__plate_col_5,鲁K6L2Q1,DEFAULT
from_PLATE_NUMBER__plate_col_5,川L9T8H5,DEFAULT
from_PLATE_NUMBER__plate_col_5,鄂M1P7R3,DEFAULT
from_PLATE_NUMBER__plate_col_5,湘N4Q9X6,DEFAULT
from_PLATE_NUMBER__plate_col_5,闽P2H5T8,DEFAULT
from_PLATE_NUMBER__plate_col_6,川A12345,DEFAULT
from_PLATE_NUMBER__plate_col_6,川A88888,DEFAULT
from_PLATE_NUMBER__plate_col_6,川A1D2345,DEFAULT
from_PLATE_NUMBER__plate_col_6,ABCDEFG,DEFAULT
from_PLATE_NUMBER__plate_col_6,京A12345,DEFAULT
from_PLATE_NUMBER__plate_col_6,京F5R8M1,DEFAULT
from_PLATE_NUMBER__plate_col_6,沪G3L2Q9,DEFAULT
from_PLATE_NUMBER__plate_col_6,粤H7T4P6,DEFAULT
from_PLATE_NUMBER__plate_col_6,浙J1X9R2,DEFAULT
from_PLATE_NUMBER__plate_col_6,苏K8M3H7,DEFAULT
from_PLATE_NUMBER__plate_col_6,鲁L2Q6T4,DEFAULT
from_PLATE_NUMBER__plate_col_6,川M9P1R5,DEFAULT
from_PLATE_NUMBER__plate_col_6,鄂N4H8X3,DEFAULT
from_PLATE_NUMBER__plate_col_6,湘P6T2M9,DEFAULT
from_PLATE_NUMBER__plate_col_6,闽Q3R7L1,DEFAULT
from_PLATE_NUMBER__plate_col_7,鲁B12345,DEFAULT
from_PLATE_NUMBER__plate_col_7,鲁B54321,DEFAULT
from_PLATE_NUMBER__plate_col_7,鲁B11111,DEFAULT
from_PLATE_NUMBER__plate_col_7,abcdefg,DEFAULT
from_PLATE_NUMBER__plate_col_7,99999999,DEFAULT
from_PLATE_NUMBER__plate_col_7,京G8M1Q4,DEFAULT
from_PLATE_NUMBER__plate_col_7,沪H2R9L6,DEFAULT
from_PLATE_NUMBER__plate_col_7,粤J5T3P8,DEFAULT
from_PLATE_NUMBER__plate_col_7,浙K7X4H2,DEFAULT
from_PLATE_NUMBER__plate_col_7,苏L1Q6R9,DEFAULT
from_PLATE_NUMBER__plate_col_7,鲁M3P8T5,DEFAULT
from_PLATE_NUMBER__plate_col_7,川N6H2X1,DEFAULT
from_PLATE_NUMBER__plate_col_7,鄂P9R4L7,DEFAULT
from_PLATE_NUMBER__plate_col_7,湘Q2T7M3,DEFAULT
from_PLATE_NUMBER__plate_col_7,闽R5H1X8,DEFAULT
from_PLATE_NUMBER__plate_col_8,豫A12345,DEFAULT
from_PLATE_NUMBER__plate_col_8,豫A67890,DEFAULT
from_PLATE_NUMBER__plate_col_8,豫A00001,DEFAULT
from_PLATE_NUMBER__plate_col_8,hello123,DEFAULT
from_PLATE_NUMBER__plate_col_8,粤B123,DEFAULT
from_PLATE_NUMBER__plate_col_8,京H4Q7L2,DEFAULT
from_PLATE_NUMBER__plate_col_8,沪J9M3R6,DEFAULT
from_PLATE_NUMBER__plate_col_8,粤K2T8P5,DEFAULT
from_PLATE_NUMBER__plate_col_8,浙L6X1H9,DEFAULT
from_PLATE_NUMBER__plate_col_8,苏M3R5Q7,DEFAULT
from_PLATE_NUMBER__plate_col_8,鲁N8P2T4,DEFAULT
from_PLATE_NUMBER__plate_col_8,川P1H9X6,DEFAULT
from_PLATE_NUMBER__plate_col_8,鄂Q7R3L5,DEFAULT
from_PLATE_NUMBER__plate_col_8,湘R4T6M2,DEFAULT
from_PLATE_NUMBER__plate_col_8,闽S2H8X9,DEFAULT
from_PLATE_NUMBER__plate_col_9,粤A12345,DEFAULT
from_PLATE_NUMBER__plate_col_9,粤A99999,DEFAULT
from_PLATE_NUMBER__plate_col_9,粤A8888D,DEFAULT
from_PLATE_NUMBER__plate_col_9,0000000,DEFAULT
from_PLATE_NUMBER__plate_col_9,身份证号,DEFAULT
from_PLATE_NUMBER__plate_col_9,京J6M2R8,DEFAULT
from_PLATE_NUMBER__plate_col_9,沪K3Q7L1,DEFAULT
from_PLATE_NUMBER__plate_col_9,粤L9T4P6,DEFAULT
from_PLATE_NUMBER__plate_col_9,浙M1X8H3,DEFAULT
from_PLATE_NUMBER__plate_col_9,苏N5R2Q9,DEFAULT
from_PLATE_NUMBER__plate_col_9,鲁P7T6M4,DEFAULT
from_PLATE_NUMBER__plate_col_9,川Q2H9X5,DEFAULT
from_PLATE_NUMBER__plate_col_9,鄂R8L3P1,DEFAULT
from_PLATE_NUMBER__plate_col_9,湘S4T7M6,DEFAULT
from_PLATE_NUMBER__plate_col_9,闽T1H5X8,DEFAULT
from_PLATE_NUMBER__plate_col_10,湘A12345,DEFAULT
from_PLATE_NUMBER__plate_col_10,湘A54321,DEFAULT
from_PLATE_NUMBER__plate_col_10,湘A11111,DEFAULT
from_PLATE_NUMBER__plate_col_10,random,DEFAULT
from_PLATE_NUMBER__plate_col_10,12345,DEFAULT
from_PLATE_NUMBER__plate_col_10,京K9R3M2,DEFAULT
from_PLATE_NUMBER__plate_col_10,沪L4Q8T6,DEFAULT
from_PLATE_NUMBER__plate_col_10,粤M1P7H5,DEFAULT
from_PLATE_NUMBER__plate_col_10,浙N6X2R9,DEFAULT
from_PLATE_NUMBER__plate_col_10,苏P3M8Q4,DEFAULT
from_PLATE_NUMBER__plate_col_10,鲁Q7T1H6,DEFAULT
from_PLATE_NUMBER__plate_col_10,川R2P9L5,DEFAULT
from_PLATE_NUMBER__plate_col_10,鄂S8X4M3,DEFAULT
from_PLATE_NUMBER__plate_col_10,湘T5R6Q1,DEFAULT
from_PLATE_NUMBER__plate_col_10,闽U2H9P7,DEFAULT
from_PLATE_NUMBER__plate_col_11,粤CUHAV9,DEFAULT
from_PLATE_NUMBER__plate_col_11,苏NKBBNM,DEFAULT
from_PLATE_NUMBER__plate_col_11,浙PZKP5J,DEFAULT
from_PLATE_NUMBER__plate_col_11,沪BW0Y25,DEFAULT
from_PLATE_NUMBER__plate_col_11,京P4EK5V,DEFAULT
from_PLATE_NUMBER__plate_col_11,粤DQBY4J,DEFAULT
from_PLATE_NUMBER__plate_col_12,津XNB138,DEFAULT
from_PLATE_NUMBER__plate_col_12,渝PHMDJK,DEFAULT
from_PLATE_NUMBER__plate_col_12,苏KCTAK1,DEFAULT
from_PLATE_NUMBER__plate_col_12,赣N9SWDG,DEFAULT
from_PLATE_NUMBER__plate_col_12,沪FXS9HB,DEFAULT
from_PLATE_NUMBER__plate_col_12,川LM4EU6,DEFAULT
from_PLATE_NUMBER__plate_col_12,苏X3V5G6,DEFAULT
from_PLATE_NUMBER__plate_col_13,粤VJ2588,DEFAULT
from_PLATE_NUMBER__plate_col_13,浙DDMD8X,DEFAULT
from_PLATE_NUMBER__plate_col_13,粤WZ1SX9,DEFAULT
from_PLATE_NUMBER__plate_col_13,闽MF6SRY,DEFAULT
from_PLATE_NUMBER__plate_col_14,川KVJBZT,DEFAULT
from_PLATE_NUMBER__plate_col_14,京F9PEG4,DEFAULT
from_PLATE_NUMBER__plate_col_14,闽KUTJM8,DEFAULT
from_PLATE_NUMBER__plate_col_14,津KK42QA,DEFAULT
from_PLATE_NUMBER__plate_col_14,闽LXBV40,DEFAULT
from_PLATE_NUMBER__plate_col_14,京PNL8EA,DEFAULT
from_PLATE_NUMBER__plate_col_14,苏ZLYGLG,DEFAULT
from_PLATE_NUMBER__plate_col_15,川NLRGF3,DEFAULT
from_PLATE_NUMBER__plate_col_15,赣MZ0Q3Q,DEFAULT
from_PLATE_NUMBER__plate_col_15,浙GWCFY1,DEFAULT
from_PLATE_NUMBER__plate_col_15,粤QZX1UF,DEFAULT
from_PLATE_NUMBER__plate_col_15,津GXK8N0,DEFAULT
from_PLATE_NUMBER__plate_col_15,苏R5SG1H,DEFAULT
from_PLATE_NUMBER__plate_col_15,赣M21W51,DEFAULT
from_PLATE_NUMBER__plate_col_16,渝NH4HFD,DEFAULT
from_PLATE_NUMBER__plate_col_16,赣Q0QMT2,DEFAULT
from_PLATE_NUMBER__plate_col_16,浙KUN3M8,DEFAULT
from_PLATE_NUMBER__plate_col_16,京M2M9P7,DEFAULT
from_PLATE_NUMBER__plate_col_16,川Q4UE7P,DEFAULT
from_PLATE_NUMBER__plate_col_16,粤DD6360,DEFAULT
from_PLATE_NUMBER__plate_col_16,粤MPUXCP,DEFAULT
from_PLATE_NUMBER__plate_col_17,苏KD1G8V,DEFAULT
from_PLATE_NUMBER__plate_col_17,渝R0A9Z4,DEFAULT
from_PLATE_NUMBER__plate_col_17,川PBP0NL,DEFAULT
from_PLATE_NUMBER__plate_col_17,沪T31MK7,DEFAULT
from_PLATE_NUMBER__plate_col_17,苏P25QD0,DEFAULT
from_PLATE_NUMBER__plate_col_17,粤RL77LN,DEFAULT
from_PLATE_NUMBER__plate_col_17,津PES532,DEFAULT
from_PLATE_NUMBER__plate_col_17,津WH2SBL,DEFAULT
from_PLATE_NUMBER__plate_col_18,沪GSSX4M,DEFAULT
from_PLATE_NUMBER__plate_col_18,京Q3TM3G,DEFAULT
from_PLATE_NUMBER__plate_col_18,津SERP9B,DEFAULT
from_PLATE_NUMBER__plate_col_18,粤HRHY12,DEFAULT
from_PLATE_NUMBER__plate_col_18,粤LNRCXF,DEFAULT
from_PLATE_NUMBER__plate_col_18,浙T0D11M,DEFAULT
from_PLATE_NUMBER__plate_col_19,闽CECNA4,DEFAULT
from_PLATE_NUMBER__plate_col_19,渝NPBSDU,DEFAULT
from_PLATE_NUMBER__plate_col_19,京NE11GN,DEFAULT
from_PLATE_NUMBER__plate_col_19,赣GWU9YN,DEFAULT
from_PLATE_NUMBER__plate_col_19,赣CAU8B8,DEFAULT
from_PLATE_NUMBER__plate_col_19,粤L6S97Z,DEFAULT
from_PLATE_NUMBER__plate_col_19,川ZDLVR8,DEFAULT
from_PLATE_NUMBER__plate_col_19,浙TK5QXU,DEFAULT
from_PLATE_NUMBER__plate_col_19,川XTXBX4,DEFAULT
from_PLATE_NUMBER__plate_col_20,浙WDHWJ1,DEFAULT
from_PLATE_NUMBER__plate_col_20,津W9LUZ1,DEFAULT
from_PLATE_NUMBER__plate_col_20,赣GDYHJ9,DEFAULT
from_PLATE_NUMBER__plate_col_20,赣G43QF5,DEFAULT
from_PLATE_NUMBER__plate_col_20,渝M1R1X4,DEFAULT
from_PLATE_NUMBER__plate_col_20,苏XCRTPH,DEFAULT
from_PLATE_NUMBER__plate_col_20,赣EMNW1M,DEFAULT
from_PLATE_NUMBER__plate_col_21,闽EEQ3A0,DEFAULT
from_PLATE_NUMBER__plate_col_21,渝V4J84C,DEFAULT
from_PLATE_NUMBER__plate_col_21,川YWQHD6,DEFAULT
from_PLATE_NUMBER__plate_col_21,闽YD6BA0,DEFAULT
from_PLATE_NUMBER__plate_col_22,川HWQTZ7,DEFAULT
from_PLATE_NUMBER__plate_col_22,赣YHZ3PR,DEFAULT
from_PLATE_NUMBER__plate_col_22,赣XFBFRL,DEFAULT
from_PLATE_NUMBER__plate_col_22,津F38U4Q,DEFAULT
from_PLATE_NUMBER__plate_col_22,粤TF2CNX,DEFAULT
from_PLATE_NUMBER__plate_col_22,粤NK8X9A,DEFAULT
from_PLATE_NUMBER__plate_col_23,渝LGE39Q,DEFAULT
from_PLATE_NUMBER__plate_col_23,京CVR07Y,DEFAULT
from_PLATE_NUMBER__plate_col_23,浙GS0063,DEFAULT
from_PLATE_NUMBER__plate_col_23,赣SJPDB7,DEFAULT
from_PLATE_NUMBER__plate_col_23,津K3TQ8X,DEFAULT
from_PLATE_NUMBER__plate_col_23,津AUTXYS,DEFAULT
from_PLATE_NUMBER__plate_col_24,渝T6SMGD,DEFAULT
from_PLATE_NUMBER__plate_col_24,浙TCYU5S,DEFAULT
from_PLATE_NUMBER__plate_col_24,闽SQAH93,DEFAULT
from_PLATE_NUMBER__plate_col_24,渝A5ZQQZ,DEFAULT
from_PLATE_NUMBER__plate_col_24,津PABSM6,DEFAULT
from_PLATE_NUMBER__plate_col_24,苏K9VNP8,DEFAULT
from_PLATE_NUMBER__plate_col_24,粤ZZP2QS,DEFAULT
from_PLATE_NUMBER__plate_col_25,京Y078CS,DEFAULT
from_PLATE_NUMBER__plate_col_25,津WDYVSY,DEFAULT
from_PLATE_NUMBER__plate_col_25,闽FZ8MSG,DEFAULT
from_PLATE_NUMBER__plate_col_25,川LMG8NG,DEFAULT
from_PLATE_NUMBER__plate_col_25,粤M96091,DEFAULT
from_PLATE_NUMBER__plate_col_25,川NETF0W,DEFAULT
from_PLATE_NUMBER__plate_col_25,京JG74VH,DEFAULT
from_PLATE_NUMBER__plate_col_25,沪PMT3PC,DEFAULT
from_PLATE_NUMBER__plate_col_26,津T2XQX6,DEFAULT
from_PLATE_NUMBER__plate_col_26,赣N5P3BQ,DEFAULT
from_PLATE_NUMBER__plate_col_26,京DLTW3F,DEFAULT
from_PLATE_NUMBER__plate_col_26,川R8VSGY,DEFAULT
from_PLATE_NUMBER__plate_col_26,沪R2KD8K,DEFAULT
from_PLATE_NUMBER__plate_col_26,津DBZ2AL,DEFAULT
from_PLATE_NUMBER__plate_col_27,浙E7MJTN,DEFAULT
from_PLATE_NUMBER__plate_col_27,津LGG3JY,DEFAULT
from_PLATE_NUMBER__plate_col_27,闽Z4E8ZE,DEFAULT
from_PLATE_NUMBER__plate_col_27,京NNHWN9,DEFAULT
from_PLATE_NUMBER__plate_col_27,赣DF9ELQ,DEFAULT
from_PLATE_NUMBER__plate_col_27,川YTCJ3C,DEFAULT
from_PLATE_NUMBER__plate_col_27,浙L5UPZV,DEFAULT
from_PLATE_NUMBER__plate_col_28,渝KLAVZS,DEFAULT
from_PLATE_NUMBER__plate_col_28,沪S705X3,DEFAULT
from_PLATE_NUMBER__plate_col_28,浙S229EV,DEFAULT
from_PLATE_NUMBER__plate_col_28,浙UJVFNN,DEFAULT
from_PLATE_NUMBER__plate_col_28,浙F1VD9G,DEFAULT
from_PLATE_NUMBER__plate_col_28,川KUDKB9,DEFAULT
from_PLATE_NUMBER__plate_col_28,沪CW683S,DEFAULT
from_PLATE_NUMBER__plate_col_29,渝F3FLAW,DEFAULT
from_PLATE_NUMBER__plate_col_29,粤DD0LU3,DEFAULT
from_PLATE_NUMBER__plate_col_29,苏EEJKY1,DEFAULT
from_PLATE_NUMBER__plate_col_29,闽EC32YS,DEFAULT
from_PLATE_NUMBER__plate_col_29,赣W27DN4,DEFAULT
from_PLATE_NUMBER__plate_col_29,津BEDZZ6,DEFAULT
from_PLATE_NUMBER__plate_col_29,苏H89JX4,DEFAULT
from_PLATE_NUMBER__plate_col_30,浙QFG6EY,DEFAULT
from_PLATE_NUMBER__plate_col_30,赣VGE6F8,DEFAULT
from_PLATE_NUMBER__plate_col_30,苏SFZH93,DEFAULT
from_PLATE_NUMBER__plate_col_30,川B85EZ6,DEFAULT
from_PLATE_NUMBER__plate_col_30,沪DADBS7,DEFAULT
from_PLATE_NUMBER__plate_col_30,京UUC3X3,DEFAULT
from_PLATE_NUMBER__plate_col_30,闽BDN4A2,DEFAULT
from_PLATE_NUMBER__plate_col_30,京K3PFDK,DEFAULT
from_PLATE_NUMBER__plate_col_31,津WUMP68,DEFAULT
from_PLATE_NUMBER__plate_col_31,京E1BZ2L,DEFAULT
from_PLATE_NUMBER__plate_col_31,沪N0LQ0J,DEFAULT
from_PLATE_NUMBER__plate_col_31,浙KKGS87,DEFAULT
from_PLATE_NUMBER__plate_col_31,粤E81J8H,DEFAULT
from_PLATE_NUMBER__plate_col_32,渝LNZENY,DEFAULT
from_PLATE_NUMBER__plate_col_32,沪X3R7U4,DEFAULT
from_PLATE_NUMBER__plate_col_32,渝Y9KVXH,DEFAULT
from_PLATE_NUMBER__plate_col_32,津THPPH7,DEFAULT
from_PLATE_NUMBER__plate_col_32,沪WQM5WV,DEFAULT
from_PLATE_NUMBER__plate_col_32,津BZWUUB,DEFAULT
from_PLATE_NUMBER__plate_col_32,苏YV7WYN,DEFAULT
from_PLATE_NUMBER__plate_col_33,赣VC6CLV,DEFAULT
from_PLATE_NUMBER__plate_col_33,京JGA6G6,DEFAULT
from_PLATE_NUMBER__plate_col_33,津S27YP0,DEFAULT
from_PLATE_NUMBER__plate_col_33,粤JWVX7U,DEFAULT
from_PLATE_NUMBER__plate_col_33,沪NYN4KS,DEFAULT
from_PLATE_NUMBER__plate_col_33,京FL0WEU,DEFAULT
from_PLATE_NUMBER__plate_col_34,浙PLCDGK,DEFAULT
from_PLATE_NUMBER__plate_col_34,渝MRVDJ7,DEFAULT
from_PLATE_NUMBER__plate_col_34,渝UYR86B,DEFAULT
from_PLATE_NUMBER__plate_col_34,川BEP7T1,DEFAULT
from_PLATE_NUMBER__plate_col_34,渝E3Q70J,DEFAULT
from_PLATE_NUMBER__plate_col_34,闽KBWCWG,DEFAULT
from_PLATE_NUMBER__plate_col_35,赣BRX2L5,DEFAULT
from_PLATE_NUMBER__plate_col_35,赣CBZCDG,DEFAULT
from_PLATE_NUMBER__plate_col_35,京VZR4KG,DEFAULT
from_PLATE_NUMBER__plate_col_35,川A9V64Z,DEFAULT
from_PLATE_NUMBER__plate_col_35,京XHZUWE,DEFAULT
from_PLATE_NUMBER__plate_col_35,浙ZR9J9R,DEFAULT
from_PLATE_NUMBER__plate_col_35,津AC5SG2,DEFAULT
from_PLATE_NUMBER__plate_col_35,沪T7Y7G5,DEFAULT
from_PLATE_NUMBER__plate_col_35,浙B4XY62,DEFAULT
from_PLATE_NUMBER__plate_col_36,京NWSGNA,DEFAULT
from_PLATE_NUMBER__plate_col_36,沪A2U1MB,DEFAULT
from_PLATE_NUMBER__plate_col_36,赣RM8R2F,DEFAULT
from_PLATE_NUMBER__plate_col_36,川YFBM8M,DEFAULT
from_PLATE_NUMBER__plate_col_36,浙Z8AM3V,DEFAULT
from_PLATE_NUMBER__plate_col_36,沪TDQEYG,DEFAULT
from_PLATE_NUMBER__plate_col_36,沪F3W9F4,DEFAULT
from_PLATE_NUMBER__plate_col_36,闽WMY59N,DEFAULT
from_PLATE_NUMBER__plate_col_36,赣SGJQBW,DEFAULT
from_PLATE_NUMBER__plate_col_37,沪LJ3DCE,DEFAULT
from_PLATE_NUMBER__plate_col_37,渝WGMRB6,DEFAULT
from_PLATE_NUMBER__plate_col_37,京WKLFJS,DEFAULT
from_PLATE_NUMBER__plate_col_37,赣MJGDEC,DEFAULT
from_PLATE_NUMBER__plate_col_37,川LMDYDC,DEFAULT
from_PLATE_NUMBER__plate_col_37,闽CE5HW8,DEFAULT
from_PLATE_NUMBER__plate_col_37,京YEWBVG,DEFAULT
from_PLATE_NUMBER__plate_col_38,苏BEHL85,DEFAULT
from_PLATE_NUMBER__plate_col_38,苏B9M15C,DEFAULT
from_PLATE_NUMBER__plate_col_38,浙TA4GUR,DEFAULT
from_PLATE_NUMBER__plate_col_38,京VFCTZH,DEFAULT
from_PLATE_NUMBER__plate_col_38,渝SH7W2E,DEFAULT
from_PLATE_NUMBER__plate_col_38,川TRXEL5,DEFAULT
from_PLATE_NUMBER__plate_col_39,沪K6DYMQ,DEFAULT
from_PLATE_NUMBER__plate_col_39,川RXAE6N,DEFAULT
from_PLATE_NUMBER__plate_col_39,赣G0TCZ9,DEFAULT
from_PLATE_NUMBER__plate_col_39,渝TEGZY4,DEFAULT
from_PLATE_NUMBER__plate_col_39,津A44Z63,DEFAULT
from_PLATE_NUMBER__plate_col_39,赣E5ED0G,DEFAULT
from_PLATE_NUMBER__plate_col_39,川FCRB6P,DEFAULT
from_PLATE_NUMBER__plate_col_39,苏H09K8E,DEFAULT
from_PLATE_NUMBER__plate_col_39,粤Z50H3A,DEFAULT
from_PLATE_NUMBER__plate_col_40,川SGSVVR,DEFAULT
from_PLATE_NUMBER__plate_col_40,川J2L11M,DEFAULT
from_PLATE_NUMBER__plate_col_40,浙VYG9GQ,DEFAULT
from_PLATE_NUMBER__plate_col_40,浙GTVFWX,DEFAULT
from_PLATE_NUMBER__plate_col_40,闽ZL5565,DEFAULT
from_PLATE_NUMBER__plate_col_40,闽W2H1BD,DEFAULT
from_PLATE_NUMBER__plate_col_41,京T659LR,DEFAULT
from_PLATE_NUMBER__plate_col_41,津RKWVDD,DEFAULT
from_PLATE_NUMBER__plate_col_41,粤PMXBT2,DEFAULT
from_PLATE_NUMBER__plate_col_41,赣AXA29B,DEFAULT
from_PLATE_NUMBER__plate_col_41,沪MZL895,DEFAULT
from_PLATE_NUMBER__plate_col_42,沪JH2G74,DEFAULT
from_PLATE_NUMBER__plate_col_42,浙R4QCAX,DEFAULT
from_PLATE_NUMBER__plate_col_42,浙BHLXH9,DEFAULT
from_PLATE_NUMBER__plate_col_42,川QBS9ZW,DEFAULT
from_PLATE_NUMBER__plate_col_42,川YT7HY0,DEFAULT
from_PLATE_NUMBER__plate_col_42,浙RGWBA6,DEFAULT
from_PLATE_NUMBER__plate_col_43,京ECKGWK,DEFAULT
from_PLATE_NUMBER__plate_col_43,沪B636Z7,DEFAULT
from_PLATE_NUMBER__plate_col_43,闽QKZBB3,DEFAULT
from_PLATE_NUMBER__plate_col_43,津H3X84S,DEFAULT
from_PLATE_NUMBER__plate_col_43,沪XPHYGH,DEFAULT
from_PLATE_NUMBER__plate_col_44,渝GFQX5E,DEFAULT
from_PLATE_NUMBER__plate_col_44,粤UN23H6,DEFAULT
from_PLATE_NUMBER__plate_col_44,苏S8F98R,DEFAULT
from_PLATE_NUMBER__plate_col_44,赣A2E4EJ,DEFAULT
from_PLATE_NUMBER__plate_col_44,苏YD4YSN,DEFAULT
from_PLATE_NUMBER__plate_col_44,津TL2TDN,DEFAULT
from_PLATE_NUMBER__plate_col_44,苏UFD854,DEFAULT
from_PLATE_NUMBER__plate_col_45,赣ZRW7AN,DEFAULT
from_PLATE_NUMBER__plate_col_45,渝C39NLD,DEFAULT
from_PLATE_NUMBER__plate_col_45,赣LUQ4AG,DEFAULT
from_PLATE_NUMBER__plate_col_45,闽F95JJS,DEFAULT
from_PLATE_NUMBER__plate_col_45,津PFQV76,DEFAULT
from_PLATE_NUMBER__plate_col_45,赣BGQGB3,DEFAULT
from_PLATE_NUMBER__plate_col_46,津DJ0XJM,DEFAULT
from_PLATE_NUMBER__plate_col_46,京YA19S2,DEFAULT
from_PLATE_NUMBER__plate_col_46,赣M2ZSCU,DEFAULT
from_PLATE_NUMBER__plate_col_46,浙QT4N3V,DEFAULT
from_PLATE_NUMBER__plate_col_46,津CLFLV4,DEFAULT
from_PLATE_NUMBER__plate_col_46,川CWY6JH,DEFAULT
from_PLATE_NUMBER__plate_col_46,京YFR09R,DEFAULT
from_PLATE_NUMBER__plate_col_46,粤F8L437,DEFAULT
from_PLATE_NUMBER__plate_col_47,沪A7FEPZ,DEFAULT
from_PLATE_NUMBER__plate_col_47,闽KUK7P3,DEFAULT
from_PLATE_NUMBER__plate_col_47,川K7NLUX,DEFAULT
from_PLATE_NUMBER__plate_col_47,闽LZT3S6,DEFAULT
from_PLATE_NUMBER__plate_col_47,粤JEMF67,DEFAULT
from_PLATE_NUMBER__plate_col_47,闽UUTVMN,DEFAULT
from_PLATE_NUMBER__plate_col_48,浙FT7CAV,DEFAULT
from_PLATE_NUMBER__plate_col_48,川RHLDC4,DEFAULT
from_PLATE_NUMBER__plate_col_48,粤TC0MTK,DEFAULT
from_PLATE_NUMBER__plate_col_48,赣Y6WNJQ,DEFAULT
from_PLATE_NUMBER__plate_col_48,渝RXDZ89,DEFAULT
from_PLATE_NUMBER__plate_col_48,川SMT2UH,DEFAULT
from_PLATE_NUMBER__plate_col_49,川N4CB3G,DEFAULT
from_PLATE_NUMBER__plate_col_49,闽GS7R8E,DEFAULT
from_PLATE_NUMBER__plate_col_49,津FEZCJJ,DEFAULT
from_PLATE_NUMBER__plate_col_49,赣HVCXU0,DEFAULT
from_PLATE_NUMBER__plate_col_49,闽AH6YLV,DEFAULT
from_PLATE_NUMBER__plate_col_50,豫KXQ8FH,DEFAULT
from_PLATE_NUMBER__plate_col_50,渝AH0YY9,DEFAULT
from_PLATE_NUMBER__plate_col_50,浙KUX11L,DEFAULT
from_PLATE_NUMBER__plate_col_50,沪VZKH77,DEFAULT
from_PLATE_NUMBER__plate_col_50,粤L20AR2,DEFAULT
from_PLATE_NUMBER__plate_col_50,京PJV3B4,DEFAULT
from_PLATE_NUMBER__plate_col_50,粤K4K21B,DEFAULT
from_PLATE_NUMBER__plate_col_50,沪GYEZ8Z,DEFAULT
from_PLATE_NUMBER__plate_col_50,粤CZNAE4,DEFAULT
from_PLATE_NUMBER__plate_col_50,浙XF37GW,DEFAULT
from_PLATE_NUMBER__plate_col_51,赣BY94DZ,DEFAULT
from_PLATE_NUMBER__plate_col_51,沪FSVEPR,DEFAULT
from_PLATE_NUMBER__plate_col_51,闽LV4SD0,DEFAULT
from_PLATE_NUMBER__plate_col_51,川ZZPGW5,DEFAULT
from_PLATE_NUMBER__plate_col_51,闽BW5HF9,DEFAULT
from_PLATE_NUMBER__plate_col_51,鲁U13V1P,DEFAULT
from_PLATE_NUMBER__plate_col_51,赣L0HRNW,DEFAULT
from_PLATE_NUMBER__plate_col_51,豫V7S51A,DEFAULT
from_PLATE_NUMBER__plate_col_51,苏X5DMR6,DEFAULT
from_PLATE_NUMBER__plate_col_51,津ZFSRAG,DEFAULT
from_PLATE_NUMBER__plate_col_52,闽FLBZ37,DEFAULT
from_PLATE_NUMBER__plate_col_52,浙GNK6PJ,DEFAULT
from_PLATE_NUMBER__plate_col_52,浙U1USCM,DEFAULT
from_PLATE_NUMBER__plate_col_52,渝EWRL15,DEFAULT
from_PLATE_NUMBER__plate_col_52,赣VMSL46,DEFAULT
from_PLATE_NUMBER__plate_col_52,浙VLQXKC,DEFAULT
from_PLATE_NUMBER__plate_col_52,沪HMBGSA,DEFAULT
from_PLATE_NUMBER__plate_col_52,京PNQM9T,DEFAULT
from_PLATE_NUMBER__plate_col_52,川EPV7E9,DEFAULT
from_PLATE_NUMBER__plate_col_52,沪VA6XWF,DEFAULT
from_PLATE_NUMBER__plate_col_53,苏JXJ0D4,DEFAULT
from_PLATE_NUMBER__plate_col_53,苏PENQHB,DEFAULT
from_PLATE_NUMBER__plate_col_53,粤Y1URPK,DEFAULT
from_PLATE_NUMBER__plate_col_53,沪PKJ745,DEFAULT
from_PLATE_NUMBER__plate_col_53,津GPE28C,DEFAULT
from_PLATE_NUMBER__plate_col_53,赣NV6B4A,DEFAULT
from_PLATE_NUMBER__plate_col_53,浙TZDR0C,DEFAULT
from_PLATE_NUMBER__plate_col_53,苏VWL8VJ,DEFAULT
from_PLATE_NUMBER__plate_col_53,鲁KFC6VD,DEFAULT
from_PLATE_NUMBER__plate_col_53,沪RTB36Z,DEFAULT
from_PLATE_NUMBER__plate_col_54,渝F352JZ,DEFAULT
from_PLATE_NUMBER__plate_col_54,闽A3LACR,DEFAULT
from_PLATE_NUMBER__plate_col_54,豫NN8Y1S,DEFAULT
from_PLATE_NUMBER__plate_col_54,赣ZEU4TW,DEFAULT
from_PLATE_NUMBER__plate_col_54,闽RPG9P7,DEFAULT
from_PLATE_NUMBER__plate_col_54,豫UTES83,DEFAULT
from_PLATE_NUMBER__plate_col_54,粤UWWAUP,DEFAULT
from_PLATE_NUMBER__plate_col_54,沪P3UPJJ,DEFAULT
from_PLATE_NUMBER__plate_col_54,豫HS0GJG,DEFAULT
from_PLATE_NUMBER__plate_col_54,沪YEGXUX,DEFAULT
from_PLATE_NUMBER__plate_col_55,浙JBAEM4,DEFAULT
from_PLATE_NUMBER__plate_col_55,赣ZLJN9V,DEFAULT
from_PLATE_NUMBER__plate_col_55,津KMLX15,DEFAULT
from_PLATE_NUMBER__plate_col_55,豫S7E889,DEFAULT
from_PLATE_NUMBER__plate_col_55,沪EP496D,DEFAULT
from_PLATE_NUMBER__plate_col_55,苏XUE09D,DEFAULT
from_PLATE_NUMBER__plate_col_55,赣YENSZ1,DEFAULT
from_PLATE_NUMBER__plate_col_55,川QT1BW8,DEFAULT
from_PLATE_NUMBER__plate_col_55,赣X4T0NR,DEFAULT
from_PLATE_NUMBER__plate_col_55,粤V4KN1H,DEFAULT
from_PLATE_NUMBER__plate_col_56,粤TDK2F0,DEFAULT
from_PLATE_NUMBER__plate_col_56,赣EAG2WY,DEFAULT
from_PLATE_NUMBER__plate_col_56,苏Z482TX,DEFAULT
from_PLATE_NUMBER__plate_col_56,津X91WWY,DEFAULT
from_PLATE_NUMBER__plate_col_56,津MGMS63,DEFAULT
from_PLATE_NUMBER__plate_col_56,川AAD094,DEFAULT
from_PLATE_NUMBER__plate_col_56,苏S29JUD,DEFAULT
from_PLATE_NUMBER__plate_col_56,苏C20YSW,DEFAULT
from_PLATE_NUMBER__plate_col_56,京EMSVSE,DEFAULT
from_PLATE_NUMBER__plate_col_56,渝U6UAKN,DEFAULT
from_PLATE_NUMBER__plate_col_57,浙S23B8Q,DEFAULT
from_PLATE_NUMBER__plate_col_57,苏RCE4BR,DEFAULT
from_PLATE_NUMBER__plate_col_57,赣GCVTKP,DEFAULT
from_PLATE_NUMBER__plate_col_57,渝W2DMCX,DEFAULT
from_PLATE_NUMBER__plate_col_57,豫BQBTEP,DEFAULT
from_PLATE_NUMBER__plate_col_57,川XA3E67,DEFAULT
from_PLATE_NUMBER__plate_col_57,闽RJTXKT,DEFAULT
from_PLATE_NUMBER__plate_col_57,京GZ0T9A,DEFAULT
from_PLATE_NUMBER__plate_col_57,川LC5PY0,DEFAULT
from_PLATE_NUMBER__plate_col_57,豫RV8AW7,DEFAULT
from_PLATE_NUMBER__plate_col_58,鲁WQSBXC,DEFAULT
from_PLATE_NUMBER__plate_col_58,沪X3ALST,DEFAULT
from_PLATE_NUMBER__plate_col_58,沪WCQFY9,DEFAULT
from_PLATE_NUMBER__plate_col_58,闽EX9TB5,DEFAULT
from_PLATE_NUMBER__plate_col_58,浙KKCQG4,DEFAULT
from_PLATE_NUMBER__plate_col_58,鲁Q6U35Z,DEFAULT
from_PLATE_NUMBER__plate_col_58,闽MHVE83,DEFAULT
from_PLATE_NUMBER__plate_col_58,豫J9LNA8,DEFAULT
from_PLATE_NUMBER__plate_col_58,渝ZJW918,DEFAULT
from_PLATE_NUMBER__plate_col_58,川D2LRQL,DEFAULT
from_PLATE_NUMBER__plate_col_59,赣AZ0TL5,DEFAULT
from_PLATE_NUMBER__plate_col_59,赣RU9PG4,DEFAULT
from_PLATE_NUMBER__plate_col_59,浙YA01MP,DEFAULT
from_PLATE_NUMBER__plate_col_59,鲁WFZF9F,DEFAULT
from_PLATE_NUMBER__plate_col_59,津T8KUK0,DEFAULT
from_PLATE_NUMBER__plate_col_59,苏LV2B2K,DEFAULT
from_PLATE_NUMBER__plate_col_59,浙E5KQ6H,DEFAULT
from_PLATE_NUMBER__plate_col_59,津V8BKLQ,DEFAULT
from_PLATE_NUMBER__plate_col_59,津XDC3WT,DEFAULT
from_PLATE_NUMBER__plate_col_59,豫T4DT54,DEFAULT
from_PLATE_NUMBER__plate_col_60,闽LSE427,DEFAULT
from_PLATE_NUMBER__plate_col_60,苏LN9EC4,DEFAULT
from_PLATE_NUMBER__plate_col_60,豫G58EYE,DEFAULT
from_PLATE_NUMBER__plate_col_60,苏RDVZ80,DEFAULT
from_PLATE_NUMBER__plate_col_60,沪NP8S84,DEFAULT
from_PLATE_NUMBER__plate_col_60,赣G9BKB6,DEFAULT
from_PLATE_NUMBER__plate_col_60,赣CKR1GM,DEFAULT
from_PLATE_NUMBER__plate_col_60,京WBXFGK,DEFAULT
from_PLATE_NUMBER__plate_col_60,闽W90G8J,DEFAULT
from_PLATE_NUMBER__plate_col_60,粤W7A10C,DEFAULT
from_PLATE_NUMBER__plate_col_61,京B5JQ6K,DEFAULT
from_PLATE_NUMBER__plate_col_61,闽TK0QQT,DEFAULT
from_PLATE_NUMBER__plate_col_61,豫S3V5CR,DEFAULT
from_PLATE_NUMBER__plate_col_61,豫LC27W5,DEFAULT
from_PLATE_NUMBER__plate_col_61,渝V29QNX,DEFAULT
from_PLATE_NUMBER__plate_col_61,苏Y4A74R,DEFAULT
from_PLATE_NUMBER__plate_col_61,豫DLPGWX,DEFAULT
from_PLATE_NUMBER__plate_col_61,苏WCW4CY,DEFAULT
from_PLATE_NUMBER__plate_col_61,沪WF96Q9,DEFAULT
from_PLATE_NUMBER__plate_col_61,川YTSCVZ,DEFAULT
from_PLATE_NUMBER__plate_col_62,渝TPGEVE,DEFAULT
from_PLATE_NUMBER__plate_col_62,川RDGKQW,DEFAULT
from_PLATE_NUMBER__plate_col_62,粤G14HW1,DEFAULT
from_PLATE_NUMBER__plate_col_62,渝VEC444,DEFAULT
from_PLATE_NUMBER__plate_col_62,渝BKQVTY,DEFAULT
from_PLATE_NUMBER__plate_col_62,赣SUS26U,DEFAULT
from_PLATE_NUMBER__plate_col_62,粤H33VBE,DEFAULT
from_PLATE_NUMBER__plate_col_62,赣GJW6P7,DEFAULT
from_PLATE_NUMBER__plate_col_62,渝XPHY7Z,DEFAULT
from_PLATE_NUMBER__plate_col_62,津YLK4QG,DEFAULT
from_PLATE_NUMBER__plate_col_63,渝NPCJFX,DEFAULT
from_PLATE_NUMBER__plate_col_63,渝MVLQQM,DEFAULT
from_STOCK_CODE__stock_col_1,300750,DEFAULT
from_STOCK_CODE__stock_col_1,300059,DEFAULT
from_STOCK_CODE__stock_col_2,300015,DEFAULT
from_STOCK_CODE__stock_col_2,300308,DEFAULT
from_STOCK_CODE__stock_col_3,300124,DEFAULT
from_STOCK_CODE__stock_col_3,300274,DEFAULT
from_STOCK_CODE__stock_col_5,300033,DEFAULT
from_STOCK_CODE__stock_col_5,300433,DEFAULT
from_STOCK_CODE__stock_col_6,300122,DEFAULT
from_STOCK_CODE__stock_col_6,300450,DEFAULT
from_STOCK_CODE__stock_col_7,300014,DEFAULT
from_STOCK_CODE__stock_col_7,300454,DEFAULT
from_STOCK_CODE__stock_col_8,300760,DEFAULT
from_STOCK_CODE__fund_col_1,100001,DEFAULT
from_STOCK_CODE__fund_col_3,600000,DEFAULT
from_STOCK_CODE__fund_col_10,999999,DEFAULT
from_STOCK_CODE__stock_col_11,300968,DEFAULT
from_STOCK_CODE__stock_col_11,300497,DEFAULT
from_STOCK_CODE__stock_col_12,300502,DEFAULT
from_STOCK_CODE__stock_col_12,603311,DEFAULT
from_STOCK_CODE__stock_col_12,603185,DEFAULT
from_STOCK_CODE__stock_col_12,603871,DEFAULT
from_STOCK_CODE__stock_col_13,688772,DEFAULT
from_STOCK_CODE__stock_col_13,920699,DEFAULT
from_STOCK_CODE__stock_col_13,688787,DEFAULT
from_STOCK_CODE__stock_col_13,301212,DEFAULT
from_STOCK_CODE__stock_col_13,300803,DEFAULT
from_STOCK_CODE__stock_col_13,300904,DEFAULT
from_STOCK_CODE__stock_col_14,300911,DEFAULT
from_STOCK_CODE__stock_col_14,300577,DEFAULT
from_STOCK_CODE__stock_col_14,300333,DEFAULT
from_STOCK_CODE__stock_col_14,301319,DEFAULT
from_STOCK_CODE__stock_col_15,603276,DEFAULT
from_STOCK_CODE__stock_col_15,600022,DEFAULT
from_STOCK_CODE__stock_col_15,301076,DEFAULT
from_STOCK_CODE__stock_col_15,300329,DEFAULT
from_STOCK_CODE__stock_col_15,603535,DEFAULT
from_STOCK_CODE__stock_col_15,688133,DEFAULT
from_STOCK_CODE__stock_col_16,300399,DEFAULT
from_STOCK_CODE__stock_col_16,688403,DEFAULT
from_STOCK_CODE__stock_col_16,300343,DEFAULT
from_STOCK_CODE__stock_col_16,300697,DEFAULT
from_STOCK_CODE__stock_col_17,688478,DEFAULT
from_STOCK_CODE__stock_col_17,600935,DEFAULT
from_STOCK_CODE__stock_col_17,688382,DEFAULT
from_STOCK_CODE__stock_col_17,601728,DEFAULT
from_STOCK_CODE__stock_col_18,603175,DEFAULT
from_STOCK_CODE__stock_col_18,300185,DEFAULT
from_STOCK_CODE__stock_col_18,600012,DEFAULT
from_STOCK_CODE__stock_col_18,601069,DEFAULT
from_STOCK_CODE__stock_col_18,301489,DEFAULT
from_STOCK_CODE__stock_col_19,688583,DEFAULT
from_STOCK_CODE__stock_col_19,603068,DEFAULT
from_STOCK_CODE__stock_col_20,920422,DEFAULT
from_STOCK_CODE__stock_col_20,300429,DEFAULT
from_STOCK_CODE__stock_col_20,300400,DEFAULT
from_STOCK_CODE__stock_col_20,600218,DEFAULT
from_STOCK_CODE__stock_col_21,300537,DEFAULT
from_STOCK_CODE__stock_col_21,920748,DEFAULT
from_STOCK_CODE__stock_col_22,600506,DEFAULT
from_STOCK_CODE__stock_col_22,688758,DEFAULT
from_STOCK_CODE__stock_col_22,605336,DEFAULT
from_STOCK_CODE__stock_col_22,920149,DEFAULT
from_STOCK_CODE__stock_col_22,300889,DEFAULT
from_STOCK_CODE__stock_col_22,603912,DEFAULT
from_STOCK_CODE__stock_col_22,300415,DEFAULT
from_STOCK_CODE__stock_col_23,688529,DEFAULT
from_STOCK_CODE__stock_col_23,601211,DEFAULT
from_STOCK_CODE__stock_col_23,688687,DEFAULT
from_STOCK_CODE__stock_col_23,301335,DEFAULT
from_STOCK_CODE__stock_col_24,300071,DEFAULT
from_STOCK_CODE__stock_col_24,600399,DEFAULT
from_STOCK_CODE__stock_col_24,603296,DEFAULT
from_STOCK_CODE__stock_col_24,300080,DEFAULT
from_STOCK_CODE__stock_col_25,301251,DEFAULT
from_STOCK_CODE__stock_col_25,300174,DEFAULT
from_STOCK_CODE__stock_col_25,600449,DEFAULT
from_STOCK_CODE__stock_col_25,688515,DEFAULT
from_STOCK_CODE__stock_col_25,600279,DEFAULT
from_STOCK_CODE__stock_col_25,301448,DEFAULT
from_STOCK_CODE__stock_col_26,301356,DEFAULT
from_STOCK_CODE__stock_col_26,688329,DEFAULT
from_STOCK_CODE__stock_col_27,603722,DEFAULT
from_STOCK_CODE__stock_col_27,603788,DEFAULT
from_STOCK_CODE__stock_col_27,300558,DEFAULT
from_STOCK_CODE__stock_col_27,300271,DEFAULT
from_STOCK_CODE__stock_col_27,603730,DEFAULT
from_STOCK_CODE__stock_col_28,688651,DEFAULT
from_STOCK_CODE__stock_col_29,605507,DEFAULT
from_STOCK_CODE__stock_col_29,300222,DEFAULT
from_STOCK_CODE__stock_col_29,688375,DEFAULT
from_STOCK_CODE__stock_col_29,603519,DEFAULT
from_STOCK_CODE__stock_col_30,300869,DEFAULT
from_STOCK_CODE__stock_col_30,920099,DEFAULT
from_STOCK_CODE__stock_col_30,601518,DEFAULT
from_STOCK_CODE__stock_col_30,600589,DEFAULT
from_STOCK_CODE__stock_col_30,600798,DEFAULT
from_STOCK_CODE__stock_col_30,300521,DEFAULT
from_STOCK_CODE__stock_col_31,688799,DEFAULT
from_STOCK_CODE__stock_col_31,600350,DEFAULT
from_STOCK_CODE__stock_col_31,301577,DEFAULT
from_STOCK_CODE__stock_col_31,300128,DEFAULT
from_STOCK_CODE__stock_col_32,601566,DEFAULT
from_STOCK_CODE__stock_col_32,600226,DEFAULT
from_STOCK_CODE__stock_col_32,300678,DEFAULT
from_STOCK_CODE__stock_col_32,920876,DEFAULT
from_STOCK_CODE__stock_col_32,688199,DEFAULT
from_STOCK_CODE__stock_col_32,300286,DEFAULT
from_STOCK_CODE__stock_col_33,600894,DEFAULT
from_STOCK_CODE__stock_col_33,603026,DEFAULT
from_STOCK_CODE__stock_col_33,600348,DEFAULT
from_STOCK_CODE__stock_col_33,300162,DEFAULT
from_STOCK_CODE__stock_col_33,920592,DEFAULT
from_STOCK_CODE__stock_col_33,603777,DEFAULT
from_STOCK_CODE__stock_col_34,600999,DEFAULT
from_STOCK_CODE__stock_col_34,603500,DEFAULT
from_STOCK_CODE__stock_col_34,603991,DEFAULT
from_STOCK_CODE__stock_col_34,600979,DEFAULT
from_STOCK_CODE__stock_col_34,300447,DEFAULT
from_STOCK_CODE__stock_col_35,301390,DEFAULT
from_STOCK_CODE__stock_col_35,300410,DEFAULT
from_STOCK_CODE__stock_col_36,600423,DEFAULT
from_STOCK_CODE__stock_col_36,600925,DEFAULT
from_STOCK_CODE__stock_col_36,600577,DEFAULT
from_STOCK_CODE__stock_col_37,603429,DEFAULT
from_STOCK_CODE__stock_col_37,300160,DEFAULT
from_STOCK_CODE__stock_col_37,688069,DEFAULT
from_STOCK_CODE__stock_col_37,600654,DEFAULT
from_STOCK_CODE__stock_col_37,600456,DEFAULT
from_STOCK_CODE__stock_col_37,605286,DEFAULT
from_STOCK_CODE__stock_col_38,605588,DEFAULT
from_STOCK_CODE__stock_col_38,601012,DEFAULT
from_STOCK_CODE__stock_col_38,600774,DEFAULT
from_STOCK_CODE__stock_col_38,600802,DEFAULT
from_STOCK_CODE__stock_col_38,600259,DEFAULT
from_STOCK_CODE__stock_col_38,605166,DEFAULT
from_STOCK_CODE__stock_col_38,600790,DEFAULT
from_STOCK_CODE__stock_col_39,600864,DEFAULT
from_STOCK_CODE__stock_col_39,920076,DEFAULT
from_STOCK_CODE__stock_col_39,300008,DEFAULT
from_STOCK_CODE__stock_col_39,601298,DEFAULT
from_STOCK_CODE__stock_col_39,600640,DEFAULT
from_STOCK_CODE__stock_col_39,300838,DEFAULT
from_STOCK_CODE__stock_col_39,603987,DEFAULT
from_STOCK_CODE__stock_col_40,601901,DEFAULT
from_STOCK_CODE__stock_col_40,300982,DEFAULT
from_STOCK_CODE__stock_col_40,600114,DEFAULT
from_STOCK_CODE__stock_col_40,603650,DEFAULT
from_STOCK_CODE__stock_col_41,600730,DEFAULT
from_STOCK_CODE__stock_col_41,300407,DEFAULT
from_STOCK_CODE__stock_col_41,301153,DEFAULT
from_STOCK_CODE__stock_col_41,301397,DEFAULT
from_STOCK_CODE__stock_col_41,603033,DEFAULT
from_STOCK_CODE__stock_col_41,605123,DEFAULT
from_STOCK_CODE__stock_col_42,603130,DEFAULT
from_STOCK_CODE__stock_col_42,920037,DEFAULT
from_STOCK_CODE__stock_col_42,300120,DEFAULT
from_STOCK_CODE__stock_col_43,688549,DEFAULT
from_STOCK_CODE__stock_col_43,603128,DEFAULT
from_STOCK_CODE__stock_col_43,300821,DEFAULT
from_STOCK_CODE__stock_col_44,601126,DEFAULT
from_STOCK_CODE__stock_col_44,600326,DEFAULT
from_STOCK_CODE__stock_col_44,600750,DEFAULT
from_STOCK_CODE__stock_col_44,301210,DEFAULT
from_STOCK_CODE__stock_col_45,300599,DEFAULT
from_STOCK_CODE__stock_col_45,300135,DEFAULT
from_STOCK_CODE__stock_col_45,300793,DEFAULT
from_STOCK_CODE__stock_col_45,300475,DEFAULT
from_STOCK_CODE__stock_col_45,600930,DEFAULT
from_STOCK_CODE__stock_col_45,603727,DEFAULT
from_STOCK_CODE__stock_col_46,301503,DEFAULT
from_STOCK_CODE__stock_col_46,600521,DEFAULT
from_STOCK_CODE__stock_col_46,920509,DEFAULT
from_STOCK_CODE__stock_col_46,301003,DEFAULT
from_STOCK_CODE__stock_col_46,300102,DEFAULT
from_STOCK_CODE__stock_col_47,920433,DEFAULT
from_STOCK_CODE__stock_col_47,601966,DEFAULT
from_STOCK_CODE__stock_col_47,603879,DEFAULT
from_STOCK_CODE__stock_col_48,688513,DEFAULT
from_STOCK_CODE__stock_col_48,600885,DEFAULT
from_STOCK_CODE__stock_col_49,300556,DEFAULT
from_STOCK_CODE__stock_col_49,603989,DEFAULT
from_STOCK_CODE__stock_col_50,601111,DEFAULT
from_STOCK_CODE__stock_col_50,301389,DEFAULT
from_STOCK_CODE__stock_col_50,603867,DEFAULT
from_STOCK_CODE__stock_col_51,688611,DEFAULT
from_STOCK_CODE__stock_col_51,600110,DEFAULT
from_STOCK_CODE__stock_col_51,601218,DEFAULT
from_STOCK_CODE__stock_col_51,600143,DEFAULT
from_STOCK_CODE__stock_col_52,920271,DEFAULT
from_STOCK_CODE__stock_col_52,920098,DEFAULT
from_STOCK_CODE__stock_col_52,300337,DEFAULT
from_STOCK_CODE__stock_col_53,600549,DEFAULT
from_STOCK_CODE__stock_col_53,688070,DEFAULT
from_STOCK_CODE__stock_col_53,301168,DEFAULT
from_STOCK_CODE__stock_col_53,920158,DEFAULT
from_STOCK_CODE__stock_col_53,300724,DEFAULT
from_STOCK_CODE__stock_col_53,300706,DEFAULT
from_STOCK_CODE__stock_col_53,600817,DEFAULT
from_STOCK_CODE__stock_col_54,600529,DEFAULT
from_STOCK_CODE__stock_col_54,600754,DEFAULT
from_STOCK_CODE__stock_col_54,600361,DEFAULT
from_STOCK_CODE__stock_col_54,601916,DEFAULT
from_STOCK_CODE__stock_col_54,605198,DEFAULT
from_STOCK_CODE__stock_col_55,603878,DEFAULT
from_STOCK_CODE__stock_col_55,920112,DEFAULT
from_STOCK_CODE__stock_col_55,601225,DEFAULT
from_STOCK_CODE__stock_col_55,300711,DEFAULT
from_STOCK_CODE__stock_col_55,301015,DEFAULT
from_STOCK_CODE__stock_col_56,603366,DEFAULT
from_STOCK_CODE__stock_col_56,603768,DEFAULT
from_STOCK_CODE__stock_col_56,688369,DEFAULT
from_STOCK_CODE__stock_col_56,301097,DEFAULT
from_STOCK_CODE__stock_col_57,603809,DEFAULT
from_STOCK_CODE__stock_col_57,605100,DEFAULT
from_STOCK_CODE__stock_col_57,600763,DEFAULT
from_STOCK_CODE__stock_col_57,603901,DEFAULT
from_STOCK_CODE__stock_col_57,300170,DEFAULT
from_STOCK_CODE__stock_col_57,600526,DEFAULT
from_STOCK_CODE__stock_col_57,920363,DEFAULT
from_STOCK_CODE__stock_col_58,603580,DEFAULT
from_STOCK_CODE__stock_col_58,300581,DEFAULT
from_STOCK_CODE__stock_col_58,300420,DEFAULT
from_STOCK_CODE__stock_col_58,300844,DEFAULT
from_STOCK_CODE__stock_col_59,300287,DEFAULT
from_STOCK_CODE__stock_col_59,688105,DEFAULT
from_STOCK_CODE__stock_col_59,300539,DEFAULT
from_STOCK_CODE__stock_col_59,600604,DEFAULT
from_STOCK_CODE__stock_col_59,600026,DEFAULT
from_STOCK_CODE__stock_col_59,601882,DEFAULT
from_STOCK_CODE__stock_col_59,920230,DEFAULT
from_STOCK_CODE__stock_col_60,605118,DEFAULT
from_STOCK_CODE__stock_col_60,300482,DEFAULT
from_STOCK_CODE__stock_col_61,600548,DEFAULT
from_STOCK_CODE__stock_col_61,300900,DEFAULT
from_STOCK_CODE__stock_col_61,605303,DEFAULT
from_STOCK_CODE__stock_col_61,603139,DEFAULT
from_STOCK_CODE__stock_col_61,603949,DEFAULT
from_STOCK_CODE__stock_col_62,603786,DEFAULT
from_STOCK_CODE__stock_col_62,300472,DEFAULT
from_STOCK_CODE__stock_col_62,688092,DEFAULT
from_STOCK_CODE__stock_col_63,688222,DEFAULT
from_STOCK_CODE__stock_col_63,301183,DEFAULT
from_STOCK_CODE__stock_col_63,300198,DEFAULT
from_STOCK_CODE__stock_col_63,301163,DEFAULT
from_STOCK_CODE__stock_col_64,600192,DEFAULT
from_STOCK_CODE__stock_col_64,301051,DEFAULT
from_STOCK_CODE__stock_col_64,920478,DEFAULT
from_STOCK_CODE__stock_col_64,920950,DEFAULT
from_STOCK_CODE__stock_col_64,301023,DEFAULT
from_STOCK_CODE__stock_col_65,603338,DEFAULT
from_STOCK_CODE__stock_col_66,600809,DEFAULT
from_STOCK_CODE__stock_col_66,603995,DEFAULT
from_STOCK_CODE__stock_col_67,300248,DEFAULT
from_STOCK_CODE__stock_col_67,920924,DEFAULT
from_STOCK_CODE__stock_col_67,600599,DEFAULT
from_STOCK_CODE__stock_col_67,300485,DEFAULT
from_STOCK_CODE__stock_col_68,600651,DEFAULT
from_STOCK_CODE__stock_col_68,300583,DEFAULT
from_STOCK_CODE__stock_col_68,600336,DEFAULT
from_STOCK_CODE__stock_col_68,601991,DEFAULT
from_STOCK_CODE__stock_col_68,301622,DEFAULT
from_STOCK_CODE__stock_col_68,300368,DEFAULT
from_STOCK_CODE__stock_col_69,300845,DEFAULT
from_STOCK_CODE__stock_col_69,300849,DEFAULT
from_STOCK_CODE__stock_col_69,603385,DEFAULT
from_STOCK_CODE__stock_col_69,301159,DEFAULT
from_STOCK_CODE__stock_col_70,603409,DEFAULT
from_STOCK_CODE__stock_col_70,603893,DEFAULT
from_STOCK_CODE__stock_col_70,300136,DEFAULT
from_STOCK_CODE__stock_col_70,301318,DEFAULT
from_STOCK_CODE__stock_col_70,920802,DEFAULT
from_STOCK_CODE__stock_col_70,301031,DEFAULT
from_STOCK_CODE__stock_col_71,600562,DEFAULT
from_STOCK_CODE__stock_col_71,605266,DEFAULT
from_STOCK_CODE__stock_col_71,600300,DEFAULT
from_STOCK_CODE__stock_col_71,301037,DEFAULT
from_STOCK_CODE__stock_col_71,688189,DEFAULT
from_STOCK_CODE__stock_col_72,301236,DEFAULT
from_STOCK_CODE__stock_col_72,600983,DEFAULT
from_STOCK_CODE__stock_col_72,603406,DEFAULT
from_STOCK_CODE__stock_col_72,300888,DEFAULT
from_STOCK_CODE__stock_col_72,688816,DEFAULT
from_STOCK_CODE__stock_col_72,300470,DEFAULT
from_STOCK_CODE__stock_col_72,300384,DEFAULT
from_STOCK_CODE__stock_col_73,688538,DEFAULT
from_STOCK_CODE__stock_col_73,688766,DEFAULT
from_STOCK_CODE__stock_col_73,600353,DEFAULT
from_STOCK_CODE__stock_col_73,300548,DEFAULT
from_STOCK_CODE__stock_col_73,300328,DEFAULT
from_STOCK_CODE__stock_col_74,601811,DEFAULT
from_STOCK_CODE__stock_col_74,605566,DEFAULT
from_STOCK_CODE__stock_col_74,600986,DEFAULT
from_STOCK_CODE__stock_col_74,603333,DEFAULT
from_STOCK_CODE__stock_col_74,605056,DEFAULT
from_STOCK_CODE__stock_col_74,603028,DEFAULT
from_STOCK_CODE__stock_col_75,300576,DEFAULT
from_STOCK_CODE__stock_col_75,300834,DEFAULT
from_STOCK_CODE__stock_col_75,603629,DEFAULT
from_STOCK_CODE__stock_col_75,300506,DEFAULT
from_STOCK_CODE__stock_col_75,300466,DEFAULT
from_STOCK_CODE__stock_col_76,301325,DEFAULT
from_STOCK_CODE__stock_col_76,600694,DEFAULT
from_STOCK_CODE__stock_col_76,688226,DEFAULT
from_STOCK_CODE__stock_col_76,688151,DEFAULT
from_STOCK_CODE__stock_col_76,301017,DEFAULT
from_STOCK_CODE__stock_col_76,600726,DEFAULT
from_STOCK_CODE__stock_col_77,605001,DEFAULT
from_STOCK_CODE__stock_col_77,300344,DEFAULT
from_STOCK_CODE__stock_col_77,300797,DEFAULT
from_STOCK_CODE__stock_col_77,920976,DEFAULT
from_STOCK_CODE__stock_col_77,600581,DEFAULT
from_STOCK_CODE__stock_col_77,601890,DEFAULT
from_STOCK_CODE__stock_col_77,688658,DEFAULT
from_STOCK_CODE__stock_col_77,600478,DEFAULT
from_STOCK_CODE__stock_col_77,920790,DEFAULT
from_STOCK_CODE__stock_col_78,601677,DEFAULT
from_STOCK_CODE__stock_col_78,300261,DEFAULT
from_STOCK_CODE__stock_col_78,603903,DEFAULT
from_STOCK_CODE__stock_col_79,920414,DEFAULT
from_STOCK_CODE__stock_col_79,300155,DEFAULT
from_STOCK_CODE__stock_col_79,688646,DEFAULT
from_STOCK_CODE__stock_col_79,300320,DEFAULT
from_STOCK_CODE__stock_col_79,300652,DEFAULT
from_STOCK_CODE__stock_col_80,301137,DEFAULT
from_STOCK_CODE__stock_col_80,600256,DEFAULT
from_STOCK_CODE__stock_col_80,300146,DEFAULT
from_STOCK_CODE__stock_col_80,300538,DEFAULT
from_STOCK_CODE__stock_col_81,688059,DEFAULT
from_STOCK_CODE__stock_col_81,301589,DEFAULT
from_STOCK_CODE__stock_col_81,920726,DEFAULT
from_STOCK_CODE__stock_col_81,603345,DEFAULT
from_STOCK_CODE__stock_col_81,603183,DEFAULT
from_STOCK_CODE__stock_col_82,000677,DEFAULT
from_STOCK_CODE__stock_col_82,002197,DEFAULT
from_STOCK_CODE__stock_col_82,000758,DEFAULT
from_STOCK_CODE__stock_col_83,000100,DEFAULT
from_STOCK_CODE__stock_col_83,002846,DEFAULT
from_STOCK_CODE__stock_col_83,601600,DEFAULT
from_STOCK_CODE__stock_col_84,600292,DEFAULT
from_STOCK_CODE__stock_col_84,002046,DEFAULT
from_STOCK_CODE__stock_col_84,002136,DEFAULT
from_STOCK_CODE__stock_col_84,002318,DEFAULT
from_STOCK_CODE__stock_col_85,001278,DEFAULT
from_STOCK_CODE__stock_col_87,002649,DEFAULT
from_STOCK_CODE__stock_col_87,002230,DEFAULT
from_STOCK_CODE__stock_col_87,002393,DEFAULT
from_STOCK_CODE__stock_col_87,000507,DEFAULT
from_STOCK_CODE__stock_col_88,002437,DEFAULT
from_STOCK_CODE__stock_col_88,003015,DEFAULT
from_STOCK_CODE__stock_col_88,002366,DEFAULT
from_STOCK_CODE__stock_col_89,301029,DEFAULT
from_STOCK_CODE__stock_col_89,002227,DEFAULT
from_STOCK_CODE__stock_col_89,600262,DEFAULT
from_STOCK_CODE__stock_col_89,600229,DEFAULT
from_STOCK_CODE__stock_col_89,002042,DEFAULT
from_STOCK_CODE__stock_col_89,605111,DEFAULT
from_STOCK_CODE__stock_col_89,301587,DEFAULT
from_STOCK_CODE__stock_col_89,688708,DEFAULT
from_STOCK_CODE__stock_col_89,300635,DEFAULT
from_STOCK_CODE__stock_col_89,603883,DEFAULT
from_STOCK_CODE__stock_col_90,300578,DEFAULT
from_STOCK_CODE__stock_col_90,688217,DEFAULT
from_STOCK_CODE__stock_col_90,600862,DEFAULT
from_STOCK_CODE__stock_col_90,600406,DEFAULT
from_STOCK_CODE__stock_col_90,000661,DEFAULT
from_STOCK_CODE__stock_col_90,601878,DEFAULT
from_STOCK_CODE__stock_col_90,300226,DEFAULT
from_STOCK_CODE__stock_col_90,301027,DEFAULT
from_STOCK_CODE__stock_col_90,300958,DEFAULT
from_STOCK_CODE__stock_col_90,600356,DEFAULT
from_STOCK_CODE__stock_col_91,601995,DEFAULT
from_STOCK_CODE__stock_col_91,300637,DEFAULT
from_STOCK_CODE__stock_col_91,600400,DEFAULT
from_STOCK_CODE__stock_col_91,002998,DEFAULT
from_STOCK_CODE__stock_col_91,002512,DEFAULT
from_STOCK_CODE__stock_col_91,301565,DEFAULT
from_STOCK_CODE__stock_col_91,688798,DEFAULT
from_STOCK_CODE__stock_col_91,688116,DEFAULT
from_STOCK_CODE__stock_col_91,600056,DEFAULT
from_STOCK_CODE__stock_col_91,300885,DEFAULT
from_STOCK_CODE__stock_col_92,920371,DEFAULT
from_STOCK_CODE__stock_col_92,002159,DEFAULT
from_STOCK_CODE__stock_col_92,688711,DEFAULT
from_STOCK_CODE__stock_col_92,603153,DEFAULT
from_STOCK_CODE__stock_col_92,300752,DEFAULT
from_STOCK_CODE__stock_col_92,688521,DEFAULT
from_STOCK_CODE__stock_col_92,002440,DEFAULT
from_STOCK_CODE__stock_col_92,600779,DEFAULT
from_STOCK_CODE__stock_col_92,001696,DEFAULT
from_STOCK_CODE__stock_col_92,600981,DEFAULT
from_STOCK_CODE__stock_col_93,000034,DEFAULT
from_STOCK_CODE__stock_col_93,000525,DEFAULT
from_STOCK_CODE__stock_col_93,002863,DEFAULT
from_STOCK_CODE__stock_col_93,002898,DEFAULT
from_STOCK_CODE__stock_col_93,002111,DEFAULT
from_STOCK_CODE__stock_col_93,603505,DEFAULT
from_STOCK_CODE__stock_col_93,920826,DEFAULT
from_STOCK_CODE__stock_col_93,002256,DEFAULT
from_STOCK_CODE__stock_col_93,600582,DEFAULT
from_STOCK_CODE__stock_col_93,688046,DEFAULT
from_STOCK_CODE__stock_col_94,605167,DEFAULT
from_STOCK_CODE__stock_col_94,002065,DEFAULT
from_STOCK_CODE__stock_col_94,920212,DEFAULT
from_STOCK_CODE__stock_col_94,300912,DEFAULT
from_STOCK_CODE__stock_col_94,002300,DEFAULT
from_STOCK_CODE__stock_col_94,300412,DEFAULT
from_STOCK_CODE__stock_col_94,920943,DEFAULT
from_STOCK_CODE__stock_col_94,603075,DEFAULT
from_STOCK_CODE__stock_col_94,600378,DEFAULT
from_STOCK_CODE__stock_col_94,001316,DEFAULT
from_STOCK_CODE__stock_col_95,688292,DEFAULT
from_STOCK_CODE__stock_col_95,300642,DEFAULT
from_STOCK_CODE__stock_col_95,688023,DEFAULT
from_STOCK_CODE__stock_col_95,300191,DEFAULT
from_STOCK_CODE__stock_col_95,603151,DEFAULT
from_STOCK_CODE__stock_col_95,601118,DEFAULT
from_STOCK_CODE__stock_col_95,300922,DEFAULT
from_STOCK_CODE__stock_col_95,000685,DEFAULT
from_STOCK_CODE__stock_col_95,002563,DEFAULT
from_STOCK_CODE__stock_col_95,688299,DEFAULT
from_STOCK_CODE__stock_col_96,002538,DEFAULT
from_STOCK_CODE__stock_col_96,603866,DEFAULT
from_STOCK_CODE__stock_col_96,600587,DEFAULT
from_STOCK_CODE__stock_col_96,300930,DEFAULT
from_STOCK_CODE__stock_col_96,920832,DEFAULT
from_STOCK_CODE__stock_col_96,920039,DEFAULT
from_STOCK_CODE__stock_col_96,300525,DEFAULT
from_STOCK_CODE__stock_col_96,300171,DEFAULT
from_STOCK_CODE__stock_col_96,000717,DEFAULT
from_STOCK_CODE__stock_col_96,002772,DEFAULT
from_STOCK_CODE__stock_col_97,920008,DEFAULT
from_STOCK_CODE__stock_col_97,301596,DEFAULT
from_STOCK_CODE__stock_col_97,000726,DEFAULT
from_STOCK_CODE__stock_col_97,688143,DEFAULT
from_STOCK_CODE__stock_col_97,920223,DEFAULT
from_STOCK_CODE__stock_col_97,688235,DEFAULT
from_STOCK_CODE__stock_col_97,600358,DEFAULT
from_STOCK_CODE__stock_col_97,300046,DEFAULT
from_STOCK_CODE__stock_col_97,002455,DEFAULT
from_STOCK_CODE__stock_col_97,605388,DEFAULT
from_STOCK_CODE__stock_col_98,300058,DEFAULT
from_STOCK_CODE__stock_col_98,600692,DEFAULT
from_STOCK_CODE__stock_col_98,600278,DEFAULT
from_STOCK_CODE__stock_col_98,601188,DEFAULT
from_STOCK_CODE__stock_col_98,601606,DEFAULT
from_STOCK_CODE__stock_col_98,002518,DEFAULT
from_STOCK_CODE__stock_col_98,688377,DEFAULT
from_STOCK_CODE__stock_col_98,600281,DEFAULT
from_STOCK_CODE__stock_col_98,600691,DEFAULT
from_STOCK_CODE__stock_col_98,600675,DEFAULT
from_STOCK_CODE__stock_col_99,600886,DEFAULT
from_STOCK_CODE__stock_col_99,002121,DEFAULT
from_STOCK_CODE__stock_col_99,000017,DEFAULT
from_STOCK_CODE__stock_col_99,002659,DEFAULT
from_STOCK_CODE__stock_col_99,301157,DEFAULT
from_STOCK_CODE__stock_col_99,600479,DEFAULT
from_STOCK_CODE__stock_col_99,300517,DEFAULT
from_STOCK_CODE__stock_col_99,300839,DEFAULT
from_STOCK_CODE__stock_col_99,002973,DEFAULT
from_STOCK_CODE__stock_col_99,000761,DEFAULT
from_STOCK_CODE__stock_col_100,002614,DEFAULT
from_STOCK_CODE__stock_col_100,002559,DEFAULT
from_STOCK_CODE__stock_col_100,002606,DEFAULT
from_STOCK_CODE__stock_col_100,300341,DEFAULT
from_STOCK_CODE__stock_col_100,688567,DEFAULT
from_STOCK_CODE__stock_col_100,688271,DEFAULT
from_STOCK_CODE__stock_col_100,603982,DEFAULT
from_STOCK_CODE__stock_col_100,000869,DEFAULT
from_STOCK_CODE__stock_col_100,002069,DEFAULT
from_STOCK_CODE__stock_col_100,300238,DEFAULT
from_STOCK_CODE__stock_col_101,600918,DEFAULT
from_STOCK_CODE__stock_col_101,600765,DEFAULT
from_STOCK_CODE__stock_col_101,605222,DEFAULT
from_STOCK_CODE__stock_col_101,300346,DEFAULT
from_STOCK_CODE__stock_col_101,600742,DEFAULT
from_STOCK_CODE__stock_col_101,603166,DEFAULT
from_STOCK_CODE__stock_col_101,600071,DEFAULT
from_STOCK_CODE__stock_col_101,688600,DEFAULT
from_STOCK_CODE__stock_col_101,000555,DEFAULT
from_STOCK_CODE__stock_col_101,002254,DEFAULT
from_STOCK_CODE__stock_col_102,603025,DEFAULT
from_STOCK_CODE__stock_col_102,601187,DEFAULT
from_STOCK_CODE__stock_col_102,688573,DEFAULT
from_STOCK_CODE__stock_col_102,002068,DEFAULT
from_STOCK_CODE__stock_col_102,301295,DEFAULT
from_STOCK_CODE__stock_col_102,002755,DEFAULT
from_STOCK_CODE__stock_col_102,920021,DEFAULT
from_STOCK_CODE__stock_col_102,301068,DEFAULT
from_STOCK_CODE__stock_col_102,300824,DEFAULT
from_STOCK_CODE__stock_col_102,600575,DEFAULT
from_STOCK_CODE__stock_col_103,002489,DEFAULT
from_STOCK_CODE__stock_col_103,300810,DEFAULT
from_STOCK_CODE__stock_col_103,300976,DEFAULT
from_STOCK_CODE__stock_col_103,000700,DEFAULT
from_STOCK_CODE__stock_col_103,688596,DEFAULT
from_STOCK_CODE__stock_col_103,002886,DEFAULT
from_STOCK_CODE__stock_col_103,300258,DEFAULT
from_STOCK_CODE__stock_col_103,300559,DEFAULT
from_STOCK_CODE__stock_col_103,301632,DEFAULT
from_STOCK_CODE__stock_col_103,001387,DEFAULT
from_STOCK_CODE__stock_col_104,601519,DEFAULT
from_STOCK_CODE__stock_col_104,301065,DEFAULT
from_STOCK_CODE__stock_col_104,600493,DEFAULT
from_STOCK_CODE__stock_col_104,600100,DEFAULT
from_STOCK_CODE__stock_col_104,600875,DEFAULT
from_STOCK_CODE__stock_col_104,301093,DEFAULT
from_STOCK_CODE__stock_col_104,002663,DEFAULT
from_STOCK_CODE__stock_col_104,600273,DEFAULT
from_STOCK_CODE__stock_col_104,001219,DEFAULT
from_STOCK_CODE__stock_col_104,002396,DEFAULT
from_STOCK_CODE__stock_col_105,605099,DEFAULT
from_STOCK_CODE__stock_col_105,600351,DEFAULT
from_STOCK_CODE__stock_col_105,300567,DEFAULT
from_STOCK_CODE__stock_col_105,603178,DEFAULT
from_STOCK_CODE__stock_col_105,002561,DEFAULT
from_STOCK_CODE__stock_col_105,600305,DEFAULT
from_STOCK_CODE__stock_col_105,300322,DEFAULT
from_STOCK_CODE__stock_col_105,002021,DEFAULT
from_STOCK_CODE__stock_col_105,688073,DEFAULT
from_STOCK_CODE__stock_col_105,688230,DEFAULT
from_STOCK_CODE__stock_col_106,688553,DEFAULT
from_STOCK_CODE__stock_col_106,920001,DEFAULT
from_STOCK_CODE__stock_col_106,301371,DEFAULT
from_STOCK_CODE__stock_col_106,600050,DEFAULT
from_STOCK_CODE__stock_col_106,688213,DEFAULT
from_STOCK_CODE__stock_col_106,002830,DEFAULT
from_STOCK_CODE__stock_col_106,920088,DEFAULT
from_STOCK_CODE__stock_col_106,300006,DEFAULT
from_STOCK_CODE__stock_col_106,603132,DEFAULT
from_STOCK_CODE__stock_col_106,600933,DEFAULT
from_STOCK_CODE__stock_col_107,002245,DEFAULT
from_STOCK_CODE__stock_col_107,688503,DEFAULT
from_STOCK_CODE__stock_col_107,000929,DEFAULT
from_STOCK_CODE__stock_col_107,000691,DEFAULT
from_STOCK_CODE__stock_col_107,300305,DEFAULT
from_STOCK_CODE__stock_col_107,605033,DEFAULT
from_STOCK_CODE__stock_col_107,301257,DEFAULT
from_STOCK_CODE__stock_col_107,000029,DEFAULT
from_STOCK_CODE__stock_col_107,003017,DEFAULT
from_URL__url_col_1,https://www.baidu.com,DEFAULT
from_URL__url_col_1,http://example.com,DEFAULT
from_URL__url_col_1,https://openai.com/research,DEFAULT
from_URL__url_col_1,ftp://ftp.example.org/file.txt,DEFAULT
from_URL__url_col_1,https://www.test.com:8080/index.html,DEFAULT
from_URL__url_col_1,https://www.google.com,DEFAULT
from_URL__url_col_1,https://www.example.com,DEFAULT
from_URL__url_col_1,http://example.com/index.html,DEFAULT
from_URL__url_col_1,https://openai.com/research?type=ai,DEFAULT
from_URL__url_col_1,www.sample.net,DEFAULT
from_URL__url_col_1,http://192.168.1.1/login,DEFAULT
from_URL__url_col_1,https://openai.com,DEFAULT
from_URL__url_col_1,http://example.org,DEFAULT
from_URL__url_col_2,https://www.google.com/search?q=test,DEFAULT
from_URL__url_col_2,http://api.example.com/v1/user?id=1001,DEFAULT
from_URL__url_col_2,https://shop.test.com/product/12345,DEFAULT
from_URL__url_col_2,http://news.example.cn/article/20240101.html,DEFAULT
from_URL__url_col_2,https://example.org/path/to/page?x=1&y=2,DEFAULT
from_URL__url_col_2,http://www.baidu.com,DEFAULT
from_URL__url_col_2,ftp://ftp.example.com/file.zip,DEFAULT
from_URL__url_col_2,https://www.example.org,DEFAULT
from_URL__url_col_2,https://api.example.com/data,DEFAULT
from_URL__url_col_2,www.testsite.com,DEFAULT
from_URL__url_col_2,http://localhost:8080,DEFAULT
from_URL__url_col_2,http://www.test.com,DEFAULT
from_URL__url_col_2,http://openai.com,DEFAULT
from_URL__url_col_2,http://example.net,DEFAULT
from_URL__url_col_2,http://testpage.com,DEFAULT
from_URL__url_col_3,http://8.8.8.8,DEFAULT
from_URL__url_col_3,http://10.0.0.1:8080/home,DEFAULT
from_URL__url_col_3,https://172.16.0.5/api,DEFAULT
from_URL__url_col_3,http://127.0.0.1/admin,DEFAULT
from_URL__url_col_3,https://192.168.100.1/index.html,DEFAULT
from_URL__url_col_3,https://github.com/openai,DEFAULT
from_URL__url_col_3,http://localhost,DEFAULT
from_URL__url_col_3,https://www.youtube.com/watch?v=dQw4w9WgXcQ,DEFAULT
from_URL__url_col_3,www.reddit.com,DEFAULT
from_URL__url_col_3,http://localhost:3000,DEFAULT
from_URL__url_col_3,https://www.cnn.com,DEFAULT
from_URL__url_col_3,http://example.com/blog,DEFAULT
from_URL__url_col_3,http://news.example.com,DEFAULT
from_URL__url_col_3,https://developer.mozilla.org/en-US/docs/Web/HTTP,DEFAULT
from_URL__url_col_3,https://www.quora.com,DEFAULT
from_URL__url_col_4,https://www.github.com,DEFAULT
from_URL__url_col_4,http://gitlab.com/project/repo,DEFAULT
from_URL__url_col_4,https://bitbucket.org/team/work,DEFAULT
from_URL__url_col_4,http://code.example.dev/app,DEFAULT
from_URL__url_col_4,https://docs.python.org/3/library,DEFAULT
from_URL__url_col_4,http://www.github.com,DEFAULT
from_URL__url_col_4,http://www.medium.com,DEFAULT
from_URL__url_col_4,https://www.stackoverflow.com/questions/1234567,DEFAULT
from_URL__url_col_4,http://localhost:9000,DEFAULT
from_URL__url_col_4,http://examplepage.org,DEFAULT
from_URL__url_col_4,https://twitter.com,DEFAULT
from_URL__url_col_4,https://www.linkedin.com,DEFAULT
from_URL__url_col_4,http://mocksite.com,DEFAULT
from_URL__url_col_4,https://www.slack.com,DEFAULT
from_URL__url_col_4,http://test.com,DEFAULT
from_URL__url_col_5,www.baidu.com,DEFAULT
from_URL__url_col_5,www.openai.com,DEFAULT
from_URL__url_col_5,www.test123.org,DEFAULT
from_URL__url_col_5,www.shop-example.cn,DEFAULT
from_URL__url_col_5,http://www.bing.com,DEFAULT
from_URL__url_col_5,http://example.io,DEFAULT
from_URL__url_col_5,https://www.reddit.com/r/technology,DEFAULT
from_URL__url_col_5,http://example.edu,DEFAULT
from_URL__url_col_5,http://localhost:5000,DEFAULT
from_URL__url_col_5,https://www.ycombinator.com,DEFAULT
from_URL__url_col_5,http://mockexample.com,DEFAULT
from_URL__url_col_5,https://docs.python.org/3/,DEFAULT
from_URL__url_col_5,http://sub.example.com,DEFAULT
from_URL__url_col_6,example.com/index.html,DEFAULT
from_URL__url_col_6,sub.domain.com/path,DEFAULT
from_URL__url_col_6,portal.company.cn/home,DEFAULT
from_URL__url_col_6,news.site.org/article/1001,DEFAULT
from_URL__url_col_6,shop.example.com/cart,DEFAULT
from_URL__url_col_7,https://finance.example.com/stock/600519,DEFAULT
from_URL__url_col_7,http://market.sample.cn/data?id=8888,DEFAULT
from_URL__url_col_7,https://news.portal.com/article/9999,DEFAULT
from_URL__url_col_7,http://media.example.org/video.mp4,DEFAULT
from_URL__url_col_7,https://download.site.com/file.zip,DEFAULT
from_URL__url_col_8,http://localhost:8000,DEFAULT
from_URL__url_col_8,https://127.0.0.1:5000/api,DEFAULT
from_URL__url_col_8,http://intranet.company.local/home,DEFAULT
from_URL__url_col_8,https://dev.server.test/app,DEFAULT
from_URL__url_col_8,http://192.168.0.100/config,DEFAULT
from_URL__url_col_9,https://secure.shop.com/pay?order=1001,DEFAULT
from_URL__url_col_9,http://portal.company.cn/dashboard,DEFAULT
from_URL__url_col_9,https://api.service.com/v2/resource,DEFAULT
from_URL__url_col_9,http://admin:1234@192.168.1.1/login,DEFAULT
from_URL__url_col_9,https://events.portal.cn/2024/register,DEFAULT
from_URL__url_col_10,http://www.sample.com/path/to/page,DEFAULT
from_URL__url_col_10,https://example.com/index.php?id=1,DEFAULT
from_URL__url_col_10,http://news.site.org/article?id=555,DEFAULT
from_URL__url_col_10,https://download.example.net/setup.exe,DEFAULT
from_URL__url_col_10,https://openai.com/blog,DEFAULT
from_URL__url_col_11,https://api.test.cn,DEFAULT
from_URL__url_col_11,https://shop.demo.org/article/2024.html,DEFAULT
from_URL__url_col_11,https://shop.demo.org/v1/user,DEFAULT
from_URL__url_col_11,https://www.example.com/product/123,DEFAULT
from_URL__url_col_11,https://api.test.cn/product/123,DEFAULT
from_URL__url_col_11,https://api.test.cn/v1/user,DEFAULT
from_URL__url_col_11,https://shop.demo.org,DEFAULT
from_URL__url_col_12,https://www.example.com/article/2024.html,DEFAULT
from_URL__url_col_12,https://www.example.com/index.html,DEFAULT
from_URL__url_col_12,https://api.test.cn/index.html,DEFAULT
from_URL__url_col_13,https://api.test.cn/article/2024.html,DEFAULT
from_URL__url_col_13,https://www.example.com/v1/user,DEFAULT
from_URL__url_col_13,https://news.sample.net/article/2024.html,DEFAULT
from_URL__url_col_15,https://news.sample.net,DEFAULT
from_URL__url_col_15,https://news.sample.net/v1/user,DEFAULT
from_URL__url_col_16,https://shop.demo.org/product/123,DEFAULT
from_URL__url_col_21,https://shop.demo.org/index.html,DEFAULT
from_URL__url_col_23,https://news.sample.net/product/123,DEFAULT
from_URL__url_col_25,https://news.sample.net/index.html,DEFAULT
from_URL__url_col_26,https://shop1603.demo.org/p/1603,DEFAULT
from_URL__url_col_26,https://www1604.test.cn/p/1604,DEFAULT
from_URL__url_col_26,https://shop1605.demo.org/p/1605,DEFAULT
from_URL__url_col_26,https://shop1606.sample.net/p/1606,DEFAULT
from_URL__url_col_26,https://news1607.test.cn/p/1607,DEFAULT
from_URL__url_col_26,https://api1608.test.cn/p/1608,DEFAULT
from_URL__url_col_26,https://cdn1609.example.com/p/1609,DEFAULT
from_URL__url_col_26,https://shop1610.sample.net/p/1610,DEFAULT
from_URL__url_col_26,https://api1611.test.cn/p/1611,DEFAULT
from_URL__url_col_26,https://www1612.demo.org/p/1612,DEFAULT
from_URL__url_col_27,https://shop1613.demo.org/p/1613,DEFAULT
from_URL__url_col_27,https://news1614.example.com/p/1614,DEFAULT
from_URL__url_col_27,https://shop1615.sample.net/p/1615,DEFAULT
from_URL__url_col_27,https://shop1616.test.cn/p/1616,DEFAULT
from_URL__url_col_27,https://api1617.demo.org/p/1617,DEFAULT
from_URL__url_col_27,https://www1618.example.com/p/1618,DEFAULT
from_URL__url_col_27,https://shop1619.sample.net/p/1619,DEFAULT
from_URL__url_col_27,https://cdn1620.sample.net/p/1620,DEFAULT
from_URL__url_col_27,https://cdn1621.demo.org/p/1621,DEFAULT
from_URL__url_col_27,https://api1622.example.com/p/1622,DEFAULT
from_URL__url_col_28,https://api1623.example.com/p/1623,DEFAULT
from_URL__url_col_28,https://shop1624.example.com/p/1624,DEFAULT
from_URL__url_col_28,https://cdn1625.demo.org/p/1625,DEFAULT
from_URL__url_col_28,https://shop1626.test.cn/p/1626,DEFAULT
from_URL__url_col_28,https://news1627.sample.net/p/1627,DEFAULT
from_URL__url_col_28,https://news1628.sample.net/p/1628,DEFAULT
from_URL__url_col_28,https://www1629.test.cn/p/1629,DEFAULT
from_URL__url_col_28,https://www1630.demo.org/p/1630,DEFAULT
from_URL__url_col_28,https://cdn1631.example.com/p/1631,DEFAULT
from_URL__url_col_28,https://www1632.example.com/p/1632,DEFAULT
from_URL__url_col_29,https://cdn1633.sample.net/p/1633,DEFAULT
from_URL__url_col_29,https://api1634.example.com/p/1634,DEFAULT
from_URL__url_col_29,https://shop1635.test.cn/p/1635,DEFAULT
from_URL__url_col_29,https://cdn1636.example.com/p/1636,DEFAULT
from_URL__url_col_29,https://shop1637.example.com/p/1637,DEFAULT
from_URL__url_col_29,https://www1638.demo.org/p/1638,DEFAULT
from_URL__url_col_29,https://api1639.sample.net/p/1639,DEFAULT
from_URL__url_col_29,https://news1640.sample.net/p/1640,DEFAULT
from_URL__url_col_29,https://api1641.example.com/p/1641,DEFAULT
from_URL__url_col_29,https://www1642.sample.net/p/1642,DEFAULT
from_URL__url_col_30,https://cdn1643.example.com/p/1643,DEFAULT
from_URL__url_col_30,https://cdn1644.sample.net/p/1644,DEFAULT
from_URL__url_col_30,https://www1645.example.com/p/1645,DEFAULT
from_URL__url_col_30,https://cdn1646.sample.net/p/1646,DEFAULT
from_URL__url_col_30,https://cdn1647.demo.org/p/1647,DEFAULT
from_URL__url_col_30,https://news1648.demo.org/p/1648,DEFAULT
from_URL__url_col_30,https://api1649.demo.org/p/1649,DEFAULT
from_URL__url_col_30,https://news1650.example.com/p/1650,DEFAULT
from_URL__url_col_30,https://news1651.example.com/p/1651,DEFAULT
from_URL__url_col_30,https://api1652.sample.net/p/1652,DEFAULT
from_URL__url_col_31,https://cdn1653.test.cn/p/1653,DEFAULT
from_URL__url_col_31,https://api1654.example.com/p/1654,DEFAULT
from_URL__url_col_31,https://shop1655.demo.org/p/1655,DEFAULT
from_URL__url_col_31,https://api1656.test.cn/p/1656,DEFAULT
from_URL__url_col_31,https://www1657.sample.net/p/1657,DEFAULT
from_URL__url_col_31,https://www1658.example.com/p/1658,DEFAULT
from_URL__url_col_31,https://api1659.test.cn/p/1659,DEFAULT
from_URL__url_col_31,https://www1660.test.cn/p/1660,DEFAULT
from_URL__url_col_31,https://cdn1661.sample.net/p/1661,DEFAULT
from_URL__url_col_31,https://shop1662.demo.org/p/1662,DEFAULT
from_URL__url_col_32,https://www1663.demo.org/p/1663,DEFAULT
from_URL__url_col_32,https://api1664.test.cn/p/1664,DEFAULT
from_URL__url_col_32,https://shop1665.example.com/p/1665,DEFAULT
from_URL__url_col_32,https://www1666.demo.org/p/1666,DEFAULT
from_URL__url_col_32,https://api1667.example.com/p/1667,DEFAULT
from_URL__url_col_32,https://news1668.sample.net/p/1668,DEFAULT
from_URL__url_col_32,https://news1669.example.com/p/1669,DEFAULT
from_URL__url_col_32,https://www1670.demo.org/p/1670,DEFAULT
from_URL__url_col_32,https://www1671.demo.org/p/1671,DEFAULT
from_URL__url_col_32,https://shop1672.test.cn/p/1672,DEFAULT
from_URL__url_col_33,https://www1673.example.com/p/1673,DEFAULT
from_URL__url_col_33,https://news1674.sample.net/p/1674,DEFAULT
from_URL__url_col_33,https://api1675.test.cn/p/1675,DEFAULT
from_URL__url_col_33,https://cdn1676.test.cn/p/1676,DEFAULT
from_URL__url_col_33,https://api1677.test.cn/p/1677,DEFAULT
from_URL__url_col_33,https://api1678.demo.org/p/1678,DEFAULT
from_URL__url_col_33,https://www1679.example.com/p/1679,DEFAULT
from_URL__url_col_33,https://shop1680.test.cn/p/1680,DEFAULT
from_URL__url_col_33,https://cdn1681.test.cn/p/1681,DEFAULT
from_URL__url_col_33,https://api1682.test.cn/p/1682,DEFAULT
from_URL__url_col_34,https://www1683.demo.org/p/1683,DEFAULT
from_URL__url_col_34,https://news1684.test.cn/p/1684,DEFAULT
from_URL__url_col_34,https://www1685.example.com/p/1685,DEFAULT
from_URL__url_col_34,https://cdn1686.example.com/p/1686,DEFAULT
from_URL__url_col_34,https://www1687.example.com/p/1687,DEFAULT
from_URL__url_col_34,https://api1688.demo.org/p/1688,DEFAULT
from_URL__url_col_34,https://cdn1689.demo.org/p/1689,DEFAULT
from_URL__url_col_34,https://api1690.test.cn/p/1690,DEFAULT
from_URL__url_col_34,https://cdn1691.example.com/p/1691,DEFAULT
from_URL__url_col_34,https://api1692.test.cn/p/1692,DEFAULT
from_URL__url_col_35,https://api1693.demo.org/p/1693,DEFAULT
from_URL__url_col_35,https://api1694.sample.net/p/1694,DEFAULT
from_URL__url_col_35,https://www1695.test.cn/p/1695,DEFAULT
from_URL__url_col_35,https://api1696.test.cn/p/1696,DEFAULT
from_URL__url_col_35,https://cdn1697.demo.org/p/1697,DEFAULT
from_URL__url_col_35,https://shop1698.sample.net/p/1698,DEFAULT
from_URL__url_col_35,https://shop1699.demo.org/p/1699,DEFAULT
from_URL__url_col_35,https://api1700.test.cn/p/1700,DEFAULT
from_URL__url_col_35,https://shop1701.test.cn/p/1701,DEFAULT
from_URL__url_col_35,https://cdn1702.sample.net/p/1702,DEFAULT
from_URL__url_col_36,https://shop1703.demo.org/p/1703,DEFAULT
from_URL__url_col_36,https://cdn1704.sample.net/p/1704,DEFAULT
from_URL__url_col_36,https://news1705.example.com/p/1705,DEFAULT
from_URL__url_col_36,https://api1706.demo.org/p/1706,DEFAULT
from_URL__url_col_36,https://cdn1707.sample.net/p/1707,DEFAULT
from_URL__url_col_36,https://news1708.test.cn/p/1708,DEFAULT
from_URL__url_col_36,https://shop1709.test.cn/p/1709,DEFAULT
from_URL__url_col_36,https://www1710.demo.org/p/1710,DEFAULT
from_URL__url_col_36,https://api1711.sample.net/p/1711,DEFAULT
from_URL__url_col_36,https://news1712.sample.net/p/1712,DEFAULT
from_URL__url_col_37,https://api1713.demo.org/p/1713,DEFAULT
from_URL__url_col_37,https://cdn1714.demo.org/p/1714,DEFAULT
from_URL__url_col_37,https://api1715.sample.net/p/1715,DEFAULT
from_URL__url_col_37,https://api1716.demo.org/p/1716,DEFAULT
from_URL__url_col_37,https://news1717.example.com/p/1717,DEFAULT
from_URL__url_col_37,https://shop1718.test.cn/p/1718,DEFAULT
from_URL__url_col_37,https://news1719.sample.net/p/1719,DEFAULT
from_URL__url_col_37,https://shop1720.demo.org/p/1720,DEFAULT
from_URL__url_col_37,https://cdn1721.example.com/p/1721,DEFAULT
from_URL__url_col_37,https://shop1722.sample.net/p/1722,DEFAULT
from_URL__url_col_38,https://news1723.test.cn/p/1723,DEFAULT
from_URL__url_col_38,https://shop1724.test.cn/p/1724,DEFAULT
from_URL__url_col_38,https://cdn1725.example.com/p/1725,DEFAULT
from_URL__url_col_38,https://cdn1726.sample.net/p/1726,DEFAULT
from_URL__url_col_38,https://news1727.demo.org/p/1727,DEFAULT
from_URL__url_col_38,https://www1728.demo.org/p/1728,DEFAULT
from_URL__url_col_38,https://news1729.demo.org/p/1729,DEFAULT
from_URL__url_col_38,https://api1730.test.cn/p/1730,DEFAULT
from_URL__url_col_38,https://news1731.demo.org/p/1731,DEFAULT
from_URL__url_col_38,https://api1732.demo.org/p/1732,DEFAULT
from_URL__url_col_39,https://news1733.demo.org/p/1733,DEFAULT
from_URL__url_col_39,https://news1734.sample.net/p/1734,DEFAULT
from_URL__url_col_39,https://shop1735.test.cn/p/1735,DEFAULT
from_URL__url_col_39,https://shop1736.test.cn/p/1736,DEFAULT
from_URL__url_col_39,https://cdn1737.sample.net/p/1737,DEFAULT
from_URL__url_col_39,https://api1738.demo.org/p/1738,DEFAULT
from_URL__url_col_39,https://api1739.test.cn/p/1739,DEFAULT
from_URL__url_col_39,https://shop1740.test.cn/p/1740,DEFAULT
from_URL__url_col_39,https://news1741.sample.net/p/1741,DEFAULT
from_URL__url_col_39,https://cdn1742.test.cn/p/1742,DEFAULT
from_URL__url_col_40,https://shop1743.example.com/p/1743,DEFAULT
from_URL__url_col_40,https://shop1744.sample.net/p/1744,DEFAULT
from_URL__url_col_40,https://www1745.test.cn/p/1745,DEFAULT
from_URL__url_col_40,https://news1746.sample.net/p/1746,DEFAULT
from_URL__url_col_40,https://api1747.test.cn/p/1747,DEFAULT
from_URL__url_col_40,https://shop1748.demo.org/p/1748,DEFAULT
from_URL__url_col_40,https://api1749.demo.org/p/1749,DEFAULT
from_URL__url_col_40,https://news1750.demo.org/p/1750,DEFAULT
from_URL__url_col_40,https://cdn1751.sample.net/p/1751,DEFAULT
from_URL__url_col_40,https://api1752.example.com/p/1752,DEFAULT
from_URL__url_col_41,https://news1753.example.com/p/1753,DEFAULT
from_URL__url_col_41,https://news1754.test.cn/p/1754,DEFAULT
from_URL__url_col_41,https://shop1755.sample.net/p/1755,DEFAULT
from_URL__url_col_41,https://cdn1756.test.cn/p/1756,DEFAULT
from_URL__url_col_41,https://cdn1757.example.com/p/1757,DEFAULT
from_URL__url_col_41,https://news1758.example.com/p/1758,DEFAULT
from_URL__url_col_41,https://shop1759.test.cn/p/1759,DEFAULT
from_URL__url_col_41,https://cdn1760.example.com/p/1760,DEFAULT
from_URL__url_col_41,https://www1761.sample.net/p/1761,DEFAULT
from_URL__url_col_41,https://cdn1762.test.cn/p/1762,DEFAULT
from_URL__url_col_42,https://news1763.example.com/p/1763,DEFAULT
from_URL__url_col_42,https://www1764.test.cn/p/1764,DEFAULT
from_URL__url_col_42,https://www1765.sample.net/p/1765,DEFAULT
from_URL__url_col_42,https://api1766.sample.net/p/1766,DEFAULT
from_URL__url_col_42,https://api1767.sample.net/p/1767,DEFAULT
from_URL__url_col_42,https://www1768.sample.net/p/1768,DEFAULT
from_URL__url_col_42,https://api1769.example.com/p/1769,DEFAULT
from_URL__url_col_42,https://www1770.demo.org/p/1770,DEFAULT
from_URL__url_col_42,https://cdn1771.sample.net/p/1771,DEFAULT
from_URL__url_col_42,https://news1772.example.com/p/1772,DEFAULT
from_URL__url_col_43,https://cdn1773.test.cn/p/1773,DEFAULT
from_URL__url_col_43,https://news1774.demo.org/p/1774,DEFAULT
from_URL__url_col_43,https://cdn1775.test.cn/p/1775,DEFAULT
from_URL__url_col_43,https://www1776.test.cn/p/1776,DEFAULT
from_URL__url_col_43,https://www1777.demo.org/p/1777,DEFAULT
from_URL__url_col_43,https://news1778.test.cn/p/1778,DEFAULT
from_URL__url_col_43,https://cdn1779.demo.org/p/1779,DEFAULT
from_URL__url_col_43,https://news1780.sample.net/p/1780,DEFAULT
from_URL__url_col_43,https://api1781.demo.org/p/1781,DEFAULT
from_URL__url_col_43,https://shop1782.test.cn/p/1782,DEFAULT
from_URL__url_col_44,https://cdn1783.test.cn/p/1783,DEFAULT
from_URL__url_col_44,https://news1784.demo.org/p/1784,DEFAULT
from_URL__url_col_44,https://shop1785.sample.net/p/1785,DEFAULT
from_URL__url_col_44,https://api1786.test.cn/p/1786,DEFAULT
from_URL__url_col_44,https://cdn1787.example.com/p/1787,DEFAULT
from_URL__url_col_44,https://news1788.test.cn/p/1788,DEFAULT
from_URL__url_col_44,https://cdn1789.demo.org/p/1789,DEFAULT
from_URL__url_col_44,https://www1790.test.cn/p/1790,DEFAULT
from_URL__url_col_44,https://news1791.demo.org/p/1791,DEFAULT
from_URL__url_col_44,https://cdn1792.example.com/p/1792,DEFAULT
from_URL__url_col_45,https://www1793.test.cn/p/1793,DEFAULT
from_URL__url_col_45,https://news1794.sample.net/p/1794,DEFAULT
from_URL__url_col_45,https://shop1795.sample.net/p/1795,DEFAULT
from_URL__url_col_45,https://www1796.sample.net/p/1796,DEFAULT
from_URL__url_col_45,https://news1797.example.com/p/1797,DEFAULT
from_URL__url_col_45,https://news1798.test.cn/p/1798,DEFAULT
from_URL__url_col_45,https://api1799.demo.org/p/1799,DEFAULT
from_URL__url_col_45,https://api1800.example.com/p/1800,DEFAULT
from_URL__url_col_45,https://www1801.example.com/p/1801,DEFAULT
from_URL__url_col_45,https://news1802.example.com/p/1802,DEFAULT
from_URL__url_col_46,https://api1803.demo.org/p/1803,DEFAULT
from_URL__url_col_46,https://cdn1804.example.com/p/1804,DEFAULT
from_URL__url_col_46,https://www1805.sample.net/p/1805,DEFAULT
from_URL__url_col_46,https://api1806.demo.org/p/1806,DEFAULT
from_URL__url_col_46,https://cdn1807.example.com/p/1807,DEFAULT
from_URL__url_col_46,https://www1808.test.cn/p/1808,DEFAULT
from_URL__url_col_46,https://api1809.test.cn/p/1809,DEFAULT
from_URL__url_col_46,https://shop1810.demo.org/p/1810,DEFAULT
from_URL__url_col_46,https://api1811.sample.net/p/1811,DEFAULT
from_URL__url_col_46,https://news1812.sample.net/p/1812,DEFAULT
from_URL__url_col_47,https://api1813.demo.org/p/1813,DEFAULT
from_URL__url_col_47,https://cdn1814.example.com/p/1814,DEFAULT
from_URL__url_col_47,https://shop1815.example.com/p/1815,DEFAULT
from_URL__url_col_47,https://cdn1816.demo.org/p/1816,DEFAULT
from_URL__url_col_47,https://www1817.example.com/p/1817,DEFAULT
from_URL__url_col_47,https://www1818.sample.net/p/1818,DEFAULT
from_URL__url_col_47,https://news1819.test.cn/p/1819,DEFAULT
from_URL__url_col_47,https://www1820.example.com/p/1820,DEFAULT
from_URL__url_col_47,https://shop1821.example.com/p/1821,DEFAULT
from_URL__url_col_47,https://www1822.sample.net/p/1822,DEFAULT
from_URL__url_col_48,https://www1823.demo.org/p/1823,DEFAULT
from_URL__url_col_48,https://cdn1824.example.com/p/1824,DEFAULT
from_URL__url_col_48,https://www1825.example.com/p/1825,DEFAULT
from_URL__url_col_48,https://shop1826.test.cn/p/1826,DEFAULT
from_URL__url_col_48,https://www1827.test.cn/p/1827,DEFAULT
from_URL__url_col_48,https://cdn1828.sample.net/p/1828,DEFAULT
from_URL__url_col_48,https://news1829.example.com/p/1829,DEFAULT
from_URL__url_col_48,https://news1830.example.com/p/1830,DEFAULT
from_URL__url_col_48,https://www1831.example.com/p/1831,DEFAULT
from_URL__url_col_48,https://api1832.demo.org/p/1832,DEFAULT
from_URL__url_col_49,https://api1833.example.com/p/1833,DEFAULT
from_URL__url_col_49,https://api1834.demo.org/p/1834,DEFAULT
from_URL__url_col_49,https://cdn1835.demo.org/p/1835,DEFAULT
from_URL__url_col_49,https://shop1836.demo.org/p/1836,DEFAULT
from_URL__url_col_49,https://api1837.example.com/p/1837,DEFAULT
from_URL__url_col_49,https://api1838.demo.org/p/1838,DEFAULT
from_URL__url_col_49,https://api1839.example.com/p/1839,DEFAULT
from_URL__url_col_49,https://news1840.example.com/p/1840,DEFAULT
from_URL__url_col_49,https://news1841.example.com/p/1841,DEFAULT
from_URL__url_col_49,https://news1842.example.com/p/1842,DEFAULT
from_URL__url_col_50,https://api1843.sample.net/p/1843,DEFAULT
from_URL__url_col_50,https://www1844.example.com/p/1844,DEFAULT
from_URL__url_col_50,https://shop1845.sample.net/p/1845,DEFAULT
from_URL__url_col_50,https://www1846.example.com/p/1846,DEFAULT
from_URL__url_col_50,https://news1847.example.com/p/1847,DEFAULT
from_URL__url_col_50,https://api1848.test.cn/p/1848,DEFAULT
from_URL__url_col_50,https://www1849.demo.org/p/1849,DEFAULT
from_URL__url_col_50,https://www1850.test.cn/p/1850,DEFAULT
from_URL__url_col_50,https://shop1851.sample.net/p/1851,DEFAULT
from_URL__url_col_50,https://www1852.test.cn/p/1852,DEFAULT
from_URL__url_col_51,https://cdn1853.example.com/p/1853,DEFAULT
from_URL__url_col_51,https://shop1854.example.com/p/1854,DEFAULT
from_URL__url_col_51,https://www1855.test.cn/p/1855,DEFAULT
from_URL__url_col_51,https://cdn1856.sample.net/p/1856,DEFAULT
from_URL__url_col_51,https://shop1857.demo.org/p/1857,DEFAULT
from_URL__url_col_51,https://api1858.sample.net/p/1858,DEFAULT
from_URL__url_col_51,https://www1859.test.cn/p/1859,DEFAULT
from_URL__url_col_51,https://news1860.sample.net/p/1860,DEFAULT
from_URL__url_col_51,https://cdn1861.demo.org/p/1861,DEFAULT
from_URL__url_col_51,https://news1862.sample.net/p/1862,DEFAULT
from_URL__url_col_52,https://shop1863.sample.net/p/1863,DEFAULT
from_URL__url_col_52,https://api1864.example.com/p/1864,DEFAULT
from_URL__url_col_52,https://api1865.example.com/p/1865,DEFAULT
from_URL__url_col_52,https://www1866.sample.net/p/1866,DEFAULT
from_URL__url_col_52,https://shop1867.example.com/p/1867,DEFAULT
from_URL__url_col_52,https://news1868.example.com/p/1868,DEFAULT
from_URL__url_col_52,https://cdn1869.demo.org/p/1869,DEFAULT
from_URL__url_col_52,https://api1870.test.cn/p/1870,DEFAULT
from_URL__url_col_52,https://api1871.example.com/p/1871,DEFAULT
from_URL__url_col_52,https://shop1872.demo.org/p/1872,DEFAULT
from_URL__url_col_53,https://www1873.example.com/p/1873,DEFAULT
from_URL__url_col_53,https://api1874.example.com/p/1874,DEFAULT
from_URL__url_col_53,https://shop1875.test.cn/p/1875,DEFAULT
from_URL__url_col_53,https://shop1876.example.com/p/1876,DEFAULT
from_URL__url_col_53,https://news1877.sample.net/p/1877,DEFAULT
from_URL__url_col_53,https://api1878.sample.net/p/1878,DEFAULT
from_URL__url_col_53,https://www1879.sample.net/p/1879,DEFAULT
from_URL__url_col_53,https://cdn1880.demo.org/p/1880,DEFAULT
from_URL__url_col_53,https://shop1881.demo.org/p/1881,DEFAULT
from_URL__url_col_53,https://api1882.demo.org/p/1882,DEFAULT
from_URL__url_col_54,https://api1883.sample.net/p/1883,DEFAULT
from_URL__url_col_54,https://shop1884.example.com/p/1884,DEFAULT
from_URL__url_col_54,https://www1885.test.cn/p/1885,DEFAULT
from_URL__url_col_54,https://shop1886.demo.org/p/1886,DEFAULT
from_URL__url_col_54,https://news1887.example.com/p/1887,DEFAULT
from_URL__url_col_54,https://news1888.demo.org/p/1888,DEFAULT
from_URL__url_col_54,https://cdn1889.demo.org/p/1889,DEFAULT
from_URL__url_col_54,https://news1890.sample.net/p/1890,DEFAULT
from_URL__url_col_54,https://cdn1891.demo.org/p/1891,DEFAULT
from_URL__url_col_54,https://cdn1892.test.cn/p/1892,DEFAULT
from_URL__url_col_55,https://www1893.example.com/p/1893,DEFAULT
from_URL__url_col_55,https://shop1894.example.com/p/1894,DEFAULT
from_URL__url_col_55,https://cdn1895.demo.org/p/1895,DEFAULT
from_URL__url_col_55,https://news1896.sample.net/p/1896,DEFAULT
from_URL__url_col_55,https://shop1897.sample.net/p/1897,DEFAULT
from_URL__url_col_55,https://api1898.demo.org/p/1898,DEFAULT
from_URL__url_col_55,https://shop1899.demo.org/p/1899,DEFAULT
from_URL__url_col_55,https://api1900.test.cn/p/1900,DEFAULT
from_URL__url_col_55,https://news1901.example.com/p/1901,DEFAULT
from_URL__url_col_55,https://news1902.test.cn/p/1902,DEFAULT
from_URL__url_col_56,https://news1903.sample.net/p/1903,DEFAULT
from_URL__url_col_56,https://api1904.demo.org/p/1904,DEFAULT
from_URL__url_col_56,https://news1905.demo.org/p/1905,DEFAULT
from_URL__url_col_56,https://www1906.demo.org/p/1906,DEFAULT
from_URL__url_col_56,https://news1907.example.com/p/1907,DEFAULT
from_URL__url_col_56,https://news1908.example.com/p/1908,DEFAULT
from_URL__url_col_56,https://www1909.example.com/p/1909,DEFAULT
from_URL__url_col_56,https://shop1910.demo.org/p/1910,DEFAULT
from_URL__url_col_56,https://www1911.test.cn/p/1911,DEFAULT
from_URL__url_col_56,https://www1912.sample.net/p/1912,DEFAULT
from_URL__url_col_57,https://cdn1913.sample.net/p/1913,DEFAULT
from_URL__url_col_57,https://api1914.demo.org/p/1914,DEFAULT
from_URL__url_col_57,https://www1915.sample.net/p/1915,DEFAULT
from_URL__url_col_57,https://www1916.example.com/p/1916,DEFAULT
from_URL__url_col_57,https://www1917.sample.net/p/1917,DEFAULT
from_URL__url_col_57,https://news1918.example.com/p/1918,DEFAULT
from_URL__url_col_57,https://shop1919.example.com/p/1919,DEFAULT
from_URL__url_col_57,https://news1920.test.cn/p/1920,DEFAULT
from_URL__url_col_57,https://cdn1921.test.cn/p/1921,DEFAULT
from_URL__url_col_57,https://www1922.sample.net/p/1922,DEFAULT
from_URL__url_col_58,https://news1923.test.cn/p/1923,DEFAULT
from_URL__url_col_58,https://api1924.example.com/p/1924,DEFAULT
from_URL__url_col_58,https://www1925.demo.org/p/1925,DEFAULT
from_URL__url_col_58,https://api1926.test.cn/p/1926,DEFAULT
from_URL__url_col_58,https://api1927.test.cn/p/1927,DEFAULT
from_URL__url_col_58,https://cdn1928.test.cn/p/1928,DEFAULT
from_URL__url_col_58,https://api1929.test.cn/p/1929,DEFAULT
from_URL__url_col_58,https://cdn1930.test.cn/p/1930,DEFAULT
from_URL__url_col_58,https://shop1931.example.com/p/1931,DEFAULT
from_URL__url_col_58,https://cdn1932.demo.org/p/1932,DEFAULT
from_URL__url_col_59,https://news1933.demo.org/p/1933,DEFAULT
from_URL__url_col_59,https://api1934.test.cn/p/1934,DEFAULT
from_URL__url_col_59,https://shop1935.demo.org/p/1935,DEFAULT
from_URL__url_col_59,https://www1936.example.com/p/1936,DEFAULT
from_URL__url_col_59,https://shop1937.example.com/p/1937,DEFAULT
from_URL__url_col_59,https://www1938.demo.org/p/1938,DEFAULT
from_URL__url_col_59,https://news1939.example.com/p/1939,DEFAULT
from_URL__url_col_59,https://api1940.demo.org/p/1940,DEFAULT
from_URL__url_col_59,https://www1941.example.com/p/1941,DEFAULT
from_URL__url_col_59,https://api1942.demo.org/p/1942,DEFAULT
from_URL__url_col_60,https://www1943.demo.org/p/1943,DEFAULT
from_URL__url_col_60,https://api1944.demo.org/p/1944,DEFAULT
from_URL__url_col_60,https://news1945.test.cn/p/1945,DEFAULT
from_URL__url_col_60,https://api1946.test.cn/p/1946,DEFAULT
from_URL__url_col_60,https://www1947.sample.net/p/1947,DEFAULT
from_URL__url_col_60,https://shop1948.example.com/p/1948,DEFAULT
from_URL__url_col_60,https://shop1949.sample.net/p/1949,DEFAULT
from_URL__url_col_60,https://cdn1950.example.com/p/1950,DEFAULT
from_URL__url_col_60,https://cdn1951.sample.net/p/1951,DEFAULT
from_URL__url_col_60,https://cdn1952.test.cn/p/1952,DEFAULT
from_URL__url_col_61,https://www1953.test.cn/p/1953,DEFAULT
from_URL__url_col_61,https://cdn1954.example.com/p/1954,DEFAULT
from_URL__url_col_61,https://www1955.example.com/p/1955,DEFAULT
from_URL__url_col_61,https://shop1956.example.com/p/1956,DEFAULT
from_URL__url_col_61,https://cdn1957.demo.org/p/1957,DEFAULT
from_URL__url_col_61,https://shop1958.test.cn/p/1958,DEFAULT
from_URL__url_col_61,https://shop1959.example.com/p/1959,DEFAULT
from_URL__url_col_61,https://cdn1960.demo.org/p/1960,DEFAULT
from_URL__url_col_61,https://api1961.example.com/p/1961,DEFAULT
from_URL__url_col_61,https://shop1962.demo.org/p/1962,DEFAULT
from_URL__url_col_62,https://news1963.sample.net/p/1963,DEFAULT
from_URL__url_col_62,https://news1964.demo.org/p/1964,DEFAULT
from_URL__url_col_62,https://api1965.example.com/p/1965,DEFAULT
from_URL__url_col_62,https://api1966.example.com/p/1966,DEFAULT
from_URL__url_col_62,https://cdn1967.test.cn/p/1967,DEFAULT
from_URL__url_col_62,https://www1968.sample.net/p/1968,DEFAULT
from_URL__url_col_62,https://api1969.demo.org/p/1969,DEFAULT
from_URL__url_col_62,https://news1970.example.com/p/1970,DEFAULT
from_URL__url_col_62,https://api1971.sample.net/p/1971,DEFAULT
from_URL__url_col_62,https://cdn1972.example.com/p/1972,DEFAULT
from_URL__url_col_63,https://api1973.example.com/p/1973,DEFAULT
from_URL__url_col_63,https://api1974.sample.net/p/1974,DEFAULT
from_URL__url_col_63,https://shop1975.test.cn/p/1975,DEFAULT
from_URL__url_col_63,https://news1976.example.com/p/1976,DEFAULT
from_URL__url_col_63,https://shop1977.demo.org/p/1977,DEFAULT
from_URL__url_col_63,https://cdn1978.demo.org/p/1978,DEFAULT
from_URL__url_col_63,https://shop1979.sample.net/p/1979,DEFAULT
from_URL__url_col_63,https://shop1980.demo.org/p/1980,DEFAULT
from_URL__url_col_63,https://www1981.demo.org/p/1981,DEFAULT
from_URL__url_col_63,https://api1982.example.com/p/1982,DEFAULT
from_URL__url_col_64,https://news1983.sample.net/p/1983,DEFAULT
from_URL__url_col_64,https://cdn1984.example.com/p/1984,DEFAULT
from_URL__url_col_64,https://shop1985.demo.org/p/1985,DEFAULT
from_URL__url_col_64,https://api1986.sample.net/p/1986,DEFAULT
from_URL__url_col_64,https://www1987.sample.net/p/1987,DEFAULT
from_URL__url_col_64,https://www1988.example.com/p/1988,DEFAULT
from_URL__url_col_64,https://news1989.demo.org/p/1989,DEFAULT
from_URL__url_col_64,https://news1990.sample.net/p/1990,DEFAULT
from_URL__url_col_64,https://api1991.test.cn/p/1991,DEFAULT
from_URL__url_col_64,https://news1992.demo.org/p/1992,DEFAULT
from_URL__url_col_65,https://shop1993.sample.net/p/1993,DEFAULT
from_URL__url_col_65,https://www1994.example.com/p/1994,DEFAULT
from_URL__url_col_65,https://news1995.demo.org/p/1995,DEFAULT
from_URL__url_col_65,https://api1996.sample.net/p/1996,DEFAULT
from_URL__url_col_65,https://news1997.example.com/p/1997,DEFAULT
from_URL__url_col_65,https://api1998.sample.net/p/1998,DEFAULT
from_URL__url_col_65,https://cdn1999.example.com/p/1999,DEFAULT
from_URL__url_col_65,https://shop2000.example.com/p/2000,DEFAULT
from_URL__url_col_65,https://api2001.demo.org/p/2001,DEFAULT
from_URL__url_col_65,https://api2002.example.com/p/2002,DEFAULT
from_URL__url_col_66,https://cdn2003.demo.org/p/2003,DEFAULT
from_URL__url_col_66,https://api2004.sample.net/p/2004,DEFAULT
from_URL__url_col_66,https://news2005.test.cn/p/2005,DEFAULT
from_URL__url_col_66,https://cdn2006.sample.net/p/2006,DEFAULT
from_URL__url_col_66,https://shop2007.demo.org/p/2007,DEFAULT
from_URL__url_col_66,https://shop2008.sample.net/p/2008,DEFAULT
from_URL__url_col_66,https://news2009.test.cn/p/2009,DEFAULT
from_URL__url_col_66,https://shop2010.example.com/p/2010,DEFAULT
from_URL__url_col_66,https://cdn2011.demo.org/p/2011,DEFAULT
from_URL__url_col_66,https://api2012.test.cn/p/2012,DEFAULT
from_URL__url_col_67,https://api2013.demo.org/p/2013,DEFAULT
from_URL__url_col_67,https://api2014.test.cn/p/2014,DEFAULT
from_URL__url_col_67,https://shop2015.example.com/p/2015,DEFAULT
from_URL__url_col_67,https://www2016.demo.org/p/2016,DEFAULT
from_URL__url_col_67,https://www2017.sample.net/p/2017,DEFAULT
from_URL__url_col_67,https://api2018.demo.org/p/2018,DEFAULT
from_URL__url_col_67,https://www2019.demo.org/p/2019,DEFAULT
from_URL__url_col_67,https://shop2020.test.cn/p/2020,DEFAULT
from_URL__url_col_67,https://news2021.example.com/p/2021,DEFAULT
from_URL__url_col_67,https://shop2022.demo.org/p/2022,DEFAULT
from_URL__url_col_68,https://shop2023.sample.net/p/2023,DEFAULT
from_URL__url_col_68,https://shop2024.example.com/p/2024,DEFAULT
from_URL__url_col_68,https://news2025.test.cn/p/2025,DEFAULT
from_URL__url_col_68,https://news2026.sample.net/p/2026,DEFAULT
from_URL__url_col_68,https://www2027.test.cn/p/2027,DEFAULT
